date,country,model,actual,prediction,train_start,train_end,error,absolute_error,squared_error
2010-02-28,AU,RW,5.298203,5.266158,2005-02-28,2010-01-31,0.0320450000000001,0.0320450000000001,0.0010268820250000064
2010-02-28,CA,RW,8.4,8.4,2005-02-28,2010-01-31,0.0,0.0,0.0
2010-02-28,DE,RW,7.0,7.1,2005-02-28,2010-01-31,-0.09999999999999964,0.09999999999999964,0.009999999999999929
2010-02-28,FR,RW,9.4,9.5,2005-02-28,2010-01-31,-0.09999999999999964,0.09999999999999964,0.009999999999999929
2010-02-28,GB,RW,8.0,7.9,2005-02-28,2010-01-31,0.09999999999999964,0.09999999999999964,0.009999999999999929
2010-02-28,IT,RW,8.6,8.5,2005-02-28,2010-01-31,0.09999999999999964,0.09999999999999964,0.009999999999999929
2010-02-28,JP,RW,5.0,5.0,2005-02-28,2010-01-31,0.0,0.0,0.0
2010-02-28,KR,RW,4.0,4.7,2005-02-28,2010-01-31,-0.7000000000000002,0.7000000000000002,0.49000000000000027
2010-02-28,US,RW,9.8,9.8,2005-02-28,2010-01-31,0.0,0.0,0.0
2010-02-28,AU,AR(1),5.298203,5.274089199249415,2005-02-28,2010-01-31,0.02411380075058478,0.02411380075058478,0.0005814753866389031
2010-02-28,CA,AR(1),8.4,8.439850140848801,2005-02-28,2010-01-31,-0.039850140848800564,0.039850140848800564,0.0015880337256692432
2010-02-28,DE,AR(1),7.0,7.017647820457485,2005-02-28,2010-01-31,-0.017647820457485253,0.017647820457485253,0.00031144556689963497
2010-02-28,FR,AR(1),9.4,9.5259380910414,2005-02-28,2010-01-31,-0.12593809104139986,0.12593809104139986,0.015860402775151917
2010-02-28,GB,AR(1),8.0,7.975778716841362,2005-02-28,2010-01-31,0.024221283158637696,0.024221283158637696,0.0005866705578509061
2010-02-28,IT,AR(1),8.6,8.524657839542044,2005-02-28,2010-01-31,0.07534216045795539,0.07534216045795539,0.005676441142472296
2010-02-28,JP,AR(1),5.0,5.014128067744804,2005-02-28,2010-01-31,-0.014128067744803907,0.014128067744803907,0.00019960229820176857
2010-02-28,KR,AR(1),4.0,4.729752404926366,2005-02-28,2010-01-31,-0.7297524049263657,0.7297524049263657,0.5325385724958145
2010-02-28,US,AR(1),9.8,9.914671123971047,2005-02-28,2010-01-31,-0.11467112397104628,0.11467112397104628,0.013149466672783066
2010-03-31,AU,RW,5.422618,5.298203,2005-03-31,2010-02-28,0.12441499999999994,0.12441499999999994,0.015479092224999986
2010-03-31,CA,RW,8.3,8.4,2005-03-31,2010-02-28,-0.09999999999999964,0.09999999999999964,0.009999999999999929
2010-03-31,DE,RW,6.9,7.0,2005-03-31,2010-02-28,-0.09999999999999964,0.09999999999999964,0.009999999999999929
2010-03-31,FR,RW,9.3,9.4,2005-03-31,2010-02-28,-0.09999999999999964,0.09999999999999964,0.009999999999999929
2010-03-31,GB,RW,8.0,8.0,2005-03-31,2010-02-28,0.0,0.0,0.0
2010-03-31,IT,RW,8.5,8.6,2005-03-31,2010-02-28,-0.09999999999999964,0.09999999999999964,0.009999999999999929
2010-03-31,JP,RW,5.1,5.0,2005-03-31,2010-02-28,0.09999999999999964,0.09999999999999964,0.009999999999999929
2010-03-31,KR,RW,3.6,4.0,2005-03-31,2010-02-28,-0.3999999999999999,0.3999999999999999,0.15999999999999992
2010-03-31,US,RW,9.9,9.8,2005-03-31,2010-02-28,0.09999999999999964,0.09999999999999964,0.009999999999999929
2010-03-31,AU,AR(1),5.422618,5.305653117248662,2005-03-31,2010-02-28,0.1169648827513381,0.1169648827513381,0.013680783797034269
2010-03-31,CA,AR(1),8.3,8.435416871845804,2005-03-31,2010-02-28,-0.13541687184580375,0.13541687184580375,0.01833772918050284
2010-03-31,DE,AR(1),6.9,6.920767987506327,2005-03-31,2010-02-28,-0.02076798750632669,0.02076798750632669,0.0004313093050629415
2010-03-31,FR,AR(1),9.3,9.42056001854284,2005-03-31,2010-02-28,-0.12056001854283949,0.12056001854283949,0.0145347180710498
2010-03-31,GB,AR(1),8.0,8.071927370761005,2005-03-31,2010-02-28,-0.07192737076100464,0.07192737076100464,0.005173546664591025
2010-03-31,IT,AR(1),8.5,8.623307489328466,2005-03-31,2010-02-28,-0.12330748932846625,0.12330748932846625,0.015204736924489818
2010-03-31,JP,AR(1),5.1,5.012174572691209,2005-03-31,2010-02-28,0.08782542730879062,0.08782542730879062,0.007713305681971664
2010-03-31,KR,AR(1),3.6,4.009127674254799,2005-03-31,2010-02-28,-0.4091276742547989,0.4091276742547989,0.16738545384114084
2010-03-31,US,AR(1),9.9,9.903385926961331,2005-03-31,2010-02-28,-0.0033859269613305543,0.0033859269613305543,1.146450138746516e-05
2010-04-30,AU,RW,5.498934,5.422618,2005-04-30,2010-03-31,0.07631600000000027,0.07631600000000027,0.0058241318560000414
2010-04-30,CA,RW,8.2,8.3,2005-04-30,2010-03-31,-0.10000000000000142,0.10000000000000142,0.010000000000000285
2010-04-30,DE,RW,6.8,6.9,2005-04-30,2010-03-31,-0.10000000000000053,0.10000000000000053,0.010000000000000106
2010-04-30,FR,RW,9.3,9.3,2005-04-30,2010-03-31,0.0,0.0,0.0
2010-04-30,GB,RW,7.9,8.0,2005-04-30,2010-03-31,-0.09999999999999964,0.09999999999999964,0.009999999999999929
2010-04-30,IT,RW,8.8,8.5,2005-04-30,2010-03-31,0.3000000000000007,0.3000000000000007,0.09000000000000043
2010-04-30,JP,RW,5.1,5.1,2005-04-30,2010-03-31,0.0,0.0,0.0
2010-04-30,KR,RW,3.6,3.6,2005-04-30,2010-03-31,0.0,0.0,0.0
2010-04-30,US,RW,9.9,9.9,2005-04-30,2010-03-31,0.0,0.0,0.0
2010-04-30,AU,AR(1),5.498934,5.4306914359548735,2005-04-30,2010-03-31,0.06824256404512674,0.06824256404512674,0.004657047547453225
2010-04-30,CA,AR(1),8.2,8.331953551846613,2005-04-30,2010-03-31,-0.13195355184661395,0.13195355184661395,0.017411739844937036
2010-04-30,DE,AR(1),6.8,6.822088692321871,2005-04-30,2010-03-31,-0.02208869232187105,0.02208869232187105,0.0004879103284902851
2010-04-30,FR,AR(1),9.3,9.31658241188443,2005-04-30,2010-03-31,-0.01658241188442844,0.01658241188442844,0.0002749763839048335
2010-04-30,GB,AR(1),7.9,8.067789012712321,2005-04-30,2010-03-31,-0.16778901271232094,0.16778901271232094,0.0281531527869754
2010-04-30,IT,AR(1),8.8,8.518347682330774,2005-04-30,2010-03-31,0.28165231766922716,0.28165231766922716,0.07932802804844725
2010-04-30,JP,AR(1),5.1,5.1148349937562765,2005-04-30,2010-03-31,-0.014834993756276837,0.014834993756276837,0.00022007703974877274
2010-04-30,KR,AR(1),3.6,3.5990802843520475,2005-04-30,2010-03-31,0.0009197156479525681,0.0009197156479525681,8.458768730888122e-07
2010-04-30,US,AR(1),9.9,10.001791632894058,2005-04-30,2010-03-31,-0.10179163289405757,0.10179163289405757,0.010361536527238584
2010-05-31,AU,RW,5.229763,5.498934,2005-05-31,2010-04-30,-0.26917100000000005,0.26917100000000005,0.07245302724100003
2010-05-31,CA,RW,8.2,8.2,2005-05-31,2010-04-30,0.0,0.0,0.0
2010-05-31,DE,RW,6.7,6.8,2005-05-31,2010-04-30,-0.09999999999999964,0.09999999999999964,0.009999999999999929
2010-05-31,FR,RW,9.3,9.3,2005-05-31,2010-04-30,0.0,0.0,0.0
2010-05-31,GB,RW,7.9,7.9,2005-05-31,2010-04-30,0.0,0.0,0.0
2010-05-31,IT,RW,8.7,8.8,2005-05-31,2010-04-30,-0.10000000000000142,0.10000000000000142,0.010000000000000285
2010-05-31,JP,RW,5.1,5.1,2005-05-31,2010-04-30,0.0,0.0,0.0
2010-05-31,KR,RW,3.3,3.6,2005-05-31,2010-04-30,-0.30000000000000027,0.30000000000000027,0.09000000000000016
2010-05-31,US,RW,9.6,9.9,2005-05-31,2010-04-30,-0.3000000000000007,0.3000000000000007,0.09000000000000043
2010-05-31,AU,AR(1),5.229763,5.5079552500741595,2005-05-31,2010-04-30,-0.2781922500741594,0.2781922500741594,0.07739092800132363
2010-05-31,CA,AR(1),8.2,8.230161109600822,2005-05-31,2010-04-30,-0.0301611096008223,0.0301611096008223,0.0009096925323528151
2010-05-31,DE,AR(1),6.7,6.719163207323931,2005-05-31,2010-04-30,-0.019163207323931175,0.019163207323931175,0.00036722851493996945
2010-05-31,FR,AR(1),9.3,9.313176067446658,2005-05-31,2010-04-30,-0.013176067446657669,0.013176067446657669,0.00017360875335887193
2010-05-31,GB,AR(1),7.9,7.959434798296622,2005-05-31,2010-04-30,-0.05943479829662124,0.05943479829662124,0.0035324952485600507
2010-05-31,IT,AR(1),8.7,8.82162342398772,2005-05-31,2010-04-30,-0.12162342398772097,0.12162342398772097,0.01479225726249694
2010-05-31,JP,AR(1),5.1,5.113129749796397,2005-05-31,2010-04-30,-0.013129749796397583,0.013129749796397583,0.00017239032971600238
2010-05-31,KR,AR(1),3.3,3.5988295938718764,2005-05-31,2010-04-30,-0.2988295938718766,0.2988295938718766,0.0892991261736307
2010-05-31,US,AR(1),9.6,9.993399803283424,2005-05-31,2010-04-30,-0.3933998032834243,0.3933998032834243,0.15476340522343693
2010-06-30,AU,RW,5.144123,5.229763,2005-06-30,2010-05-31,-0.0856400000000006,0.0856400000000006,0.007334209600000104
2010-06-30,CA,RW,8.0,8.2,2005-06-30,2010-05-31,-0.1999999999999993,0.1999999999999993,0.039999999999999716
2010-06-30,DE,RW,6.6,6.7,2005-06-30,2010-05-31,-0.10000000000000053,0.10000000000000053,0.010000000000000106
2010-06-30,FR,RW,9.2,9.3,2005-06-30,2010-05-31,-0.10000000000000142,0.10000000000000142,0.010000000000000285
2010-06-30,GB,RW,7.8,7.9,2005-06-30,2010-05-31,-0.10000000000000053,0.10000000000000053,0.010000000000000106
2010-06-30,IT,RW,8.6,8.7,2005-06-30,2010-05-31,-0.09999999999999964,0.09999999999999964,0.009999999999999929
2010-06-30,JP,RW,5.2,5.1,2005-06-30,2010-05-31,0.10000000000000053,0.10000000000000053,0.010000000000000106
2010-06-30,KR,RW,3.5,3.3,2005-06-30,2010-05-31,0.20000000000000018,0.20000000000000018,0.04000000000000007
2010-06-30,US,RW,9.4,9.6,2005-06-30,2010-05-31,-0.1999999999999993,0.1999999999999993,0.039999999999999716
2010-06-30,AU,AR(1),5.144123,5.232084736768973,2005-06-30,2010-05-31,-0.08796173676897379,0.08796173676897379,0.007737267135414235
2010-06-30,CA,AR(1),8.0,8.22046485089232,2005-06-30,2010-05-31,-0.22046485089231993,0.22046485089231993,0.04860475047897286
2010-06-30,DE,AR(1),6.6,6.624301204540961,2005-06-30,2010-05-31,-0.024301204540961407,0.024301204540961407,0.0005905485421416433
2010-06-30,FR,AR(1),9.2,9.308621358592108,2005-06-30,2010-05-31,-0.10862135859210831,0.10862135859210831,0.011798599542395382
2010-06-30,GB,AR(1),7.8,7.952361208588135,2005-06-30,2010-05-31,-0.15236120858813518,0.15236120858813518,0.023213937882437235
2010-06-30,IT,AR(1),8.6,8.717232994812605,2005-06-30,2010-05-31,-0.11723299481260518,0.11723299481260518,0.013743575072732314
2010-06-30,JP,AR(1),5.2,5.1102837717211935,2005-06-30,2010-05-31,0.08971622827880665,0.08971622827880665,0.008049001616574947
2010-06-30,KR,AR(1),3.5,3.293270137917907,2005-06-30,2010-05-31,0.20672986208209299,0.20672986208209299,0.042737235876481185
2010-06-30,US,AR(1),9.4,9.676245678861772,2005-06-30,2010-05-31,-0.27624567886177154,0.27624567886177154,0.07631167508980101
2010-07-31,AU,RW,5.28825,5.144123,2005-07-31,2010-06-30,0.14412700000000012,0.14412700000000012,0.020772592129000032
2010-07-31,CA,RW,8.2,8.0,2005-07-31,2010-06-30,0.1999999999999993,0.1999999999999993,0.039999999999999716
2010-07-31,DE,RW,6.5,6.6,2005-07-31,2010-06-30,-0.09999999999999964,0.09999999999999964,0.009999999999999929
2010-07-31,FR,RW,9.2,9.2,2005-07-31,2010-06-30,0.0,0.0,0.0
2010-07-31,GB,RW,7.8,7.8,2005-07-31,2010-06-30,0.0,0.0,0.0
2010-07-31,IT,RW,8.5,8.6,2005-07-31,2010-06-30,-0.09999999999999964,0.09999999999999964,0.009999999999999929
2010-07-31,JP,RW,5.0,5.2,2005-07-31,2010-06-30,-0.20000000000000018,0.20000000000000018,0.04000000000000007
2010-07-31,KR,RW,3.8,3.5,2005-07-31,2010-06-30,0.2999999999999998,0.2999999999999998,0.0899999999999999
2010-07-31,US,RW,9.4,9.4,2005-07-31,2010-06-30,0.0,0.0,0.0
2010-07-31,AU,AR(1),5.28825,5.146245922773644,2005-07-31,2010-06-30,0.142004077226356,0.142004077226356,0.020165157948908878
2010-07-31,CA,AR(1),8.2,8.01641035592267,2005-07-31,2010-06-30,0.1835896440773297,0.1835896440773297,0.033705157412440595
2010-07-31,DE,AR(1),6.5,6.529939866271868,2005-07-31,2010-06-30,-0.029939866271868176,0.029939866271868176,0.0008963955923773496
2010-07-31,FR,AR(1),9.2,9.202680624916859,2005-07-31,2010-06-30,-0.0026806249168593865,0.0026806249168593865,7.185749944887393e-06
2010-07-31,GB,AR(1),7.8,7.845700939068952,2005-07-31,2010-06-30,-0.04570093906895245,0.04570093906895245,0.0020885758317841043
2010-07-31,IT,AR(1),8.5,8.606778399376525,2005-07-31,2010-06-30,-0.106778399376525,0.106778399376525,0.011401626573412675
2010-07-31,JP,AR(1),5.0,5.212045490419764,2005-07-31,2010-06-30,-0.21204549041976417,0.21204549041976417,0.0449632900073583
2010-07-31,KR,AR(1),3.8,3.4948865831255196,2005-07-31,2010-06-30,0.30511341687448024,0.30511341687448024,0.09309419715682037
2010-07-31,US,AR(1),9.4,9.462643792913475,2005-07-31,2010-06-30,-0.06264379291347488,0.06264379291347488,0.003924244790586326
2010-08-31,AU,RW,5.032184,5.28825,2005-08-31,2010-07-31,-0.2560659999999997,0.2560659999999997,0.06556979635599984
2010-08-31,CA,RW,8.2,8.2,2005-08-31,2010-07-31,0.0,0.0,0.0
2010-08-31,DE,RW,6.4,6.5,2005-08-31,2010-07-31,-0.09999999999999964,0.09999999999999964,0.009999999999999929
2010-08-31,FR,RW,9.2,9.2,2005-08-31,2010-07-31,0.0,0.0,0.0
2010-08-31,GB,RW,7.8,7.8,2005-08-31,2010-07-31,0.0,0.0,0.0
2010-08-31,IT,RW,8.5,8.5,2005-08-31,2010-07-31,0.0,0.0,0.0
2010-08-31,JP,RW,5.1,5.0,2005-08-31,2010-07-31,0.09999999999999964,0.09999999999999964,0.009999999999999929
2010-08-31,KR,RW,3.5,3.8,2005-08-31,2010-07-31,-0.2999999999999998,0.2999999999999998,0.0899999999999999
2010-08-31,US,RW,9.5,9.4,2005-08-31,2010-07-31,0.09999999999999964,0.09999999999999964,0.009999999999999929
2010-08-31,AU,AR(1),5.032184,5.291519784146056,2005-08-31,2010-07-31,-0.25933578414605574,0.25933578414605574,0.06725504893864961
2010-08-31,CA,AR(1),8.2,8.219721977172174,2005-08-31,2010-07-31,-0.01972197717217483,0.01972197717217483,0.00038895638357978516
2010-08-31,DE,AR(1),6.4,6.43006449246155,2005-08-31,2010-07-31,-0.030064492461550074,0.030064492461550074,0.0009038737069706012
2010-08-31,FR,AR(1),9.2,9.202108127843324,2005-08-31,2010-07-31,-0.002108127843325036,0.002108127843325036,4.444203003802268e-06
2010-08-31,GB,AR(1),7.8,7.844394249248029,2005-08-31,2010-07-31,-0.04439424924802893,0.04439424924802893,0.001970849366296117
2010-08-31,IT,AR(1),8.5,8.507670677262993,2005-08-31,2010-07-31,-0.007670677262993308,0.007670677262993308,5.8839289673002514e-05
2010-08-31,JP,AR(1),5.1,5.007207847572863,2005-08-31,2010-07-31,0.0927921524271369,0.0927921524271369,0.008610383552061007
2010-08-31,KR,AR(1),3.5,3.800220730588327,2005-08-31,2010-07-31,-0.3002207305883271,0.3002207305883271,0.09013248707498889
2010-08-31,US,AR(1),9.5,9.460220188898749,2005-08-31,2010-07-31,0.03977981110125128,0.03977981110125128,0.001582433371251235
2010-09-30,AU,RW,5.054316,5.032184,2005-09-30,2010-08-31,0.02213200000000004,0.02213200000000004,0.0004898254240000018
2010-09-30,CA,RW,8.2,8.2,2005-09-30,2010-08-31,0.0,0.0,0.0
2010-09-30,DE,RW,6.4,6.4,2005-09-30,2010-08-31,0.0,0.0,0.0
2010-09-30,FR,RW,9.2,9.2,2005-09-30,2010-08-31,0.0,0.0,0.0
2010-09-30,GB,RW,7.9,7.8,2005-09-30,2010-08-31,0.10000000000000053,0.10000000000000053,0.010000000000000106
2010-09-30,IT,RW,8.3,8.5,2005-09-30,2010-08-31,-0.1999999999999993,0.1999999999999993,0.039999999999999716
2010-09-30,JP,RW,5.1,5.1,2005-09-30,2010-08-31,0.0,0.0,0.0
2010-09-30,KR,RW,3.7,3.5,2005-09-30,2010-08-31,0.20000000000000018,0.20000000000000018,0.04000000000000007
2010-09-30,US,RW,9.5,9.5,2005-09-30,2010-08-31,0.0,0.0,0.0
2010-09-30,AU,AR(1),5.054316,5.033263368103819,2005-09-30,2010-08-31,0.021052631896180785,0.021052631896180785,0.00044321330975608854
2010-09-30,CA,AR(1),8.2,8.218544088453985,2005-09-30,2010-08-31,-0.018544088453985808,0.018544088453985808,0.00034388321658924975
2010-09-30,DE,AR(1),6.4,6.33059978865406,2005-09-30,2010-08-31,0.06940021134594065,0.06940021134594065,0.00481638933486123
2010-09-30,FR,AR(1),9.2,9.199749679954486,2005-09-30,2010-08-31,0.00025032004551306386,0.00025032004551306386,6.266012518566237e-08
2010-09-30,GB,AR(1),7.9,7.842863150922103,2005-09-30,2010-08-31,0.05713684907789762,0.05713684907789762,0.0032646195225504502
2010-09-30,IT,AR(1),8.3,8.506334982938412,2005-09-30,2010-08-31,-0.20633498293841157,0.20633498293841157,0.042574125184194594
2010-09-30,JP,AR(1),5.1,5.109367305028205,2005-09-30,2010-08-31,-0.009367305028205486,0.009367305028205486,8.774640349144379e-05
2010-09-30,KR,AR(1),3.7,3.498137699650118,2005-09-30,2010-08-31,0.20186230034988206,0.20186230034988206,0.040748388302546
2010-09-30,US,AR(1),9.5,9.560153405315502,2005-09-30,2010-08-31,-0.06015340531550173,0.06015340531550173,0.003618432171051032
2010-10-31,AU,RW,5.284854,5.054316,2005-10-31,2010-09-30,0.23053800000000013,0.23053800000000013,0.05314776944400006
2010-10-31,CA,RW,8.1,8.2,2005-10-31,2010-09-30,-0.09999999999999964,0.09999999999999964,0.009999999999999929
2010-10-31,DE,RW,6.3,6.4,2005-10-31,2010-09-30,-0.10000000000000053,0.10000000000000053,0.010000000000000106
2010-10-31,FR,RW,9.2,9.2,2005-10-31,2010-09-30,0.0,0.0,0.0
2010-10-31,GB,RW,7.9,7.9,2005-10-31,2010-09-30,0.0,0.0,0.0
2010-10-31,IT,RW,8.5,8.3,2005-10-31,2010-09-30,0.1999999999999993,0.1999999999999993,0.039999999999999716
2010-10-31,JP,RW,5.1,5.1,2005-10-31,2010-09-30,0.0,0.0,0.0
2010-10-31,KR,RW,3.7,3.7,2005-10-31,2010-09-30,0.0,0.0,0.0
2010-10-31,US,RW,9.4,9.5,2005-10-31,2010-09-30,-0.09999999999999964,0.09999999999999964,0.009999999999999929
2010-10-31,AU,AR(1),5.284854,5.053832524251574,2005-10-31,2010-09-30,0.23102147574842657,0.23102147574842657,0.05337092225698085
2010-10-31,CA,AR(1),8.1,8.217920516237491,2005-10-31,2010-09-30,-0.11792051623749167,0.11792051623749167,0.013905248149716536
2010-10-31,DE,AR(1),6.3,6.333057565997619,2005-10-31,2010-09-30,-0.03305756599761889,0.03305756599761889,0.0010928026696869284
2010-10-31,FR,AR(1),9.2,9.19767387765293,2005-10-31,2010-09-30,0.002326122347069415,0.002326122347069415,5.410845173535723e-06
2010-10-31,GB,AR(1),7.9,7.93985373564839,2005-10-31,2010-09-30,-0.03985373564838923,0.03985373564838923,0.0015883202451316906
2010-10-31,IT,AR(1),8.5,8.301771617722233,2005-10-31,2010-09-30,0.19822838227776707,0.19822838227776707,0.03929449154046056
2010-10-31,JP,AR(1),5.1,5.110638799032378,2005-10-31,2010-09-30,-0.010638799032378188,0.010638799032378188,0.00011318404485133107
2010-10-31,KR,AR(1),3.7,3.695242804250297,2005-10-31,2010-09-30,0.004757195749703236,0.004757195749703236,2.2630911400994532e-05
2010-10-31,US,AR(1),9.4,9.556967728419268,2005-10-31,2010-09-30,-0.15696772841926787,0.15696772841926787,0.024638867765105033
2010-11-30,AU,RW,5.109206,5.284854,2005-11-30,2010-10-31,-0.1756479999999998,0.1756479999999998,0.03085221990399993
2010-11-30,CA,RW,7.9,8.1,2005-11-30,2010-10-31,-0.1999999999999993,0.1999999999999993,0.039999999999999716
2010-11-30,DE,RW,6.2,6.3,2005-11-30,2010-10-31,-0.09999999999999964,0.09999999999999964,0.009999999999999929
2010-11-30,FR,RW,9.2,9.2,2005-11-30,2010-10-31,0.0,0.0,0.0
2010-11-30,GB,RW,7.9,7.9,2005-11-30,2010-10-31,0.0,0.0,0.0
2010-11-30,IT,RW,8.3,8.5,2005-11-30,2010-10-31,-0.1999999999999993,0.1999999999999993,0.039999999999999716
2010-11-30,JP,RW,5.0,5.1,2005-11-30,2010-10-31,-0.09999999999999964,0.09999999999999964,0.009999999999999929
2010-11-30,KR,RW,3.3,3.7,2005-11-30,2010-10-31,-0.40000000000000036,0.40000000000000036,0.16000000000000028
2010-11-30,US,RW,9.8,9.4,2005-11-30,2010-10-31,0.40000000000000036,0.40000000000000036,0.16000000000000028
2010-11-30,AU,AR(1),5.109206,5.2864870964396955,2005-11-30,2010-10-31,-0.17728109643969514,0.17728109643969514,0.031428587154860486
2010-11-30,CA,AR(1),7.9,8.116701940786548,2005-11-30,2010-10-31,-0.2167019407865478,0.2167019407865478,0.04695973114065647
2010-11-30,DE,AR(1),6.2,6.233730379208546,2005-11-30,2010-10-31,-0.03373037920854571,0.03373037920854571,0.001137738481552293
2010-11-30,FR,AR(1),9.2,9.197495979530325,2005-11-30,2010-10-31,0.0025040204696740176,0.0025040204696740176,6.270118512546488e-06
2010-11-30,GB,AR(1),7.9,7.9363546427220575,2005-11-30,2010-10-31,-0.03635464272205713,0.03635464272205713,0.0013216600474484214
2010-11-30,IT,AR(1),8.3,8.505263053724509,2005-11-30,2010-10-31,-0.20526305372450793,0.20526305372450793,0.04213292122431023
2010-11-30,JP,AR(1),5.0,5.107193604712937,2005-11-30,2010-10-31,-0.10719360471293715,0.10719360471293715,0.011490468891353422
2010-11-30,KR,AR(1),3.3,3.6951547925797423,2005-11-30,2010-10-31,-0.3951547925797425,0.3951547925797425,0.15614731009873933
2010-11-30,US,AR(1),9.8,9.455545352696827,2005-11-30,2010-10-31,0.34445464730317354,0.34445464730317354,0.11864900404875368
2010-12-31,AU,RW,4.876918,5.109206,2005-12-31,2010-11-30,-0.2322880000000005,0.2322880000000005,0.05395771494400023
2010-12-31,CA,RW,7.8,7.9,2005-12-31,2010-11-30,-0.10000000000000053,0.10000000000000053,0.010000000000000106
2010-12-31,DE,RW,6.1,6.2,2005-12-31,2010-11-30,-0.10000000000000053,0.10000000000000053,0.010000000000000106
2010-12-31,FR,RW,9.2,9.2,2005-12-31,2010-11-30,0.0,0.0,0.0
2010-12-31,GB,RW,7.9,7.9,2005-12-31,2010-11-30,0.0,0.0,0.0
2010-12-31,IT,RW,8.2,8.3,2005-12-31,2010-11-30,-0.10000000000000142,0.10000000000000142,0.010000000000000285
2010-12-31,JP,RW,4.9,5.0,2005-12-31,2010-11-30,-0.09999999999999964,0.09999999999999964,0.009999999999999929
2010-12-31,KR,RW,3.7,3.3,2005-12-31,2010-11-30,0.40000000000000036,0.40000000000000036,0.16000000000000028
2010-12-31,US,RW,9.3,9.8,2005-12-31,2010-11-30,-0.5,0.5,0.25
2010-12-31,AU,AR(1),4.876918,5.110383005715446,2005-12-31,2010-11-30,-0.2334650057154457,0.2334650057154457,0.054505908893713095
2010-12-31,CA,AR(1),7.8,7.921589001610104,2005-12-31,2010-11-30,-0.12158900161010422,0.12158900161010422,0.014783885312541926
2010-12-31,DE,AR(1),6.1,6.133501065304469,2005-12-31,2010-11-30,-0.03350106530446961,0.03350106530446961,0.0011223213765343377
2010-12-31,FR,AR(1),9.2,9.197630833285054,2005-12-31,2010-11-30,0.002369166714945692,0.002369166714945692,5.612950923206561e-06
2010-12-31,GB,AR(1),7.9,7.936946275990658,2005-12-31,2010-11-30,-0.03694627599065736,0.03694627599065736,0.0013650273095778247
2010-12-31,IT,AR(1),8.2,8.306799126905965,2005-12-31,2010-11-30,-0.10679912690596538,0.10679912690596538,0.011406053507876499
2010-12-31,JP,AR(1),4.9,5.004671750165054,2005-12-31,2010-11-30,-0.10467175016505337,0.10467175016505337,0.01095617528261535
2010-12-31,KR,AR(1),3.7,3.2959406829686446,2005-12-31,2010-11-30,0.40405931703135556,0.40405931703135556,0.1632639316798455
2010-12-31,US,AR(1),9.3,9.860761516060595,2005-12-31,2010-11-30,-0.5607615160605945,0.5607615160605945,0.31445347789457645
2011-01-31,AU,RW,5.003428,4.876918,2006-01-31,2010-12-31,0.12651000000000057,0.12651000000000057,0.016004780100000143
2011-01-31,CA,RW,7.8,7.8,2006-01-31,2010-12-31,0.0,0.0,0.0
2011-01-31,DE,RW,6.0,6.1,2006-01-31,2010-12-31,-0.09999999999999964,0.09999999999999964,0.009999999999999929
2011-01-31,FR,RW,9.2,9.2,2006-01-31,2010-12-31,0.0,0.0,0.0
2011-01-31,GB,RW,7.8,7.9,2006-01-31,2010-12-31,-0.10000000000000053,0.10000000000000053,0.010000000000000106
2011-01-31,IT,RW,8.1,8.2,2006-01-31,2010-12-31,-0.09999999999999964,0.09999999999999964,0.009999999999999929
2011-01-31,JP,RW,4.8,4.9,2006-01-31,2010-12-31,-0.10000000000000053,0.10000000000000053,0.010000000000000106
2011-01-31,KR,RW,3.6,3.7,2006-01-31,2010-12-31,-0.10000000000000009,0.10000000000000009,0.010000000000000018
2011-01-31,US,RW,9.1,9.3,2006-01-31,2010-12-31,-0.20000000000000107,0.20000000000000107,0.040000000000000424
2011-01-31,AU,AR(1),5.003428,4.873331434596866,2006-01-31,2010-12-31,0.13009656540313408,0.13009656540313408,0.016925116329691944
2011-01-31,CA,AR(1),7.8,7.813531425886558,2006-01-31,2010-12-31,-0.013531425886558424,0.013531425886558424,0.00018309948652342343
2011-01-31,DE,AR(1),6.0,6.041296533277468,2006-01-31,2010-12-31,-0.041296533277468406,0.041296533277468406,0.0017054036607370554
2011-01-31,FR,AR(1),9.2,9.195623257048943,2006-01-31,2010-12-31,0.004376742951055945,0.004376742951055945,1.9155878859617906e-05
2011-01-31,GB,AR(1),7.8,7.932499578291453,2006-01-31,2010-12-31,-0.1324995782914531,0.1324995782914531,0.01755613824741291
2011-01-31,IT,AR(1),8.1,8.201223390052654,2006-01-31,2010-12-31,-0.10122339005265424,0.10122339005265424,0.01024617469375178
2011-01-31,JP,AR(1),4.8,4.903823552789456,2006-01-31,2010-12-31,-0.10382355278945621,0.10382355278945621,0.010779330113825
2011-01-31,KR,AR(1),3.6,3.701055666391982,2006-01-31,2010-12-31,-0.10105566639198171,0.10105566639198171,0.010212247709927503
2011-01-31,US,AR(1),9.1,9.34973670382092,2006-01-31,2010-12-31,-0.24973670382092017,0.24973670382092017,0.062368421235338
2011-02-28,AU,RW,4.97187,5.003428,2006-02-28,2011-01-31,-0.03155800000000042,0.03155800000000042,0.0009959073640000264
2011-02-28,CA,RW,7.8,7.8,2006-02-28,2011-01-31,0.0,0.0,0.0
2011-02-28,DE,RW,5.9,6.0,2006-02-28,2011-01-31,-0.09999999999999964,0.09999999999999964,0.009999999999999929
2011-02-28,FR,RW,9.2,9.2,2006-02-28,2011-01-31,0.0,0.0,0.0
2011-02-28,GB,RW,7.8,7.8,2006-02-28,2011-01-31,0.0,0.0,0.0
2011-02-28,IT,RW,8.1,8.1,2006-02-28,2011-01-31,0.0,0.0,0.0
2011-02-28,JP,RW,4.7,4.8,2006-02-28,2011-01-31,-0.09999999999999964,0.09999999999999964,0.009999999999999929
2011-02-28,KR,RW,3.6,3.6,2006-02-28,2011-01-31,0.0,0.0,0.0
2011-02-28,US,RW,9.0,9.1,2006-02-28,2011-01-31,-0.09999999999999964,0.09999999999999964,0.009999999999999929
2011-02-28,AU,AR(1),4.97187,4.998878724377113,2006-02-28,2011-01-31,-0.027008724377113325,0.027008724377113325,0.0007294711924788756
2011-02-28,CA,AR(1),7.8,7.81061637453484,2006-02-28,2011-01-31,-0.010616374534840212,0.010616374534840212,0.00011270740826400372
2011-02-28,DE,AR(1),5.9,5.945645409859408,2006-02-28,2011-01-31,-0.04564540985940724,0.04564540985940724,0.0020835034412332713
2011-02-28,FR,AR(1),9.2,9.19259992115217,2006-02-28,2011-01-31,0.007400078847830116,0.007400078847830116,5.4761166954102696e-05
2011-02-28,GB,AR(1),7.8,7.827582535785685,2006-02-28,2011-01-31,-0.027582535785684925,0.027582535785684925,0.0007607962803685896
2011-02-28,IT,AR(1),8.1,8.102122988152587,2006-02-28,2011-01-31,-0.0021229881525872685,0.0021229881525872685,4.507078696025903e-06
2011-02-28,JP,AR(1),4.7,4.802342187339974,2006-02-28,2011-01-31,-0.10234218733997391,0.10234218733997391,0.010473923309530316
2011-02-28,KR,AR(1),3.6,3.601693013588725,2006-02-28,2011-01-31,-0.0016930135887247566,0.0016930135887247566,2.8662950116066795e-06
2011-02-28,US,AR(1),9.0,9.14742373736738,2006-02-28,2011-01-31,-0.14742373736737946,0.14742373736737946,0.021733758339366076
2011-03-31,AU,RW,4.926472,4.97187,2006-03-31,2011-02-28,-0.045397999999999605,0.045397999999999605,0.0020609784039999643
2011-03-31,CA,RW,7.8,7.8,2006-03-31,2011-02-28,0.0,0.0,0.0
2011-03-31,DE,RW,5.7,5.9,2006-03-31,2011-02-28,-0.20000000000000018,0.20000000000000018,0.04000000000000007
2011-03-31,FR,RW,9.1,9.2,2006-03-31,2011-02-28,-0.09999999999999964,0.09999999999999964,0.009999999999999929
2011-03-31,GB,RW,7.7,7.8,2006-03-31,2011-02-28,-0.09999999999999964,0.09999999999999964,0.009999999999999929
2011-03-31,IT,RW,8.1,8.1,2006-03-31,2011-02-28,0.0,0.0,0.0
2011-03-31,JP,RW,4.7,4.7,2006-03-31,2011-02-28,0.0,0.0,0.0
2011-03-31,KR,RW,3.7,3.6,2006-03-31,2011-02-28,0.10000000000000009,0.10000000000000009,0.010000000000000018
2011-03-31,US,RW,9.0,9.0,2006-03-31,2011-02-28,0.0,0.0,0.0
2011-03-31,AU,AR(1),4.926472,4.968000293986369,2006-03-31,2011-02-28,-0.041528293986369036,0.041528293986369036,0.0017245992014182946
2011-03-31,CA,AR(1),7.8,7.812043016109156,2006-03-31,2011-02-28,-0.012043016109156035,0.012043016109156035,0.00014503423700539176
2011-03-31,DE,AR(1),5.7,5.847243773759679,2006-03-31,2011-02-28,-0.147243773759679,0.147243773759679,0.021680728910991535
2011-03-31,FR,AR(1),9.1,9.192161482370558,2006-03-31,2011-02-28,-0.09216148237055855,0.09216148237055855,0.008493738832738773
2011-03-31,GB,AR(1),7.7,7.827162688651937,2006-03-31,2011-02-28,-0.12716268865193658,0.12716268865193658,0.01617034938518936
2011-03-31,IT,AR(1),8.1,8.101695756331985,2006-03-31,2011-02-28,-0.0016957563319852653,0.0016957563319852653,2.8755895374681213e-06
2011-03-31,JP,AR(1),4.7,4.7066829446807406,2006-03-31,2011-02-28,-0.006682944680740377,0.006682944680740377,4.46617496058361e-05
2011-03-31,KR,AR(1),3.7,3.59830198358657,2006-03-31,2011-02-28,0.10169801641343001,0.10169801641343001,0.01034248654242628
2011-03-31,US,AR(1),9.0,9.044608731306132,2006-03-31,2011-02-28,-0.0446087313061323,0.0446087313061323,0.001989938908742708
2011-04-30,AU,RW,4.959724,4.926472,2006-04-30,2011-03-31,0.03325199999999917,0.03325199999999917,0.001105695503999945
2011-04-30,CA,RW,7.8,7.8,2006-04-30,2011-03-31,0.0,0.0,0.0
2011-04-30,DE,RW,5.6,5.7,2006-04-30,2011-03-31,-0.10000000000000053,0.10000000000000053,0.010000000000000106
2011-04-30,FR,RW,9.1,9.1,2006-04-30,2011-03-31,0.0,0.0,0.0
2011-04-30,GB,RW,7.8,7.7,2006-04-30,2011-03-31,0.09999999999999964,0.09999999999999964,0.009999999999999929
2011-04-30,IT,RW,7.9,8.1,2006-04-30,2011-03-31,-0.1999999999999993,0.1999999999999993,0.039999999999999716
2011-04-30,JP,RW,4.7,4.7,2006-04-30,2011-03-31,0.0,0.0,0.0
2011-04-30,KR,RW,3.5,3.7,2006-04-30,2011-03-31,-0.20000000000000018,0.20000000000000018,0.04000000000000007
2011-04-30,US,RW,9.1,9.0,2006-04-30,2011-03-31,0.09999999999999964,0.09999999999999964,0.009999999999999929
2011-04-30,AU,AR(1),4.959724,4.926208101668686,2006-04-30,2011-03-31,0.03351589833131374,0.03351589833131374,0.0011233154409549593
2011-04-30,CA,AR(1),7.8,7.813352206418787,2006-04-30,2011-03-31,-0.013352206418787205,0.013352206418787205,0.00017828141624990222
2011-04-30,DE,AR(1),5.6,5.647325016415664,2006-04-30,2011-03-31,-0.04732501641566422,0.04732501641566422,0.002239657178742888
2011-04-30,FR,AR(1),9.1,9.092833828379705,2006-04-30,2011-03-31,0.007166171620294648,0.007166171620294648,5.135401569151642e-05
2011-04-30,GB,AR(1),7.8,7.7244130451107536,2006-04-30,2011-03-31,0.07558695488924627,0.07558695488924627,0.005713387749428951
2011-04-30,IT,AR(1),7.9,8.104410227101166,2006-04-30,2011-03-31,-0.20441022710116563,0.20441022710116563,0.04178354094355011
2011-04-30,JP,AR(1),4.7,4.706555134117249,2006-04-30,2011-03-31,-0.006555134117248507,0.006555134117248507,4.296978329511536e-05
2011-04-30,KR,AR(1),3.5,3.6985620344513475,2006-04-30,2011-03-31,-0.19856203445134746,0.19856203445134746,0.0394268815254581
2011-04-30,US,AR(1),9.1,9.045213499023799,2006-04-30,2011-03-31,0.05478650097620097,0.05478650097620097,0.00300156068921527
2011-05-31,AU,RW,5.013318,4.959724,2006-05-31,2011-04-30,0.053594000000000364,0.053594000000000364,0.002872316836000039
2011-05-31,CA,RW,7.7,7.8,2006-05-31,2011-04-30,-0.09999999999999964,0.09999999999999964,0.009999999999999929
2011-05-31,DE,RW,5.6,5.6,2006-05-31,2011-04-30,0.0,0.0,0.0
2011-05-31,FR,RW,9.1,9.1,2006-05-31,2011-04-30,0.0,0.0,0.0
2011-05-31,GB,RW,7.9,7.8,2006-05-31,2011-04-30,0.10000000000000053,0.10000000000000053,0.010000000000000106
2011-05-31,IT,RW,8.3,7.9,2006-05-31,2011-04-30,0.40000000000000036,0.40000000000000036,0.16000000000000028
2011-05-31,JP,RW,4.6,4.7,2006-05-31,2011-04-30,-0.10000000000000053,0.10000000000000053,0.010000000000000106
2011-05-31,KR,RW,3.3,3.5,2006-05-31,2011-04-30,-0.20000000000000018,0.20000000000000018,0.04000000000000007
2011-05-31,US,RW,9.0,9.1,2006-05-31,2011-04-30,-0.09999999999999964,0.09999999999999964,0.009999999999999929
2011-05-31,AU,AR(1),5.013318,4.9579942674441595,2006-05-31,2011-04-30,0.055323732555840444,0.055323732555840444,0.0030607153839101596
2011-05-31,CA,AR(1),7.7,7.81378848639982,2006-05-31,2011-04-30,-0.11378848639981953,0.11378848639981953,0.012947819637161915
2011-05-31,DE,AR(1),5.6,5.548698412185444,2006-05-31,2011-04-30,0.05130158781455574,0.05130158781455574,0.0026318529122945737
2011-05-31,FR,AR(1),9.1,9.094642998016063,2006-05-31,2011-04-30,0.005357001983936627,0.005357001983936627,2.8697470255900955e-05
2011-05-31,GB,AR(1),7.9,7.823972696758718,2006-05-31,2011-04-30,0.0760273032412826,0.0760273032412826,0.005780150838141939
2011-05-31,IT,AR(1),8.3,7.905642728787126,2006-05-31,2011-04-30,0.39435727121287467,0.39435727121287467,0.1555176573584648
2011-05-31,JP,AR(1),4.6,4.706748687508922,2006-05-31,2011-04-30,-0.1067486875089223,0.1067486875089223,0.011395282284877545
2011-05-31,KR,AR(1),3.3,3.4994789563315583,2006-05-31,2011-04-30,-0.19947895633155843,0.19947895633155843,0.0397918540191278
2011-05-31,US,AR(1),9.0,9.14705189069711,2006-05-31,2011-04-30,-0.1470518906971101,0.1470518906971101,0.021624258557594818
2011-06-30,AU,RW,4.916609,5.013318,2006-06-30,2011-05-31,-0.09670899999999971,0.09670899999999971,0.009352630680999945
2011-06-30,CA,RW,7.7,7.7,2006-06-30,2011-05-31,0.0,0.0,0.0
2011-06-30,DE,RW,5.5,5.6,2006-06-30,2011-05-31,-0.09999999999999964,0.09999999999999964,0.009999999999999929
2011-06-30,FR,RW,9.1,9.1,2006-06-30,2011-05-31,0.0,0.0,0.0
2011-06-30,GB,RW,8.0,7.9,2006-06-30,2011-05-31,0.09999999999999964,0.09999999999999964,0.009999999999999929
2011-06-30,IT,RW,8.3,8.3,2006-06-30,2011-05-31,0.0,0.0,0.0
2011-06-30,JP,RW,4.7,4.6,2006-06-30,2011-05-31,0.10000000000000053,0.10000000000000053,0.010000000000000106
2011-06-30,KR,RW,3.3,3.3,2006-06-30,2011-05-31,0.0,0.0,0.0
2011-06-30,US,RW,9.1,9.0,2006-06-30,2011-05-31,0.09999999999999964,0.09999999999999964,0.009999999999999929
2011-06-30,AU,AR(1),4.916609,5.014378447486942,2006-06-30,2011-05-31,-0.09776944748694216,0.09776944748694216,0.00955886486190194
2011-06-30,CA,AR(1),7.7,7.718035965010003,2006-06-30,2011-05-31,-0.01803596501000282,0.01803596501000282,0.000325296033842046
2011-06-30,DE,AR(1),5.5,5.55187446034153,2006-06-30,2011-05-31,-0.05187446034152998,0.05187446034152998,0.0026909596357249667
2011-06-30,FR,AR(1),9.1,9.095661478393533,2006-06-30,2011-05-31,0.004338521606467083,0.004338521606467083,1.8822769729781718e-05
2011-06-30,GB,AR(1),8.0,7.921619514206725,2006-06-30,2011-05-31,0.07838048579327506,0.07838048579327506,0.006143500553189793
2011-06-30,IT,AR(1),8.3,8.306277426134463,2006-06-30,2011-05-31,-0.006277426134461805,0.006277426134461805,3.9406078873624085e-05
2011-06-30,JP,AR(1),4.7,4.606278372188745,2006-06-30,2011-05-31,0.09372162781125493,0.09372162781125493,0.008783743519591393
2011-06-30,KR,AR(1),3.3,3.300502458985958,2006-06-30,2011-05-31,-0.0005024589859581319,0.0005024589859581319,2.5246503257007415e-07
2011-06-30,US,AR(1),9.1,9.04691566617455,2006-06-30,2011-05-31,0.05308433382544919,0.05308433382544919,0.0028179464976917294
2011-07-31,AU,RW,5.092914,4.916609,2006-07-31,2011-06-30,0.17630500000000016,0.17630500000000016,0.031083453025000055
2011-07-31,CA,RW,7.4,7.7,2006-07-31,2011-06-30,-0.2999999999999998,0.2999999999999998,0.0899999999999999
2011-07-31,DE,RW,5.5,5.5,2006-07-31,2011-06-30,0.0,0.0,0.0
2011-07-31,FR,RW,9.2,9.1,2006-07-31,2011-06-30,0.09999999999999964,0.09999999999999964,0.009999999999999929
2011-07-31,GB,RW,8.2,8.0,2006-07-31,2011-06-30,0.1999999999999993,0.1999999999999993,0.039999999999999716
2011-07-31,IT,RW,8.5,8.3,2006-07-31,2011-06-30,0.1999999999999993,0.1999999999999993,0.039999999999999716
2011-07-31,JP,RW,4.7,4.7,2006-07-31,2011-06-30,0.0,0.0,0.0
2011-07-31,KR,RW,3.4,3.3,2006-07-31,2011-06-30,0.10000000000000009,0.10000000000000009,0.010000000000000018
2011-07-31,US,RW,9.0,9.1,2006-07-31,2011-06-30,-0.09999999999999964,0.09999999999999964,0.009999999999999929
2011-07-31,AU,AR(1),5.092914,4.917261378964227,2006-07-31,2011-06-30,0.1756526210357734,0.1756526210357734,0.03085384327673702
2011-07-31,CA,AR(1),7.4,7.716678281114174,2006-07-31,2011-06-30,-0.3166782811141733,0.3166782811141733,0.10028513372942736
2011-07-31,DE,AR(1),5.5,5.452340181626502,2006-07-31,2011-06-30,0.0476598183734982,0.0476598183734982,0.0022714582873948363
2011-07-31,FR,AR(1),9.2,9.095668549053336,2006-07-31,2011-06-30,0.1043314509466633,0.1043314509466633,0.01088505165663601
2011-07-31,GB,AR(1),8.2,8.0223670152311,2006-07-31,2011-06-30,0.17763298476889844,0.17763298476889844,0.03155347727790771
2011-07-31,IT,AR(1),8.5,8.311483359458327,2006-07-31,2011-06-30,0.18851664054167294,0.18851664054167294,0.035538523761118324
2011-07-31,JP,AR(1),4.7,4.7050058072237535,2006-07-31,2011-06-30,-0.005005807223753322,0.005005807223753322,2.5058105961380945e-05
2011-07-31,KR,AR(1),3.4,3.298823821523912,2006-07-31,2011-06-30,0.10117617847608784,0.10117617847608784,0.010236619091025181
2011-07-31,US,AR(1),9.0,9.148081461196293,2006-07-31,2011-06-30,-0.14808146119629306,0.14808146119629306,0.02192811915002925
2011-08-31,AU,RW,5.270048,5.092914,2006-08-31,2011-07-31,0.17713399999999968,0.17713399999999968,0.03137645395599989
2011-08-31,CA,RW,7.4,7.4,2006-08-31,2011-07-31,0.0,0.0,0.0
2011-08-31,DE,RW,5.4,5.5,2006-08-31,2011-07-31,-0.09999999999999964,0.09999999999999964,0.009999999999999929
2011-08-31,FR,RW,9.2,9.2,2006-08-31,2011-07-31,0.0,0.0,0.0
2011-08-31,GB,RW,8.3,8.2,2006-08-31,2011-07-31,0.10000000000000142,0.10000000000000142,0.010000000000000285
2011-08-31,IT,RW,8.7,8.5,2006-08-31,2011-07-31,0.1999999999999993,0.1999999999999993,0.039999999999999716
2011-08-31,JP,RW,4.5,4.7,2006-08-31,2011-07-31,-0.20000000000000018,0.20000000000000018,0.04000000000000007
2011-08-31,KR,RW,3.2,3.4,2006-08-31,2011-07-31,-0.19999999999999973,0.19999999999999973,0.0399999999999999
2011-08-31,US,RW,9.0,9.0,2006-08-31,2011-07-31,0.0,0.0,0.0
2011-08-31,AU,AR(1),5.270048,5.0965639686860795,2006-08-31,2011-07-31,0.17348403131392054,0.17348403131392054,0.030096709120929363
2011-08-31,CA,AR(1),7.4,7.4127598926697855,2006-08-31,2011-07-31,-0.012759892669785167,0.012759892669785167,0.00016281486094443722
2011-08-31,DE,AR(1),5.4,5.453421361752077,2006-08-31,2011-07-31,-0.05342136175207646,0.05342136175207646,0.0028538418914462174
2011-08-31,FR,AR(1),9.2,9.194186228401627,2006-08-31,2011-07-31,0.005813771598372597,0.005813771598372597,3.3799940198043856e-05
2011-08-31,GB,AR(1),8.3,8.223158953530422,2006-08-31,2011-07-31,0.07684104646957834,0.07684104646957834,0.005904546422539899
2011-08-31,IT,AR(1),8.7,8.513805890758668,2006-08-31,2011-07-31,0.18619410924133106,0.18619410924133106,0.03466824631617273
2011-08-31,JP,AR(1),4.5,4.706733176810107,2006-08-31,2011-07-31,-0.20673317681010683,0.20673317681010683,0.042738606393998894
2011-08-31,KR,AR(1),3.2,3.399080035776738,2006-08-31,2011-07-31,-0.19908003577673794,0.19908003577673794,0.039632860644867256
2011-08-31,US,AR(1),9.0,9.046745472618046,2006-08-31,2011-07-31,-0.046745472618045625,0.046745472618045625,0.0021851392102844535
2011-09-30,AU,RW,5.221719,5.270048,2006-09-30,2011-08-31,-0.048328999999999844,0.048328999999999844,0.002335692240999985
2011-09-30,CA,RW,7.5,7.4,2006-09-30,2011-08-31,0.09999999999999964,0.09999999999999964,0.009999999999999929
2011-09-30,DE,RW,5.4,5.4,2006-09-30,2011-08-31,0.0,0.0,0.0
2011-09-30,FR,RW,9.2,9.2,2006-09-30,2011-08-31,0.0,0.0,0.0
2011-09-30,GB,RW,8.4,8.3,2006-09-30,2011-08-31,0.09999999999999964,0.09999999999999964,0.009999999999999929
2011-09-30,IT,RW,9.0,8.7,2006-09-30,2011-08-31,0.3000000000000007,0.3000000000000007,0.09000000000000043
2011-09-30,JP,RW,4.2,4.5,2006-09-30,2011-08-31,-0.2999999999999998,0.2999999999999998,0.0899999999999999
2011-09-30,KR,RW,3.3,3.2,2006-09-30,2011-08-31,0.09999999999999964,0.09999999999999964,0.009999999999999929
2011-09-30,US,RW,9.0,9.0,2006-09-30,2011-08-31,0.0,0.0,0.0
2011-09-30,AU,AR(1),5.221719,5.2733567356612285,2006-09-30,2011-08-31,-0.05163773566122831,0.05163773566122831,0.0026664557442188904
2011-09-30,CA,AR(1),7.5,7.412972097664736,2006-09-30,2011-08-31,0.08702790233526425,0.08702790233526425,0.007573855784876293
2011-09-30,DE,AR(1),5.4,5.353740271027386,2006-09-30,2011-08-31,0.046259728972614766,0.046259728972614766,0.002139962524619774
2011-09-30,FR,AR(1),9.2,9.194242736658005,2006-09-30,2011-08-31,0.005757263341994445,0.005757263341994445,3.314608118907305e-05
2011-09-30,GB,AR(1),8.4,8.324080030311814,2006-09-30,2011-08-31,0.07591996968818648,0.07591996968818648,0.0057638417974551544
2011-09-30,IT,AR(1),9.0,8.7131125257601,2006-09-30,2011-08-31,0.2868874742399008,0.2868874742399008,0.08230442287574974
2011-09-30,JP,AR(1),4.2,4.506340337555244,2006-09-30,2011-08-31,-0.3063403375552438,0.3063403375552438,0.09384440241346072
2011-09-30,KR,AR(1),3.3,3.1985196925589077,2006-09-30,2011-08-31,0.10148030744109215,0.10148030744109215,0.010298252798338584
2011-09-30,US,AR(1),9.0,9.047774713866126,2006-09-30,2011-08-31,-0.04777471386612575,0.04777471386612575,0.002282423284990188
2011-10-31,AU,RW,5.187731,5.221719,2006-10-31,2011-09-30,-0.03398799999999991,0.03398799999999991,0.0011551841439999936
2011-10-31,CA,RW,7.5,7.5,2006-10-31,2011-09-30,0.0,0.0,0.0
2011-10-31,DE,RW,5.3,5.4,2006-10-31,2011-09-30,-0.10000000000000053,0.10000000000000053,0.010000000000000106
2011-10-31,FR,RW,9.3,9.2,2006-10-31,2011-09-30,0.10000000000000142,0.10000000000000142,0.010000000000000285
2011-10-31,GB,RW,8.5,8.4,2006-10-31,2011-09-30,0.09999999999999964,0.09999999999999964,0.009999999999999929
2011-10-31,IT,RW,8.9,9.0,2006-10-31,2011-09-30,-0.09999999999999964,0.09999999999999964,0.009999999999999929
2011-10-31,JP,RW,4.4,4.2,2006-10-31,2011-09-30,0.20000000000000018,0.20000000000000018,0.04000000000000007
2011-10-31,KR,RW,3.3,3.3,2006-10-31,2011-09-30,0.0,0.0,0.0
2011-10-31,US,RW,8.8,9.0,2006-10-31,2011-09-30,-0.1999999999999993,0.1999999999999993,0.039999999999999716
2011-10-31,AU,AR(1),5.187731,5.2253769550734415,2006-10-31,2011-09-30,-0.03764595507344115,0.03764595507344115,0.0014172179333915495
2011-10-31,CA,AR(1),7.5,7.513189128218742,2006-10-31,2011-09-30,-0.013189128218741963,0.013189128218741963,0.00017395310317041556
2011-10-31,DE,AR(1),5.3,5.356603736783583,2006-10-31,2011-09-30,-0.056603736783583436,0.056603736783583436,0.0032039830178651964
2011-10-31,FR,AR(1),9.3,9.196889239726126,2006-10-31,2011-09-30,0.103110760273875,0.103110760273875,0.01063182888425652
2011-10-31,GB,AR(1),8.5,8.423108579808897,2006-10-31,2011-09-30,0.07689142019110307,0.07689142019110307,0.005912290499004772
2011-10-31,IT,AR(1),8.9,9.015884026850262,2006-10-31,2011-09-30,-0.11588402685026189,0.11588402685026189,0.013429107679032218
2011-10-31,JP,AR(1),4.4,4.205950590841646,2006-10-31,2011-09-30,0.194049409158354,0.194049409158354,0.03765517319470628
2011-10-31,KR,AR(1),3.3,3.298884227416067,2006-10-31,2011-09-30,0.0011157725839328059,0.0011157725839328059,1.2449484590560904e-06
2011-10-31,US,AR(1),8.8,9.050254038001,2006-10-31,2011-09-30,-0.25025403800099966,0.25025403800099966,0.06262708353580577
2011-11-30,AU,RW,5.231228,5.187731,2006-11-30,2011-10-31,0.04349699999999945,0.04349699999999945,0.0018919890089999524
2011-11-30,CA,RW,7.6,7.5,2006-11-30,2011-10-31,0.09999999999999964,0.09999999999999964,0.009999999999999929
2011-11-30,DE,RW,5.2,5.3,2006-11-30,2011-10-31,-0.09999999999999964,0.09999999999999964,0.009999999999999929
2011-11-30,FR,RW,9.4,9.3,2006-11-30,2011-10-31,0.09999999999999964,0.09999999999999964,0.009999999999999929
2011-11-30,GB,RW,8.4,8.5,2006-11-30,2011-10-31,-0.09999999999999964,0.09999999999999964,0.009999999999999929
2011-11-30,IT,RW,9.4,8.9,2006-11-30,2011-10-31,0.5,0.5,0.25
2011-11-30,JP,RW,4.5,4.4,2006-11-30,2011-10-31,0.09999999999999964,0.09999999999999964,0.009999999999999929
2011-11-30,KR,RW,3.3,3.3,2006-11-30,2011-10-31,0.0,0.0,0.0
2011-11-30,US,RW,8.6,8.8,2006-11-30,2011-10-31,-0.20000000000000107,0.20000000000000107,0.040000000000000424
2011-11-30,AU,AR(1),5.231228,5.194121942187856,2006-11-30,2011-10-31,0.037106057812144044,0.037106057812144044,0.001376859526358176
2011-11-30,CA,AR(1),7.6,7.5162956508675185,2006-11-30,2011-10-31,0.08370434913248115,0.08370434913248115,0.0070064180636922975
2011-11-30,DE,AR(1),5.2,5.261510700694063,2006-11-30,2011-10-31,-0.06151070069406295,0.06151070069406295,0.003783566299874596
2011-11-30,FR,AR(1),9.4,9.30048387228004,2006-11-30,2011-10-31,0.09951612771996032,0.09951612771996032,0.009903459676375456
2011-11-30,GB,AR(1),8.4,8.521800351786041,2006-11-30,2011-10-31,-0.12180035178604065,0.12180035178604065,0.014835325695203256
2011-11-30,IT,AR(1),9.4,8.91306851464071,2006-11-30,2011-10-31,0.48693148535929076,0.48693148535929076,0.2371022714342052
2011-11-30,JP,AR(1),4.5,4.406475951607473,2006-11-30,2011-10-31,0.09352404839252682,0.09352404839252682,0.008746747627727697
2011-11-30,KR,AR(1),3.3,3.2974888595733853,2006-11-30,2011-10-31,0.0025111404266144888,0.0025111404266144888,6.3058262421775965e-06
2011-11-30,US,AR(1),8.6,8.84968916738617,2006-11-30,2011-10-31,-0.24968916738617075,0.24968916738617075,0.06234468030999919
2011-12-31,AU,RW,5.196874,5.231228,2006-12-31,2011-11-30,-0.03435399999999955,0.03435399999999955,0.0011801973159999693
2011-12-31,CA,RW,7.5,7.6,2006-12-31,2011-11-30,-0.09999999999999964,0.09999999999999964,0.009999999999999929
2011-12-31,DE,RW,5.2,5.2,2006-12-31,2011-11-30,0.0,0.0,0.0
2011-12-31,FR,RW,9.4,9.4,2006-12-31,2011-11-30,0.0,0.0,0.0
2011-12-31,GB,RW,8.3,8.4,2006-12-31,2011-11-30,-0.09999999999999964,0.09999999999999964,0.009999999999999929
2011-12-31,IT,RW,9.7,9.4,2006-12-31,2011-11-30,0.29999999999999893,0.29999999999999893,0.08999999999999936
2011-12-31,JP,RW,4.5,4.5,2006-12-31,2011-11-30,0.0,0.0,0.0
2011-12-31,KR,RW,3.2,3.3,2006-12-31,2011-11-30,-0.09999999999999964,0.09999999999999964,0.009999999999999929
2011-12-31,US,RW,8.5,8.6,2006-12-31,2011-11-30,-0.09999999999999964,0.09999999999999964,0.009999999999999929
2011-12-31,AU,AR(1),5.196874,5.237099416446511,2006-12-31,2011-11-30,-0.040225416446510565,0.040225416446510565,0.0016180841282952027
2011-12-31,CA,AR(1),7.5,7.613375577155052,2006-12-31,2011-11-30,-0.1133755771550522,0.1133755771550522,0.012854021495241194
2011-12-31,DE,AR(1),5.2,5.161032931084288,2006-12-31,2011-11-30,0.03896706891571178,0.03896706891571178,0.001518432459881831
2011-12-31,FR,AR(1),9.4,9.404361475012726,2006-12-31,2011-11-30,-0.004361475012725435,0.004361475012725435,1.9022464286628337e-05
2011-12-31,GB,AR(1),8.3,8.421826239221053,2006-12-31,2011-11-30,-0.12182623922105229,0.12182623922105229,0.01484163256274506
2011-12-31,IT,AR(1),9.7,9.415938903759345,2006-12-31,2011-11-30,0.284061096240654,0.284061096240654,0.0806907063974421
2011-12-31,JP,AR(1),4.5,4.508164318918164,2006-12-31,2011-11-30,-0.008164318918163715,0.008164318918163715,6.665610339748595e-05
2011-12-31,KR,AR(1),3.2,3.299004699409832,2006-12-31,2011-11-30,-0.0990046994098317,0.0990046994098317,0.009801930505231128
2011-12-31,US,AR(1),8.5,8.649938931149146,2006-12-31,2011-11-30,-0.14993893114914592,0.14993893114914592,0.022481683074148318
2012-01-31,AU,RW,5.047909,5.196874,2007-01-31,2011-12-31,-0.14896500000000046,0.14896500000000046,0.022190571225000136
2012-01-31,CA,RW,7.7,7.5,2007-01-31,2011-12-31,0.20000000000000018,0.20000000000000018,0.04000000000000007
2012-01-31,DE,RW,5.1,5.2,2007-01-31,2011-12-31,-0.10000000000000053,0.10000000000000053,0.010000000000000106
2012-01-31,FR,RW,9.5,9.4,2007-01-31,2011-12-31,0.09999999999999964,0.09999999999999964,0.009999999999999929
2012-01-31,GB,RW,8.3,8.3,2007-01-31,2011-12-31,0.0,0.0,0.0
2012-01-31,IT,RW,9.7,9.7,2007-01-31,2011-12-31,0.0,0.0,0.0
2012-01-31,JP,RW,4.5,4.5,2007-01-31,2011-12-31,0.0,0.0,0.0
2012-01-31,KR,RW,3.3,3.2,2007-01-31,2011-12-31,0.09999999999999964,0.09999999999999964,0.009999999999999929
2012-01-31,US,RW,8.3,8.5,2007-01-31,2011-12-31,-0.1999999999999993,0.1999999999999993,0.039999999999999716
2012-01-31,AU,AR(1),5.047909,5.201545516135641,2007-01-31,2011-12-31,-0.15363651613564144,0.15363651613564144,0.023604179090297214
2012-01-31,CA,AR(1),7.7,7.516747504344408,2007-01-31,2011-12-31,0.18325249565559254,0.18325249565559254,0.03358147716400296
2012-01-31,DE,AR(1),5.1,5.166427951342626,2007-01-31,2011-12-31,-0.06642795134262602,0.06642795134262602,0.0044126727195782905
2012-01-31,FR,AR(1),9.5,9.403309901019409,2007-01-31,2011-12-31,0.09669009898059144,0.09669009898059144,0.009348975240876571
2012-01-31,GB,AR(1),8.3,8.320274987632724,2007-01-31,2011-12-31,-0.02027498763272284,0.02027498763272284,0.0004110751235070641
2012-01-31,IT,AR(1),9.7,9.718033363353095,2007-01-31,2011-12-31,-0.01803336335309602,0.01803336335309602,0.0003252021938247866
2012-01-31,JP,AR(1),4.5,4.508302357184233,2007-01-31,2011-12-31,-0.00830235718423289,0.00830235718423289,6.892913481458346e-05
2012-01-31,KR,AR(1),3.3,3.20103430368989,2007-01-31,2011-12-31,0.09896569631010976,0.09896569631010976,0.009794209046144873
2012-01-31,US,AR(1),8.3,8.55123449902965,2007-01-31,2011-12-31,-0.2512344990296498,0.2512344990296498,0.0631187735026791
2012-02-29,AU,RW,5.191717,5.047909,2007-02-28,2012-01-31,0.14380799999999994,0.14380799999999994,0.020680740863999982
2012-02-29,CA,RW,7.6,7.7,2007-02-28,2012-01-31,-0.10000000000000053,0.10000000000000053,0.010000000000000106
2012-02-29,DE,RW,5.1,5.1,2007-02-28,2012-01-31,0.0,0.0,0.0
2012-02-29,FR,RW,9.5,9.5,2007-02-28,2012-01-31,0.0,0.0,0.0
2012-02-29,GB,RW,8.2,8.3,2007-02-28,2012-01-31,-0.10000000000000142,0.10000000000000142,0.010000000000000285
2012-02-29,IT,RW,10.1,9.7,2007-02-28,2012-01-31,0.40000000000000036,0.40000000000000036,0.16000000000000028
2012-02-29,JP,RW,4.5,4.5,2007-02-28,2012-01-31,0.0,0.0,0.0
2012-02-29,KR,RW,3.3,3.3,2007-02-28,2012-01-31,0.0,0.0,0.0
2012-02-29,US,RW,8.3,8.3,2007-02-28,2012-01-31,0.0,0.0,0.0
2012-02-29,AU,AR(1),5.191717,5.053354953054143,2007-02-28,2012-01-31,0.13836204694585685,0.13836204694585685,0.019144056035047496
2012-02-29,CA,AR(1),7.6,7.7151859756795185,2007-02-28,2012-01-31,-0.11518597567951883,0.11518597567951883,0.013267808993242702
2012-02-29,DE,AR(1),5.1,5.067995047129835,2007-02-28,2012-01-31,0.032004952870164693,0.032004952870164693,0.0010243170082214633
2012-02-29,FR,AR(1),9.5,9.500419300529874,2007-02-28,2012-01-31,-0.0004193005298738228,0.0004193005298738228,1.7581293435246858e-07
2012-02-29,GB,AR(1),8.2,8.321595824537983,2007-02-28,2012-01-31,-0.12159582453798379,0.12159582453798379,0.01478554454507214
2012-02-29,IT,AR(1),10.1,9.719814296761832,2007-02-28,2012-01-31,0.38018570323816725,0.38018570323816725,0.14454116894669977
2012-02-29,JP,AR(1),4.5,4.508455036450465,2007-02-28,2012-01-31,-0.008455036450465414,0.008455036450465414,7.148764137869878e-05
2012-02-29,KR,AR(1),3.3,3.3007369698966444,2007-02-28,2012-01-31,-0.0007369698966446236,0.0007369698966446236,5.431246285603873e-07
2012-02-29,US,AR(1),8.3,8.349770186967255,2007-02-28,2012-01-31,-0.04977018696725466,0.04977018696725466,0.0024770715107554856
2012-03-31,AU,RW,5.183195,5.191717,2007-03-31,2012-02-29,-0.008521999999999252,0.008521999999999252,7.262448399998725e-05
2012-03-31,CA,RW,7.4,7.6,2007-03-31,2012-02-29,-0.1999999999999993,0.1999999999999993,0.039999999999999716
2012-03-31,DE,RW,5.1,5.1,2007-03-31,2012-02-29,0.0,0.0,0.0
2012-03-31,FR,RW,9.6,9.5,2007-03-31,2012-02-29,0.09999999999999964,0.09999999999999964,0.009999999999999929
2012-03-31,GB,RW,8.2,8.2,2007-03-31,2012-02-29,0.0,0.0,0.0
2012-03-31,IT,RW,10.5,10.1,2007-03-31,2012-02-29,0.40000000000000036,0.40000000000000036,0.16000000000000028
2012-03-31,JP,RW,4.5,4.5,2007-03-31,2012-02-29,0.0,0.0,0.0
2012-03-31,KR,RW,3.3,3.3,2007-03-31,2012-02-29,0.0,0.0,0.0
2012-03-31,US,RW,8.2,8.3,2007-03-31,2012-02-29,-0.10000000000000142,0.10000000000000142,0.010000000000000285
2012-03-31,AU,AR(1),5.183195,5.195408921764116,2007-03-31,2012-02-29,-0.012213921764115732,0.012213921764115732,0.00014917988485993995
2012-03-31,CA,AR(1),7.4,7.617142657427636,2007-03-31,2012-02-29,-0.21714265742763583,0.21714265742763583,0.047150933674735614
2012-03-31,DE,AR(1),5.1,5.070591780851919,2007-03-31,2012-02-29,0.029408219148080228,0.029408219148080228,0.0008648433534615126
2012-03-31,FR,AR(1),9.6,9.499733946372011,2007-03-31,2012-02-29,0.10026605362798868,0.10026605362798868,0.010053281510130702
2012-03-31,GB,AR(1),8.2,8.221216637143383,2007-03-31,2012-02-29,-0.021216637143384176,0.021216637143384176,0.000450145691674029
2012-03-31,IT,AR(1),10.5,10.119132255305141,2007-03-31,2012-02-29,0.38086774469485896,0.38086774469485896,0.14506023894894826
2012-03-31,JP,AR(1),4.5,4.508624162498698,2007-03-31,2012-02-29,-0.00862416249869824,0.00862416249869824,7.437617880395307e-05
2012-03-31,KR,AR(1),3.3,3.3041871860998384,2007-03-31,2012-02-29,-0.004187186099838591,0.004187186099838591,1.7532527434681512e-05
2012-03-31,US,AR(1),8.2,8.351894052828928,2007-03-31,2012-02-29,-0.1518940528289292,0.1518940528289292,0.023071803284797535
2012-04-30,AU,RW,4.994934,5.183195,2007-04-30,2012-03-31,-0.18826100000000068,0.18826100000000068,0.035442204121000256
2012-04-30,CA,RW,7.4,7.4,2007-04-30,2012-03-31,0.0,0.0,0.0
2012-04-30,DE,RW,5.1,5.1,2007-04-30,2012-03-31,0.0,0.0,0.0
2012-04-30,FR,RW,9.7,9.6,2007-04-30,2012-03-31,0.09999999999999964,0.09999999999999964,0.009999999999999929
2012-04-30,GB,RW,8.1,8.2,2007-04-30,2012-03-31,-0.09999999999999964,0.09999999999999964,0.009999999999999929
2012-04-30,IT,RW,10.7,10.5,2007-04-30,2012-03-31,0.1999999999999993,0.1999999999999993,0.039999999999999716
2012-04-30,JP,RW,4.5,4.5,2007-04-30,2012-03-31,0.0,0.0,0.0
2012-04-30,KR,RW,3.3,3.3,2007-04-30,2012-03-31,0.0,0.0,0.0
2012-04-30,US,RW,8.2,8.2,2007-04-30,2012-03-31,0.0,0.0,0.0
2012-04-30,AU,AR(1),4.994934,5.189934907768698,2007-04-30,2012-03-31,-0.19500090776869783,0.19500090776869783,0.038025354030616194
2012-04-30,CA,AR(1),7.4,7.418104236219862,2007-04-30,2012-03-31,-0.01810423621986157,0.01810423621986157,0.0003277633691045475
2012-04-30,DE,AR(1),5.1,5.07309310770875,2007-04-30,2012-03-31,0.026906892291249207,0.026906892291249207,0.000723980852772886
2012-04-30,FR,AR(1),9.7,9.601214036695279,2007-04-30,2012-03-31,0.09878596330472078,0.09878596330472078,0.00975866654604164
2012-04-30,GB,AR(1),8.1,8.221795735221171,2007-04-30,2012-03-31,-0.1217957352211716,0.1217957352211716,0.01483420111806574
2012-04-30,IT,AR(1),10.7,10.518644579531607,2007-04-30,2012-03-31,0.18135542046839248,0.18135542046839248,0.03288978853326743
2012-04-30,JP,AR(1),4.5,4.508791527560278,2007-04-30,2012-03-31,-0.008791527560277679,0.008791527560277679,7.7290956843122e-05
2012-04-30,KR,AR(1),3.3,3.304252191232996,2007-04-30,2012-03-31,-0.00425219123299625,0.00425219123299625,1.8081130281970167e-05
2012-04-30,US,AR(1),8.2,8.254954924612061,2007-04-30,2012-03-31,-0.05495492461206197,0.05495492461206197,0.003020043739117415
2012-05-31,AU,RW,5.200464,4.994934,2007-05-31,2012-04-30,0.20553000000000043,0.20553000000000043,0.04224258090000018
2012-05-31,CA,RW,7.6,7.4,2007-05-31,2012-04-30,0.1999999999999993,0.1999999999999993,0.039999999999999716
2012-05-31,DE,RW,5.1,5.1,2007-05-31,2012-04-30,0.0,0.0,0.0
2012-05-31,FR,RW,9.7,9.7,2007-05-31,2012-04-30,0.0,0.0,0.0
2012-05-31,GB,RW,8.0,8.1,2007-05-31,2012-04-30,-0.09999999999999964,0.09999999999999964,0.009999999999999929
2012-05-31,IT,RW,10.6,10.7,2007-05-31,2012-04-30,-0.09999999999999964,0.09999999999999964,0.009999999999999929
2012-05-31,JP,RW,4.4,4.5,2007-05-31,2012-04-30,-0.09999999999999964,0.09999999999999964,0.009999999999999929
2012-05-31,KR,RW,3.2,3.3,2007-05-31,2012-04-30,-0.09999999999999964,0.09999999999999964,0.009999999999999929
2012-05-31,US,RW,8.2,8.2,2007-05-31,2012-04-30,0.0,0.0,0.0
2012-05-31,AU,AR(1),5.200464,5.003627337698375,2007-05-31,2012-04-30,0.19683666230162533,0.19683666230162533,0.03874467162604409
2012-05-31,CA,AR(1),7.6,7.418470850178497,2007-05-31,2012-04-30,0.18152914982150303,0.18152914982150303,0.0329528322349177
2012-05-31,DE,AR(1),5.1,5.076957652137384,2007-05-31,2012-04-30,0.023042347862615387,0.023042347862615387,0.0005309497950217759
2012-05-31,FR,AR(1),9.7,9.701949463910587,2007-05-31,2012-04-30,-0.001949463910587923,0.001949463910587923,3.8004095386847577e-06
2012-05-31,GB,AR(1),8.0,8.123616130577252,2007-05-31,2012-04-30,-0.12361613057725229,0.12361613057725229,0.015280947738892289
2012-05-31,IT,AR(1),10.6,10.719939517875337,2007-05-31,2012-04-30,-0.11993951787533774,0.11993951787533774,0.014385487948168461
2012-05-31,JP,AR(1),4.4,4.5123198716811865,2007-05-31,2012-04-30,-0.11231987168118618,0.11231987168118618,0.012615753574478129
2012-05-31,KR,AR(1),3.2,3.3027503369032445,2007-05-31,2012-04-30,-0.10275033690324431,0.10275033690324431,0.01055763173373021
2012-05-31,US,AR(1),8.2,8.254171998605319,2007-05-31,2012-04-30,-0.054171998605319516,0.054171998605319516,0.0029346054328947394
2012-06-30,AU,RW,5.162393,5.200464,2007-06-30,2012-05-31,-0.03807100000000041,0.03807100000000041,0.0014494010410000312
2012-06-30,CA,RW,7.4,7.6,2007-06-30,2012-05-31,-0.1999999999999993,0.1999999999999993,0.039999999999999716
2012-06-30,DE,RW,5.1,5.1,2007-06-30,2012-05-31,0.0,0.0,0.0
2012-06-30,FR,RW,9.7,9.7,2007-06-30,2012-05-31,0.0,0.0,0.0
2012-06-30,GB,RW,8.0,8.0,2007-06-30,2012-05-31,0.0,0.0,0.0
2012-06-30,IT,RW,11.0,10.6,2007-06-30,2012-05-31,0.40000000000000036,0.40000000000000036,0.16000000000000028
2012-06-30,JP,RW,4.3,4.4,2007-06-30,2012-05-31,-0.10000000000000053,0.10000000000000053,0.010000000000000106
2012-06-30,KR,RW,3.2,3.2,2007-06-30,2012-05-31,0.0,0.0,0.0
2012-06-30,US,RW,8.2,8.2,2007-06-30,2012-05-31,0.0,0.0,0.0
2012-06-30,AU,AR(1),5.162393,5.209839430319279,2007-06-30,2012-05-31,-0.04744643031927964,0.04744643031927964,0.0022511637500422584
2012-06-30,CA,AR(1),7.4,7.619237638136389,2007-06-30,2012-05-31,-0.21923763813638875,0.21923763813638875,0.04806514197562214
2012-06-30,DE,AR(1),5.1,5.082194545805956,2007-06-30,2012-05-31,0.017805454194043335,0.017805454194043335,0.0003170341990561754
2012-06-30,FR,AR(1),9.7,9.70295064114531,2007-06-30,2012-05-31,-0.0029506411453112946,0.0029506411453112946,8.706283168403948e-06
2012-06-30,GB,AR(1),8.0,8.022464791139377,2007-06-30,2012-05-31,-0.022464791139377382,0.022464791139377382,0.0005046668409358486
2012-06-30,IT,AR(1),11.0,10.61106814830674,2007-06-30,2012-05-31,0.3889318516932594,0.3889318516932594,0.15126798526154753
2012-06-30,JP,AR(1),4.3,4.413354569399402,2007-06-30,2012-05-31,-0.11335456939940247,0.11335456939940247,0.01284925840372395
2012-06-30,KR,AR(1),3.2,3.2037942602625926,2007-06-30,2012-05-31,-0.0037942602625924415,0.0037942602625924415,1.4396410940288063e-05
2012-06-30,US,AR(1),8.2,8.25627313494622,2007-06-30,2012-05-31,-0.05627313494622044,0.05627313494622044,0.0031666657166755357
2012-07-31,AU,RW,5.182356,5.162393,2007-07-31,2012-06-30,0.01996300000000062,0.01996300000000062,0.0003985213690000247
2012-07-31,CA,RW,7.3,7.4,2007-07-31,2012-06-30,-0.10000000000000053,0.10000000000000053,0.010000000000000106
2012-07-31,DE,RW,5.1,5.1,2007-07-31,2012-06-30,0.0,0.0,0.0
2012-07-31,FR,RW,9.7,9.7,2007-07-31,2012-06-30,0.0,0.0,0.0
2012-07-31,GB,RW,7.9,8.0,2007-07-31,2012-06-30,-0.09999999999999964,0.09999999999999964,0.009999999999999929
2012-07-31,IT,RW,11.1,11.0,2007-07-31,2012-06-30,0.09999999999999964,0.09999999999999964,0.009999999999999929
2012-07-31,JP,RW,4.3,4.3,2007-07-31,2012-06-30,0.0,0.0,0.0
2012-07-31,KR,RW,3.2,3.2,2007-07-31,2012-06-30,0.0,0.0,0.0
2012-07-31,US,RW,8.2,8.2,2007-07-31,2012-06-30,0.0,0.0,0.0
2012-07-31,AU,AR(1),5.182356,5.171486483909296,2007-07-31,2012-06-30,0.010869516090703968,0.010869516090703968,0.00011814638004607247
2012-07-31,CA,AR(1),7.3,7.422777607381636,2007-07-31,2012-06-30,-0.12277760738163579,0.12277760738163579,0.015074340874359106
2012-07-31,DE,AR(1),5.1,5.081794867051556,2007-07-31,2012-06-30,0.018205132948443392,0.018205132948443392,0.0003314268656704992
2012-07-31,FR,AR(1),9.7,9.705654819427767,2007-07-31,2012-06-30,-0.005654819427768132,0.005654819427768132,3.1976982760663904e-05
2012-07-31,GB,AR(1),7.9,8.025501075037274,2007-07-31,2012-06-30,-0.12550107503727403,0.12550107503727403,0.015750519835511487
2012-07-31,IT,AR(1),11.1,11.011409243520028,2007-07-31,2012-06-30,0.08859075647997194,0.08859075647997194,0.007848322133693691
2012-07-31,JP,AR(1),4.3,4.3158228616784555,2007-07-31,2012-06-30,-0.015822861678455702,0.015822861678455702,0.000250362951695542
2012-07-31,KR,AR(1),3.2,3.205324853771746,2007-07-31,2012-06-30,-0.00532485377174563,0.00532485377174563,2.8354067690473662e-05
2012-07-31,US,AR(1),8.2,8.254521913026188,2007-07-31,2012-06-30,-0.05452191302618914,0.05452191302618914,0.002972639000035333
2012-08-31,AU,RW,5.157031,5.182356,2007-08-31,2012-07-31,-0.025325000000000486,0.025325000000000486,0.0006413556250000246
2012-08-31,CA,RW,7.4,7.3,2007-08-31,2012-07-31,0.10000000000000053,0.10000000000000053,0.010000000000000106
2012-08-31,DE,RW,5.0,5.1,2007-08-31,2012-07-31,-0.09999999999999964,0.09999999999999964,0.009999999999999929
2012-08-31,FR,RW,9.7,9.7,2007-08-31,2012-07-31,0.0,0.0,0.0
2012-08-31,GB,RW,7.8,7.9,2007-08-31,2012-07-31,-0.10000000000000053,0.10000000000000053,0.010000000000000106
2012-08-31,IT,RW,11.1,11.1,2007-08-31,2012-07-31,0.0,0.0,0.0
2012-08-31,JP,RW,4.2,4.3,2007-08-31,2012-07-31,-0.09999999999999964,0.09999999999999964,0.009999999999999929
2012-08-31,KR,RW,3.2,3.2,2007-08-31,2012-07-31,0.0,0.0,0.0
2012-08-31,US,RW,8.1,8.2,2007-08-31,2012-07-31,-0.09999999999999964,0.09999999999999964,0.009999999999999929
2012-08-31,AU,AR(1),5.157031,5.192699581333399,2007-08-31,2012-07-31,-0.03566858133339945,0.03566858133339945,0.0012722476943373318
2012-08-31,CA,AR(1),7.4,7.325671094974163,2007-08-31,2012-07-31,0.07432890502583778,0.07432890502583778,0.0055247861223400125
2012-08-31,DE,AR(1),5.0,5.081414661355593,2007-08-31,2012-07-31,-0.08141466135559305,0.08141466135559305,0.006628347083645897
2012-08-31,FR,AR(1),9.7,9.704092683560688,2007-08-31,2012-07-31,-0.004092683560688926,0.004092683560688926,1.6750058727933382e-05
2012-08-31,GB,AR(1),7.8,7.926765992688598,2007-08-31,2012-07-31,-0.12676599268859778,0.12676599268859778,0.016069616902325626
2012-08-31,IT,AR(1),11.1,11.10590029188893,2007-08-31,2012-07-31,-0.0059002918889294875,0.0059002918889294875,3.48134443745671e-05
2012-08-31,JP,AR(1),4.2,4.31786960463318,2007-08-31,2012-07-31,-0.11786960463317975,0.11786960463317975,0.013893243696382108
2012-08-31,KR,AR(1),3.2,3.203790348379823,2007-08-31,2012-07-31,-0.0037903483798227278,0.0037903483798227278,1.4366740840424778e-05
2012-08-31,US,AR(1),8.1,8.254132609520568,2007-08-31,2012-07-31,-0.15413260952056795,0.15413260952056795,0.023756861317619875
2012-09-30,AU,RW,5.488333,5.157031,2007-09-30,2012-08-31,0.331302,0.331302,0.10976101520399999
2012-09-30,CA,RW,7.4,7.4,2007-09-30,2012-08-31,0.0,0.0,0.0
2012-09-30,DE,RW,5.0,5.0,2007-09-30,2012-08-31,0.0,0.0,0.0
2012-09-30,FR,RW,9.8,9.7,2007-09-30,2012-08-31,0.10000000000000142,0.10000000000000142,0.010000000000000285
2012-09-30,GB,RW,7.8,7.8,2007-09-30,2012-08-31,0.0,0.0,0.0
2012-09-30,IT,RW,11.3,11.1,2007-09-30,2012-08-31,0.20000000000000107,0.20000000000000107,0.040000000000000424
2012-09-30,JP,RW,4.2,4.2,2007-09-30,2012-08-31,0.0,0.0,0.0
2012-09-30,KR,RW,3.2,3.2,2007-09-30,2012-08-31,0.0,0.0,0.0
2012-09-30,US,RW,7.8,8.1,2007-09-30,2012-08-31,-0.2999999999999998,0.2999999999999998,0.0899999999999999
2012-09-30,AU,AR(1),5.488333,5.166679086226426,2007-09-30,2012-08-31,0.32165391377357366,0.32165391377357366,0.10346124024585757
2012-09-30,CA,AR(1),7.4,7.425737657534042,2007-09-30,2012-08-31,-0.02573765753404178,0.02573765753404178,0.0006624270153396176
2012-09-30,DE,AR(1),5.0,4.986873458858889,2007-09-30,2012-08-31,0.013126541141111225,0.013126541141111225,0.0001723060823292856
2012-09-30,FR,AR(1),9.8,9.703896656457044,2007-09-30,2012-08-31,0.09610334354295702,0.09610334354295702,0.009235852640135619
2012-09-30,GB,AR(1),7.8,7.826978431549612,2007-09-30,2012-08-31,-0.02697843154961177,0.02697843154961177,0.0007278357688770877
2012-09-30,IT,AR(1),11.3,11.101400456129571,2007-09-30,2012-08-31,0.19859954387042933,0.19859954387042933,0.03944177882554258
2012-09-30,JP,AR(1),4.2,4.218169205063503,2007-09-30,2012-08-31,-0.018169205063502503,0.018169205063502503,0.00033012001263960496
2012-09-30,KR,AR(1),3.2,3.206032667994503,2007-09-30,2012-08-31,-0.0060326679945026385,0.0060326679945026385,3.639308313189648e-05
2012-09-30,US,AR(1),7.8,8.157808753507725,2007-09-30,2012-08-31,-0.357808753507725,0.357808753507725,0.12802710408675191
2012-10-31,AU,RW,5.410439,5.488333,2007-10-31,2012-09-30,-0.07789399999999969,0.07789399999999969,0.006067475235999951
2012-10-31,CA,RW,7.4,7.4,2007-10-31,2012-09-30,0.0,0.0,0.0
2012-10-31,DE,RW,5.0,5.0,2007-10-31,2012-09-30,0.0,0.0,0.0
2012-10-31,FR,RW,10.1,9.8,2007-10-31,2012-09-30,0.29999999999999893,0.29999999999999893,0.08999999999999936
2012-10-31,GB,RW,7.8,7.8,2007-10-31,2012-09-30,0.0,0.0,0.0
2012-10-31,IT,RW,11.6,11.3,2007-10-31,2012-09-30,0.29999999999999893,0.29999999999999893,0.08999999999999936
2012-10-31,JP,RW,4.1,4.2,2007-10-31,2012-09-30,-0.10000000000000053,0.10000000000000053,0.010000000000000106
2012-10-31,KR,RW,3.1,3.2,2007-10-31,2012-09-30,-0.10000000000000009,0.10000000000000009,0.010000000000000018
2012-10-31,US,RW,7.8,7.8,2007-10-31,2012-09-30,0.0,0.0,0.0
2012-10-31,AU,AR(1),5.410439,5.496043068780325,2007-10-31,2012-09-30,-0.08560406878032456,0.08560406878032456,0.007328056591746538
2012-10-31,CA,AR(1),7.4,7.426482894589113,2007-10-31,2012-09-30,-0.026482894589112682,0.026482894589112682,0.0007013437058180537
2012-10-31,DE,AR(1),5.0,4.987244607653049,2007-10-31,2012-09-30,0.012755392346950778,0.012755392346950778,0.00016270003392465047
2012-10-31,FR,AR(1),10.1,9.804187885855367,2007-10-31,2012-09-30,0.29581211414463304,0.29581211414463304,0.08750480687471741
2012-10-31,GB,AR(1),7.8,7.82913748477467,2007-10-31,2012-09-30,-0.029137484774670597,0.029137484774670597,0.0008489930189941609
2012-10-31,IT,AR(1),11.6,11.299642325386827,2007-10-31,2012-09-30,0.3003576746131724,0.3003576746131724,0.09021473269903237
2012-10-31,JP,AR(1),4.1,4.215498537519265,2007-10-31,2012-09-30,-0.1154985375192652,0.1154985375192652,0.013339912169089111
2012-10-31,KR,AR(1),3.1,3.2062991225115582,2007-10-31,2012-09-30,-0.10629912251155815,0.10629912251155815,0.01129950344672725
2012-10-31,US,AR(1),7.8,7.860932767172801,2007-10-31,2012-09-30,-0.06093276717280105,0.06093276717280105,0.003712802115334781
2012-11-30,AU,RW,5.256884,5.410439,2007-11-30,2012-10-31,-0.15355499999999989,0.15355499999999989,0.023579138024999963
2012-11-30,CA,RW,7.4,7.4,2007-11-30,2012-10-31,0.0,0.0,0.0
2012-11-30,DE,RW,5.0,5.0,2007-11-30,2012-10-31,0.0,0.0,0.0
2012-11-30,FR,RW,10.2,10.1,2007-11-30,2012-10-31,0.09999999999999964,0.09999999999999964,0.009999999999999929
2012-11-30,GB,RW,7.8,7.8,2007-11-30,2012-10-31,0.0,0.0,0.0
2012-11-30,IT,RW,11.6,11.6,2007-11-30,2012-10-31,0.0,0.0,0.0
2012-11-30,JP,RW,4.1,4.1,2007-11-30,2012-10-31,0.0,0.0,0.0
2012-11-30,KR,RW,3.2,3.1,2007-11-30,2012-10-31,0.10000000000000009,0.10000000000000009,0.010000000000000018
2012-11-30,US,RW,7.7,7.8,2007-11-30,2012-10-31,-0.09999999999999964,0.09999999999999964,0.009999999999999929
2012-11-30,AU,AR(1),5.256884,5.417661023085027,2007-11-30,2012-10-31,-0.16077702308502673,0.16077702308502673,0.025849251152083218
2012-11-30,CA,AR(1),7.4,7.4271302775149435,2007-11-30,2012-10-31,-0.027130277514943124,0.027130277514943124,0.0007360519580378285
2012-11-30,DE,AR(1),5.0,4.987452580729322,2007-11-30,2012-10-31,0.012547419270678262,0.012547419270678262,0.0001574377303541882
2012-11-30,FR,AR(1),10.2,10.105095561318453,2007-11-30,2012-10-31,0.09490443868154586,0.09490443868154586,0.009006852481459297
2012-11-30,GB,AR(1),7.8,7.830295633432625,2007-11-30,2012-10-31,-0.030295633432625202,0.030295633432625202,0.0009178254050839979
2012-11-30,IT,AR(1),11.6,11.59855311543328,2007-11-30,2012-10-31,0.0014468845667199304,0.0014468845667199304,2.093474949412321e-06
2012-11-30,JP,AR(1),4.1,4.115070337090904,2007-11-30,2012-10-31,-0.015070337090904218,0.015070337090904218,0.0002271150600334834
2012-11-30,KR,AR(1),3.2,3.1073911037906687,2007-11-30,2012-10-31,0.09260889620933144,0.09260889620933144,0.008576407657110723
2012-11-30,US,AR(1),7.7,7.862371304479879,2007-11-30,2012-10-31,-0.1623713044798789,0.1623713044798789,0.026364440518497543
2012-12-31,AU,RW,5.432442,5.256884,2007-12-31,2012-11-30,0.17555799999999966,0.17555799999999966,0.03082061136399988
2012-12-31,CA,RW,7.3,7.4,2007-12-31,2012-11-30,-0.10000000000000053,0.10000000000000053,0.010000000000000106
2012-12-31,DE,RW,5.0,5.0,2007-12-31,2012-11-30,0.0,0.0,0.0
2012-12-31,FR,RW,10.3,10.2,2007-12-31,2012-11-30,0.10000000000000142,0.10000000000000142,0.010000000000000285
2012-12-31,GB,RW,7.8,7.8,2007-12-31,2012-11-30,0.0,0.0,0.0
2012-12-31,IT,RW,11.7,11.6,2007-12-31,2012-11-30,0.09999999999999964,0.09999999999999964,0.009999999999999929
2012-12-31,JP,RW,4.3,4.1,2007-12-31,2012-11-30,0.20000000000000018,0.20000000000000018,0.04000000000000007
2012-12-31,KR,RW,3.2,3.2,2007-12-31,2012-11-30,0.0,0.0,0.0
2012-12-31,US,RW,7.9,7.7,2007-12-31,2012-11-30,0.20000000000000018,0.20000000000000018,0.04000000000000007
2012-12-31,AU,AR(1),5.432442,5.264088788688866,2007-12-31,2012-11-30,0.16835321131113368,0.16835321131113368,0.02834280375877123
2012-12-31,CA,AR(1),7.3,7.426459551502963,2007-12-31,2012-11-30,-0.12645955150296295,0.12645955150296295,0.01599201816633054
2012-12-31,DE,AR(1),5.0,4.990889676238664,2007-12-31,2012-11-30,0.009110323761335692,0.009110323761335692,8.299799903635771e-05
2012-12-31,FR,AR(1),10.3,10.20552046408042,2007-12-31,2012-11-30,0.09447953591958047,0.09447953591958047,0.008926382707579296
2012-12-31,GB,AR(1),7.8,7.830535836708589,2007-12-31,2012-11-30,-0.03053583670858906,0.03053583670858906,0.0009324373234936151
2012-12-31,IT,AR(1),11.7,11.592228580688047,2007-12-31,2012-11-30,0.10777141931195189,0.10777141931195189,0.011614678820512557
2012-12-31,JP,AR(1),4.3,4.119526888060521,2007-12-31,2012-11-30,0.18047311193947912,0.18047311193947912,0.032570544133119765
2012-12-31,KR,AR(1),3.2,3.2051026655248,2007-12-31,2012-11-30,-0.005102665524799654,0.005102665524799654,2.6037195457978932e-05
2012-12-31,US,AR(1),7.9,7.766058634760783,2007-12-31,2012-11-30,0.13394136523921762,0.13394136523921762,0.017940289322145496
2013-01-31,AU,RW,5.389523,5.432442,2008-01-31,2012-12-31,-0.042919000000000374,0.042919000000000374,0.001842040561000032
2013-01-31,CA,RW,7.1,7.3,2008-01-31,2012-12-31,-0.20000000000000018,0.20000000000000018,0.04000000000000007
2013-01-31,DE,RW,5.1,5.0,2008-01-31,2012-12-31,0.09999999999999964,0.09999999999999964,0.009999999999999929
2013-01-31,FR,RW,10.4,10.3,2008-01-31,2012-12-31,0.09999999999999964,0.09999999999999964,0.009999999999999929
2013-01-31,GB,RW,8.0,7.8,2008-01-31,2012-12-31,0.20000000000000018,0.20000000000000018,0.04000000000000007
2013-01-31,IT,RW,12.0,11.7,2008-01-31,2012-12-31,0.3000000000000007,0.3000000000000007,0.09000000000000043
2013-01-31,JP,RW,4.2,4.3,2008-01-31,2012-12-31,-0.09999999999999964,0.09999999999999964,0.009999999999999929
2013-01-31,KR,RW,3.2,3.2,2008-01-31,2012-12-31,0.0,0.0,0.0
2013-01-31,US,RW,8.0,7.9,2008-01-31,2012-12-31,0.09999999999999964,0.09999999999999964,0.009999999999999929
2013-01-31,AU,AR(1),5.389523,5.440035472589869,2008-01-31,2012-12-31,-0.050512472589869795,0.050512472589869795,0.0025515098871423474
2013-01-31,CA,AR(1),7.1,7.326524782685812,2008-01-31,2012-12-31,-0.22652478268581255,0.22652478268581255,0.051313477170854604
2013-01-31,DE,AR(1),5.1,4.989916985046211,2008-01-31,2012-12-31,0.1100830149537888,0.1100830149537888,0.01211827018131609
2013-01-31,FR,AR(1),10.4,10.309910083169047,2008-01-31,2012-12-31,0.09008991683095324,0.09008991683095324,0.008116193114608072
2013-01-31,GB,AR(1),8.0,7.832106229220819,2008-01-31,2012-12-31,0.16789377077918122,0.16789377077918122,0.028188318266452246
2013-01-31,IT,AR(1),12.0,11.690942887435067,2008-01-31,2012-12-31,0.3090571125649326,0.3090571125649326,0.09551629882697343
2013-01-31,JP,AR(1),4.2,4.318528744325816,2008-01-31,2012-12-31,-0.11852874432581562,0.11852874432581562,0.014049063231454568
2013-01-31,KR,AR(1),3.2,3.20821982614865,2008-01-31,2012-12-31,-0.008219826148649911,0.008219826148649911,6.756554191402884e-05
2013-01-31,US,AR(1),8.0,7.959656807438231,2008-01-31,2012-12-31,0.040343192561769214,0.040343192561769214,0.0016275731860759908
2013-02-28,AU,RW,5.394335,5.389523,2008-02-29,2013-01-31,0.0048120000000002605,0.0048120000000002605,2.3155344000002506e-05
2013-02-28,CA,RW,7.1,7.1,2008-02-29,2013-01-31,0.0,0.0,0.0
2013-02-28,DE,RW,5.1,5.1,2008-02-29,2013-01-31,0.0,0.0,0.0
2013-02-28,FR,RW,10.4,10.4,2008-02-29,2013-01-31,0.0,0.0,0.0
2013-02-28,GB,RW,7.8,8.0,2008-02-29,2013-01-31,-0.20000000000000018,0.20000000000000018,0.04000000000000007
2013-02-28,IT,RW,12.0,12.0,2008-02-29,2013-01-31,0.0,0.0,0.0
2013-02-28,JP,RW,4.3,4.2,2008-02-29,2013-01-31,0.09999999999999964,0.09999999999999964,0.009999999999999929
2013-02-28,KR,RW,3.1,3.2,2008-02-29,2013-01-31,-0.10000000000000009,0.10000000000000009,0.010000000000000018
2013-02-28,US,RW,7.7,8.0,2008-02-29,2013-01-31,-0.2999999999999998,0.2999999999999998,0.0899999999999999
2013-02-28,AU,AR(1),5.394335,5.399307293376717,2008-02-29,2013-01-31,-0.0049722933767171185,0.0049722933767171185,2.4723701424144922e-05
2013-02-28,CA,AR(1),7.1,7.131648190852452,2008-02-29,2013-01-31,-0.03164819085245263,0.03164819085245263,0.0010016079842332663
2013-02-28,DE,AR(1),5.1,5.090091040990345,2008-02-29,2013-01-31,0.00990895900965505,0.00990895900965505,9.818746865502398e-05
2013-02-28,FR,AR(1),10.4,10.410429433505598,2008-02-29,2013-01-31,-0.010429433505597885,0.010429433505597885,0.00010877308324768778
2013-02-28,GB,AR(1),7.8,8.030391057335263,2008-02-29,2013-01-31,-0.23039105733526366,0.23039105733526366,0.05308003930006075
2013-02-28,IT,AR(1),12.0,11.98642341584511,2008-02-29,2013-01-31,0.01357658415489027,0.01357658415489027,0.00018432363731481755
2013-02-28,JP,AR(1),4.3,4.217094718860949,2008-02-29,2013-01-31,0.08290528113905093,0.08290528113905093,0.006873285640745075
2013-02-28,KR,AR(1),3.1,3.2101521666006163,2008-02-29,2013-01-31,-0.11015216660061622,0.11015216660061622,0.012133499806809911
2013-02-28,US,AR(1),7.7,8.060153591142527,2008-02-29,2013-01-31,-0.36015359114252643,0.36015359114252643,0.1297106092128581
2013-03-31,AU,RW,5.640448,5.394335,2008-03-31,2013-02-28,0.24611300000000025,0.24611300000000025,0.06057160876900012
2013-03-31,CA,RW,7.3,7.1,2008-03-31,2013-02-28,0.20000000000000018,0.20000000000000018,0.04000000000000007
2013-03-31,DE,RW,5.0,5.1,2008-03-31,2013-02-28,-0.09999999999999964,0.09999999999999964,0.009999999999999929
2013-03-31,FR,RW,10.4,10.4,2008-03-31,2013-02-28,0.0,0.0,0.0
2013-03-31,GB,RW,7.8,7.8,2008-03-31,2013-02-28,0.0,0.0,0.0
2013-03-31,IT,RW,12.0,12.0,2008-03-31,2013-02-28,0.0,0.0,0.0
2013-03-31,JP,RW,4.1,4.3,2008-03-31,2013-02-28,-0.20000000000000018,0.20000000000000018,0.04000000000000007
2013-03-31,KR,RW,3.0,3.1,2008-03-31,2013-02-28,-0.10000000000000009,0.10000000000000009,0.010000000000000018
2013-03-31,US,RW,7.5,7.7,2008-03-31,2013-02-28,-0.20000000000000018,0.20000000000000018,0.04000000000000007
2013-03-31,AU,AR(1),5.640448,5.407194466099381,2008-03-31,2013-02-28,0.2332535339006192,0.2332535339006192,0.05440721107712731
2013-03-31,CA,AR(1),7.3,7.134661431467504,2008-03-31,2013-02-28,0.16533856853249596,0.16533856853249596,0.02733684224437486
2013-03-31,DE,AR(1),5.0,5.0963240415231175,2008-03-31,2013-02-28,-0.09632404152311747,0.09632404152311747,0.009278320975347257
2013-03-31,FR,AR(1),10.4,10.408642053211048,2008-03-31,2013-02-28,-0.00864205321104805,0.00864205321104805,7.468508370258593e-05
2013-03-31,GB,AR(1),7.8,7.8329762179013365,2008-03-31,2013-02-28,-0.032976217901336646,0.032976217901336646,0.0010874309470764354
2013-03-31,IT,AR(1),12.0,11.972715793404173,2008-03-31,2013-02-28,0.027284206595826532,0.027284206595826532,0.0007444279295637441
2013-03-31,JP,AR(1),4.1,4.315762142292461,2008-03-31,2013-02-28,-0.21576214229246116,0.21576214229246116,0.04655330204663226
2013-03-31,KR,AR(1),3.0,3.113181001699999,2008-03-31,2013-02-28,-0.11318100169999878,0.11318100169999878,0.012809939145815128
2013-03-31,US,AR(1),7.5,7.770621112414406,2008-03-31,2013-02-28,-0.270621112414406,0.270621112414406,0.07323578648441058
2013-04-30,AU,RW,5.589105,5.640448,2008-04-30,2013-03-31,-0.05134300000000014,0.05134300000000014,0.002636103649000014
2013-04-30,CA,RW,7.2,7.3,2008-04-30,2013-03-31,-0.09999999999999964,0.09999999999999964,0.009999999999999929
2013-04-30,DE,RW,5.0,5.0,2008-04-30,2013-03-31,0.0,0.0,0.0
2013-04-30,FR,RW,10.5,10.4,2008-04-30,2013-03-31,0.09999999999999964,0.09999999999999964,0.009999999999999929
2013-04-30,GB,RW,7.7,7.8,2008-04-30,2013-03-31,-0.09999999999999964,0.09999999999999964,0.009999999999999929
2013-04-30,IT,RW,12.2,12.0,2008-04-30,2013-03-31,0.1999999999999993,0.1999999999999993,0.039999999999999716
2013-04-30,JP,RW,4.1,4.1,2008-04-30,2013-03-31,0.0,0.0,0.0
2013-04-30,KR,RW,3.0,3.0,2008-04-30,2013-03-31,0.0,0.0,0.0
2013-04-30,US,RW,7.6,7.5,2008-04-30,2013-03-31,0.09999999999999964,0.09999999999999964,0.009999999999999929
2013-04-30,AU,AR(1),5.589105,5.648186998345772,2008-04-30,2013-03-31,-0.05908199834577221,0.05908199834577221,0.0034906825285298307
2013-04-30,CA,AR(1),7.2,7.330086254643453,2008-04-30,2013-03-31,-0.13008625464345247,0.13008625464345247,0.01692243364716116
2013-04-30,DE,AR(1),5.0,4.998649323459428,2008-04-30,2013-03-31,0.0013506765405724153,0.0013506765405724153,1.8243271172526672e-06
2013-04-30,FR,AR(1),10.5,10.408456092722094,2008-04-30,2013-03-31,0.09154390727790584,0.09154390727790584,0.008380286959705822
2013-04-30,GB,AR(1),7.7,7.832720413132092,2008-04-30,2013-03-31,-0.13272041313209204,0.13272041313209204,0.01761470806195319
2013-04-30,IT,AR(1),12.2,11.976300926642423,2008-04-30,2013-03-31,0.22369907335757588,0.22369907335757588,0.05004127542103812
2013-04-30,JP,AR(1),4.1,4.123067923805114,2008-04-30,2013-03-31,-0.023067923805114354,0.023067923805114354,0.0005321291086785615
2013-04-30,KR,AR(1),3.0,3.0152027837842406,2008-04-30,2013-03-31,-0.015202783784240559,0.015202783784240559,0.00023112463479036768
2013-04-30,US,AR(1),7.6,7.57286140187208,2008-04-30,2013-03-31,0.027138598127919522,0.027138598127919522,0.000736503508348717
2013-05-31,AU,RW,5.609777,5.589105,2008-05-31,2013-04-30,0.020672000000000246,0.020672000000000246,0.00042733158400001017
2013-05-31,CA,RW,7.1,7.2,2008-05-31,2013-04-30,-0.10000000000000053,0.10000000000000053,0.010000000000000106
2013-05-31,DE,RW,5.0,5.0,2008-05-31,2013-04-30,0.0,0.0,0.0
2013-05-31,FR,RW,10.4,10.5,2008-05-31,2013-04-30,-0.09999999999999964,0.09999999999999964,0.009999999999999929
2013-05-31,GB,RW,7.7,7.7,2008-05-31,2013-04-30,0.0,0.0,0.0
2013-05-31,IT,RW,12.4,12.2,2008-05-31,2013-04-30,0.20000000000000107,0.20000000000000107,0.040000000000000424
2013-05-31,JP,RW,4.1,4.1,2008-05-31,2013-04-30,0.0,0.0,0.0
2013-05-31,KR,RW,3.1,3.0,2008-05-31,2013-04-30,0.10000000000000009,0.10000000000000009,0.010000000000000018
2013-05-31,US,RW,7.5,7.6,2008-05-31,2013-04-30,-0.09999999999999964,0.09999999999999964,0.009999999999999929
2013-05-31,AU,AR(1),5.609777,5.595533694495605,2008-05-31,2013-04-30,0.014243305504395565,0.014243305504395565,0.000202871751691545
2013-05-31,CA,AR(1),7.1,7.23227845235934,2008-05-31,2013-04-30,-0.13227845235934055,0.13227845235934055,0.017497588958582326
2013-05-31,DE,AR(1),5.0,4.997875014383923,2008-05-31,2013-04-30,0.002124985616076991,0.002124985616076991,4.515563868534109e-06
2013-05-31,FR,AR(1),10.4,10.50609620235881,2008-05-31,2013-04-30,-0.10609620235880968,0.10609620235880968,0.011256404154961493
2013-05-31,GB,AR(1),7.7,7.737763720243498,2008-05-31,2013-04-30,-0.03776372024349772,0.03776372024349772,0.0014260985666291596
2013-05-31,IT,AR(1),12.4,12.171359733180141,2008-05-31,2013-04-30,0.22864026681985905,0.22864026681985905,0.05227637161145634
2013-05-31,JP,AR(1),4.1,4.121240969863164,2008-05-31,2013-04-30,-0.021240969863164594,0.021240969863164594,0.0004511788007278665
2013-05-31,KR,AR(1),3.1,3.0132563637748606,2008-05-31,2013-04-30,0.08674363622513948,0.08674363622513948,0.0075244584255593295
2013-05-31,US,AR(1),7.5,7.673523771841958,2008-05-31,2013-04-30,-0.17352377184195777,0.17352377184195777,0.030110499394259818
2013-06-30,AU,RW,5.694923,5.609777,2008-06-30,2013-05-31,0.08514599999999994,0.08514599999999994,0.007249841315999991
2013-06-30,CA,RW,7.2,7.1,2008-06-30,2013-05-31,0.10000000000000053,0.10000000000000053,0.010000000000000106
2013-06-30,DE,RW,4.9,5.0,2008-06-30,2013-05-31,-0.09999999999999964,0.09999999999999964,0.009999999999999929
2013-06-30,FR,RW,10.4,10.4,2008-06-30,2013-05-31,0.0,0.0,0.0
2013-06-30,GB,RW,7.7,7.7,2008-06-30,2013-05-31,0.0,0.0,0.0
2013-06-30,IT,RW,12.5,12.4,2008-06-30,2013-05-31,0.09999999999999964,0.09999999999999964,0.009999999999999929
2013-06-30,JP,RW,3.9,4.1,2008-06-30,2013-05-31,-0.19999999999999973,0.19999999999999973,0.0399999999999999
2013-06-30,KR,RW,3.1,3.1,2008-06-30,2013-05-31,0.0,0.0,0.0
2013-06-30,US,RW,7.5,7.5,2008-06-30,2013-05-31,0.0,0.0,0.0
2013-06-30,AU,AR(1),5.694923,5.617925140220834,2008-06-30,2013-05-31,0.07699785977916651,0.07699785977916651,0.005928670410572188
2013-06-30,CA,AR(1),7.2,7.132938909750618,2008-06-30,2013-05-31,0.067061090249382,0.067061090249382,0.004497189825435758
2013-06-30,DE,AR(1),4.9,4.996099459124107,2008-06-30,2013-05-31,-0.09609945912410645,0.09609945912410645,0.009235106043945805
2013-06-30,FR,AR(1),10.4,10.413323558398535,2008-06-30,2013-05-31,-0.013323558398534274,0.013323558398534274,0.0001775172083991532
2013-06-30,GB,AR(1),7.7,7.736077856376385,2008-06-30,2013-05-31,-0.03607785637638461,0.03607785637638461,0.0013016117207150357
2013-06-30,IT,AR(1),12.5,12.382919868347809,2008-06-30,2013-05-31,0.117080131652191,0.117080131652191,0.013707757227694376
2013-06-30,JP,AR(1),3.9,4.11813689374764,2008-06-30,2013-05-31,-0.21813689374764023,0.21813689374764023,0.047583704413869284
2013-06-30,KR,AR(1),3.1,3.1087714708782794,2008-06-30,2013-05-31,-0.008771470878279342,0.008771470878279342,7.693870136850257e-05
2013-06-30,US,AR(1),7.5,7.5671012069221595,2008-06-30,2013-05-31,-0.06710120692215948,0.06710120692215948,0.004502571970410464
2013-07-31,AU,RW,5.635702,5.694923,2008-07-31,2013-06-30,-0.05922099999999997,0.05922099999999997,0.0035071268409999964
2013-07-31,CA,RW,7.3,7.2,2008-07-31,2013-06-30,0.09999999999999964,0.09999999999999964,0.009999999999999929
2013-07-31,DE,RW,4.9,4.9,2008-07-31,2013-06-30,0.0,0.0,0.0
2013-07-31,FR,RW,10.3,10.4,2008-07-31,2013-06-30,-0.09999999999999964,0.09999999999999964,0.009999999999999929
2013-07-31,GB,RW,7.7,7.7,2008-07-31,2013-06-30,0.0,0.0,0.0
2013-07-31,IT,RW,12.3,12.5,2008-07-31,2013-06-30,-0.1999999999999993,0.1999999999999993,0.039999999999999716
2013-07-31,JP,RW,3.8,3.9,2008-07-31,2013-06-30,-0.10000000000000009,0.10000000000000009,0.010000000000000018
2013-07-31,KR,RW,3.2,3.1,2008-07-31,2013-06-30,0.10000000000000009,0.10000000000000009,0.010000000000000018
2013-07-31,US,RW,7.3,7.5,2008-07-31,2013-06-30,-0.20000000000000018,0.20000000000000018,0.04000000000000007
2013-07-31,AU,AR(1),5.635702,5.703417218851866,2008-07-31,2013-06-30,-0.06771521885186615,0.06771521885186615,0.00458535086415613
2013-07-31,CA,AR(1),7.3,7.233108500613945,2008-07-31,2013-06-30,0.06689149938605521,0.06689149938605521,0.0044744726901146245
2013-07-31,DE,AR(1),4.9,4.89666753022976,2008-07-31,2013-06-30,0.003332469770239932,0.003332469770239932,1.1105354769562985e-05
2013-07-31,FR,AR(1),10.3,10.41445836049338,2008-07-31,2013-06-30,-0.11445836049337998,0.11445836049337998,0.013100716286832528
2013-07-31,GB,AR(1),7.7,7.7356511912521935,2008-07-31,2013-06-30,-0.03565119125219329,0.03565119125219329,0.0012710074377004635
2013-07-31,IT,AR(1),12.3,12.486251450876962,2008-07-31,2013-06-30,-0.18625145087696104,0.18625145087696104,0.03468960295377303
2013-07-31,JP,AR(1),3.8,3.9204199235981627,2008-07-31,2013-06-30,-0.12041992359816289,0.12041992359816289,0.014500957999387389
2013-07-31,KR,AR(1),3.2,3.110053206603303,2008-07-31,2013-06-30,0.08994679339669709,0.08994679339669709,0.00809042564234811
2013-07-31,US,AR(1),7.3,7.563806463534797,2008-07-31,2013-06-30,-0.263806463534797,0.263806463534797,0.06959385020273616
2013-08-31,AU,RW,5.84368,5.635702,2008-08-31,2013-07-31,0.20797799999999977,0.20797799999999977,0.04325484848399991
2013-08-31,CA,RW,7.3,7.3,2008-08-31,2013-07-31,0.0,0.0,0.0
2013-08-31,DE,RW,4.9,4.9,2008-08-31,2013-07-31,0.0,0.0,0.0
2013-08-31,FR,RW,10.1,10.3,2008-08-31,2013-07-31,-0.20000000000000107,0.20000000000000107,0.040000000000000424
2013-08-31,GB,RW,7.6,7.7,2008-08-31,2013-07-31,-0.10000000000000053,0.10000000000000053,0.010000000000000106
2013-08-31,IT,RW,12.7,12.3,2008-08-31,2013-07-31,0.3999999999999986,0.3999999999999986,0.15999999999999887
2013-08-31,JP,RW,4.1,3.8,2008-08-31,2013-07-31,0.2999999999999998,0.2999999999999998,0.0899999999999999
2013-08-31,KR,RW,3.2,3.2,2008-08-31,2013-07-31,0.0,0.0,0.0
2013-08-31,US,RW,7.2,7.3,2008-08-31,2013-07-31,-0.09999999999999964,0.09999999999999964,0.009999999999999929
2013-08-31,AU,AR(1),5.84368,5.644654480729438,2008-08-31,2013-07-31,0.19902551927056233,0.19902551927056233,0.03961115732091698
2013-08-31,CA,AR(1),7.3,7.331536836223724,2008-08-31,2013-07-31,-0.03153683622372405,0.03153683622372405,0.0009945720390019935
2013-08-31,DE,AR(1),4.9,4.899828748388377,2008-08-31,2013-07-31,0.0001712516116230134,0.0001712516116230134,2.9327114483479413e-08
2013-08-31,FR,AR(1),10.1,10.313385109794183,2008-08-31,2013-07-31,-0.21338510979418324,0.21338510979418324,0.04553320508187563
2013-08-31,GB,AR(1),7.6,7.733442453191929,2008-08-31,2013-07-31,-0.13344245319192893,0.13344245319192893,0.017806888313880144
2013-08-31,IT,AR(1),12.7,12.28786898999807,2008-08-31,2013-07-31,0.41213101000192864,0.41213101000192864,0.1698519694052098
2013-08-31,JP,AR(1),4.1,3.82528593840711,2008-08-31,2013-07-31,0.2747140615928898,0.2747140615928898,0.07546781563686206
2013-08-31,KR,AR(1),3.2,3.209195936909945,2008-08-31,2013-07-31,-0.009195936909944802,0.009195936909944802,8.456525565168515e-05
2013-08-31,US,AR(1),7.2,7.367120265418942,2008-08-31,2013-07-31,-0.16712026541894165,0.16712026541894165,0.027929183113697503
2013-09-30,AU,RW,5.706468,5.84368,2008-09-30,2013-08-31,-0.1372119999999999,0.1372119999999999,0.01882713294399997
2013-09-30,CA,RW,7.1,7.3,2008-09-30,2013-08-31,-0.20000000000000018,0.20000000000000018,0.04000000000000007
2013-09-30,DE,RW,4.9,4.9,2008-09-30,2013-08-31,0.0,0.0,0.0
2013-09-30,FR,RW,10.3,10.1,2008-09-30,2013-08-31,0.20000000000000107,0.20000000000000107,0.040000000000000424
2013-09-30,GB,RW,7.4,7.6,2008-09-30,2013-08-31,-0.1999999999999993,0.1999999999999993,0.039999999999999716
2013-09-30,IT,RW,12.6,12.7,2008-09-30,2013-08-31,-0.09999999999999964,0.09999999999999964,0.009999999999999929
2013-09-30,JP,RW,3.9,4.1,2008-09-30,2013-08-31,-0.19999999999999973,0.19999999999999973,0.0399999999999999
2013-09-30,KR,RW,3.0,3.2,2008-09-30,2013-08-31,-0.20000000000000018,0.20000000000000018,0.04000000000000007
2013-09-30,US,RW,7.2,7.2,2008-09-30,2013-08-31,0.0,0.0,0.0
2013-09-30,AU,AR(1),5.706468,5.856419488895808,2008-09-30,2013-08-31,-0.149951488895808,0.149951488895808,0.022485449022069632
2013-09-30,CA,AR(1),7.1,7.330457904864793,2008-09-30,2013-08-31,-0.23045790486479323,0.23045790486479323,0.053110845914670086
2013-09-30,DE,AR(1),4.9,4.897167117923097,2008-09-30,2013-08-31,0.0028328820769036867,0.0028328820769036867,8.025220861642145e-06
2013-09-30,FR,AR(1),10.3,10.121192811406324,2008-09-30,2013-08-31,0.1788071885936766,0.1788071885936766,0.03197201069277464
2013-09-30,GB,AR(1),7.4,7.632263036359341,2008-09-30,2013-08-31,-0.23226303635934098,0.23226303635934098,0.05394611805886055
2013-09-30,IT,AR(1),12.6,12.696879902771688,2008-09-30,2013-08-31,-0.09687990277168801,0.09687990277168801,0.009385715561051722
2013-09-30,JP,AR(1),3.9,4.114999963989513,2008-09-30,2013-08-31,-0.21499996398951327,0.21499996398951327,0.046224984515492
2013-09-30,KR,AR(1),3.0,3.2049946591944916,2008-09-30,2013-08-31,-0.20499465919449156,0.20499465919449156,0.04202281029826574
2013-09-30,US,AR(1),7.2,7.258924290199522,2008-09-30,2013-08-31,-0.0589242901995215,0.0589242901995215,0.0034720719755174257
2013-10-31,AU,RW,5.823086,5.706468,2008-10-31,2013-09-30,0.11661799999999989,0.11661799999999989,0.013599757923999974
2013-10-31,CA,RW,7.3,7.1,2008-10-31,2013-09-30,0.20000000000000018,0.20000000000000018,0.04000000000000007
2013-10-31,DE,RW,4.8,4.9,2008-10-31,2013-09-30,-0.10000000000000053,0.10000000000000053,0.010000000000000106
2013-10-31,FR,RW,10.1,10.3,2008-10-31,2013-09-30,-0.20000000000000107,0.20000000000000107,0.040000000000000424
2013-10-31,GB,RW,7.2,7.4,2008-10-31,2013-09-30,-0.20000000000000018,0.20000000000000018,0.04000000000000007
2013-10-31,IT,RW,12.5,12.6,2008-10-31,2013-09-30,-0.09999999999999964,0.09999999999999964,0.009999999999999929
2013-10-31,JP,RW,4.0,3.9,2008-10-31,2013-09-30,0.10000000000000009,0.10000000000000009,0.010000000000000018
2013-10-31,KR,RW,3.1,3.0,2008-10-31,2013-09-30,0.10000000000000009,0.10000000000000009,0.010000000000000018
2013-10-31,US,RW,7.2,7.2,2008-10-31,2013-09-30,0.0,0.0,0.0
2013-10-31,AU,AR(1),5.823086,5.716668626747527,2008-10-31,2013-09-30,0.10641737325247291,0.10641737325247291,0.011324657329956137
2013-10-31,CA,AR(1),7.3,7.132462562194862,2008-10-31,2013-09-30,0.1675374378051382,0.1675374378051382,0.028068793066310545
2013-10-31,DE,AR(1),4.8,4.899073938909598,2008-10-31,2013-09-30,-0.09907393890959781,0.09907393890959781,0.00981564537106272
2013-10-31,FR,AR(1),10.1,10.318969137377579,2008-10-31,2013-09-30,-0.21896913737757906,0.21896913737757906,0.04794748312388109
2013-10-31,GB,AR(1),7.2,7.434242971668424,2008-10-31,2013-09-30,-0.234242971668424,0.234242971668424,0.05486976977605409
2013-10-31,IT,AR(1),12.5,12.597134897746528,2008-10-31,2013-09-30,-0.09713489774652828,0.09713489774652828,0.009435188360228506
2013-10-31,JP,AR(1),4.0,3.919903531502714,2008-10-31,2013-09-30,0.08009646849728602,0.08009646849728602,0.006415444265736732
2013-10-31,KR,AR(1),3.1,3.009519117308008,2008-10-31,2013-09-30,0.09048088269199228,0.09048088269199228,0.008186790132722069
2013-10-31,US,AR(1),7.2,7.26107520407081,2008-10-31,2013-09-30,-0.061075204070809797,0.061075204070809797,0.0037301805522910614
2013-11-30,AU,RW,5.796395,5.823086,2008-11-30,2013-10-31,-0.026690999999999576,0.026690999999999576,0.0007124094809999774
2013-11-30,CA,RW,7.1,7.3,2008-11-30,2013-10-31,-0.20000000000000018,0.20000000000000018,0.04000000000000007
2013-11-30,DE,RW,4.8,4.8,2008-11-30,2013-10-31,0.0,0.0,0.0
2013-11-30,FR,RW,10.2,10.1,2008-11-30,2013-10-31,0.09999999999999964,0.09999999999999964,0.009999999999999929
2013-11-30,GB,RW,7.2,7.2,2008-11-30,2013-10-31,0.0,0.0,0.0
2013-11-30,IT,RW,12.5,12.5,2008-11-30,2013-10-31,0.0,0.0,0.0
2013-11-30,JP,RW,3.9,4.0,2008-11-30,2013-10-31,-0.10000000000000009,0.10000000000000009,0.010000000000000018
2013-11-30,KR,RW,3.1,3.1,2008-11-30,2013-10-31,0.0,0.0,0.0
2013-11-30,US,RW,6.9,7.2,2008-11-30,2013-10-31,-0.2999999999999998,0.2999999999999998,0.0899999999999999
2013-11-30,AU,AR(1),5.796395,5.832848822874829,2008-11-30,2013-10-31,-0.03645382287482857,0.03645382287482857,0.0013288812021893745
2013-11-30,CA,AR(1),7.1,7.328203752030059,2008-11-30,2013-10-31,-0.22820375203005927,0.22820375203005927,0.05207695244059678
2013-11-30,DE,AR(1),4.8,4.798430071266174,2008-11-30,2013-10-31,0.0015699287338257761,0.0015699287338257761,2.4646762292918045e-06
2013-11-30,FR,AR(1),10.2,10.121861038621578,2008-11-30,2013-10-31,0.07813896137842136,0.07813896137842136,0.006105697285298424
2013-11-30,GB,AR(1),7.2,7.233802418382147,2008-11-30,2013-10-31,-0.03380241838214726,0.03380241838214726,0.001142603488481727
2013-11-30,IT,AR(1),12.5,12.502072106066748,2008-11-30,2013-10-31,-0.002072106066748347,0.002072106066748347,4.293623551855305e-06
2013-11-30,JP,AR(1),3.9,4.021391405962677,2008-11-30,2013-10-31,-0.12139140596267728,0.12139140596267728,0.01473587344159552
2013-11-30,KR,AR(1),3.1,3.1061811350412656,2008-11-30,2013-10-31,-0.006181135041265495,0.006181135041265495,3.8206430398360194e-05
2013-11-30,US,AR(1),6.9,7.253850712674467,2008-11-30,2013-10-31,-0.35385071267446655,0.35385071267446655,0.12521032686022787
2013-12-31,AU,RW,5.900763,5.796395,2008-12-31,2013-11-30,0.10436800000000002,0.10436800000000002,0.010892679424000004
2013-12-31,CA,RW,7.4,7.1,2008-12-31,2013-11-30,0.3000000000000007,0.3000000000000007,0.09000000000000043
2013-12-31,DE,RW,4.8,4.8,2008-12-31,2013-11-30,0.0,0.0,0.0
2013-12-31,FR,RW,10.2,10.2,2008-12-31,2013-11-30,0.0,0.0,0.0
2013-12-31,GB,RW,7.1,7.2,2008-12-31,2013-11-30,-0.10000000000000053,0.10000000000000053,0.010000000000000106
2013-12-31,IT,RW,12.7,12.5,2008-12-31,2013-11-30,0.1999999999999993,0.1999999999999993,0.039999999999999716
2013-12-31,JP,RW,3.7,3.9,2008-12-31,2013-11-30,-0.19999999999999973,0.19999999999999973,0.0399999999999999
2013-12-31,KR,RW,3.3,3.1,2008-12-31,2013-11-30,0.19999999999999973,0.19999999999999973,0.0399999999999999
2013-12-31,US,RW,6.7,6.9,2008-12-31,2013-11-30,-0.20000000000000018,0.20000000000000018,0.04000000000000007
2013-12-31,AU,AR(1),5.900763,5.807533586651911,2008-12-31,2013-11-30,0.0932294133480891,0.0932294133480891,0.008691723513228854
2013-12-31,CA,AR(1),7.4,7.121794474118755,2008-12-31,2013-11-30,0.27820552588124503,0.27820552588124503,0.0773983146308601
2013-12-31,DE,AR(1),4.8,4.789778702470275,2008-12-31,2013-11-30,0.010221297529724893,0.010221297529724893,0.0001044749231911602
2013-12-31,FR,AR(1),10.2,10.223287733912034,2008-12-31,2013-11-30,-0.02328773391203498,0.02328773391203498,0.0005423185507577441
2013-12-31,GB,AR(1),7.1,7.227027582972007,2008-12-31,2013-11-30,-0.12702758297200756,0.12702758297200756,0.016136006835710263
2013-12-31,IT,AR(1),12.7,12.521189224956093,2008-12-31,2013-11-30,0.17881077504390674,0.17881077504390674,0.03197329327180262
2013-12-31,JP,AR(1),3.7,3.914706072570754,2008-12-31,2013-11-30,-0.21470607257075391,0.21470607257075391,0.04609869759875784
2013-12-31,KR,AR(1),3.3,3.102318689889538,2008-12-31,2013-11-30,0.19768131011046197,0.19768131011046197,0.03907790036698863
2013-12-31,US,AR(1),6.7,6.941504483797353,2008-12-31,2013-11-30,-0.24150448379735323,0.24150448379735323,0.05832441569422605
2014-01-31,AU,RW,5.947085,5.900763,2009-01-31,2013-12-31,0.046321999999999974,0.046321999999999974,0.0021457276839999978
2014-01-31,CA,RW,7.3,7.4,2009-01-31,2013-12-31,-0.10000000000000053,0.10000000000000053,0.010000000000000106
2014-01-31,DE,RW,4.8,4.8,2009-01-31,2013-12-31,0.0,0.0,0.0
2014-01-31,FR,RW,10.2,10.2,2009-01-31,2013-12-31,0.0,0.0,0.0
2014-01-31,GB,RW,6.9,7.1,2009-01-31,2013-12-31,-0.1999999999999993,0.1999999999999993,0.039999999999999716
2014-01-31,IT,RW,12.9,12.7,2009-01-31,2013-12-31,0.20000000000000107,0.20000000000000107,0.040000000000000424
2014-01-31,JP,RW,3.7,3.7,2009-01-31,2013-12-31,0.0,0.0,0.0
2014-01-31,KR,RW,3.3,3.3,2009-01-31,2013-12-31,0.0,0.0,0.0
2014-01-31,US,RW,6.6,6.7,2009-01-31,2013-12-31,-0.10000000000000053,0.10000000000000053,0.010000000000000106
2014-01-31,AU,AR(1),5.947085,5.912715998164189,2009-01-31,2013-12-31,0.034369001835811375,0.034369001835811375,0.0011812282871900056
2014-01-31,CA,AR(1),7.3,7.413371739992327,2009-01-31,2013-12-31,-0.11337173999232686,0.11337173999232686,0.012853151428887766
2014-01-31,DE,AR(1),4.8,4.781901087947215,2009-01-31,2013-12-31,0.018098912052784577,0.018098912052784577,0.0003275706174944308
2014-01-31,FR,AR(1),10.2,10.22418033011799,2009-01-31,2013-12-31,-0.024180330117991033,0.024180330117991033,0.0005846883646150242
2014-01-31,GB,AR(1),6.9,7.122843940459375,2009-01-31,2013-12-31,-0.2228439404593745,0.2228439404593745,0.04965942179946125
2014-01-31,IT,AR(1),12.9,12.740344050731116,2009-01-31,2013-12-31,0.1596559492688847,0.1596559492688847,0.02549002213694869
2014-01-31,JP,AR(1),3.7,3.7048129135515127,2009-01-31,2013-12-31,-0.004812913551512477,0.004812913551512477,2.316413685433244e-05
2014-01-31,KR,AR(1),3.3,3.300449156471653,2009-01-31,2013-12-31,-0.00044915647165311157,0.00044915647165311157,2.017415360278724e-07
2014-01-31,US,AR(1),6.6,6.725074983574677,2009-01-31,2013-12-31,-0.1250749835746774,0.1250749835746774,0.01564375151620582
2014-02-28,AU,RW,5.876436,5.947085,2009-02-28,2014-01-31,-0.0706490000000004,0.0706490000000004,0.004991281201000057
2014-02-28,CA,RW,7.3,7.3,2009-02-28,2014-01-31,0.0,0.0,0.0
2014-02-28,DE,RW,4.8,4.8,2009-02-28,2014-01-31,0.0,0.0,0.0
2014-02-28,FR,RW,10.2,10.2,2009-02-28,2014-01-31,0.0,0.0,0.0
2014-02-28,GB,RW,6.7,6.9,2009-02-28,2014-01-31,-0.20000000000000018,0.20000000000000018,0.04000000000000007
2014-02-28,IT,RW,12.9,12.9,2009-02-28,2014-01-31,0.0,0.0,0.0
2014-02-28,JP,RW,3.6,3.7,2009-02-28,2014-01-31,-0.10000000000000009,0.10000000000000009,0.010000000000000018
2014-02-28,KR,RW,3.5,3.3,2009-02-28,2014-01-31,0.20000000000000018,0.20000000000000018,0.04000000000000007
2014-02-28,US,RW,6.7,6.6,2009-02-28,2014-01-31,0.10000000000000053,0.10000000000000053,0.010000000000000106
2014-02-28,AU,AR(1),5.876436,5.958772750748086,2009-02-28,2014-01-31,-0.08233675074808566,0.08233675074808566,0.006779340523752385
2014-02-28,CA,AR(1),7.3,7.301214439726915,2009-02-28,2014-01-31,-0.0012144397269153728,0.0012144397269153728,1.4748638503102853e-06
2014-02-28,DE,AR(1),4.8,4.771989639426263,2009-02-28,2014-01-31,0.02801036057373718,0.02801036057373718,0.0007845802994707703
2014-02-28,FR,AR(1),10.2,10.2270860464651,2009-02-28,2014-01-31,-0.02708604646510082,0.02708604646510082,0.0007336539131096008
2014-02-28,GB,AR(1),6.7,6.912098418435612,2009-02-28,2014-01-31,-0.2120984184356116,0.2120984184356116,0.04498573910288779
2014-02-28,IT,AR(1),12.9,12.964282861544618,2009-02-28,2014-01-31,-0.06428286154461738,0.06428286154461738,0.0041322862883644475
2014-02-28,JP,AR(1),3.6,3.698591986473689,2009-02-28,2014-01-31,-0.09859198647368883,0.09859198647368883,0.00972037979682804
2014-02-28,KR,AR(1),3.5,3.3011015367273977,2009-02-28,2014-01-31,0.1988984632726023,0.1988984632726023,0.03956059869220273
2014-02-28,US,AR(1),6.7,6.599371310163202,2009-02-28,2014-01-31,0.10062868983679785,0.10062868983679785,0.010126133218270461
2014-03-31,AU,RW,5.875191,5.876436,2009-03-31,2014-02-28,-0.0012449999999999406,0.0012449999999999406,1.550024999999852e-06
2014-03-31,CA,RW,7.1,7.3,2009-03-31,2014-02-28,-0.20000000000000018,0.20000000000000018,0.04000000000000007
2014-03-31,DE,RW,4.8,4.8,2009-03-31,2014-02-28,0.0,0.0,0.0
2014-03-31,FR,RW,10.2,10.2,2009-03-31,2014-02-28,0.0,0.0,0.0
2014-03-31,GB,RW,6.6,6.7,2009-03-31,2014-02-28,-0.10000000000000053,0.10000000000000053,0.010000000000000106
2014-03-31,IT,RW,12.7,12.9,2009-03-31,2014-02-28,-0.20000000000000107,0.20000000000000107,0.040000000000000424
2014-03-31,JP,RW,3.7,3.6,2009-03-31,2014-02-28,0.10000000000000009,0.10000000000000009,0.010000000000000018
2014-03-31,KR,RW,3.4,3.5,2009-03-31,2014-02-28,-0.10000000000000009,0.10000000000000009,0.010000000000000018
2014-03-31,US,RW,6.7,6.7,2009-03-31,2014-02-28,0.0,0.0,0.0
2014-03-31,AU,AR(1),5.875191,5.883065588385092,2009-03-31,2014-02-28,-0.007874588385091918,0.007874588385091918,6.200914223462455e-05
2014-03-31,CA,AR(1),7.1,7.289429608736125,2009-03-31,2014-02-28,-0.18942960873612513,0.18942960873612513,0.03588357666592146
2014-03-31,DE,AR(1),4.8,4.7660938757141675,2009-03-31,2014-02-28,0.033906124285832284,0.033906124285832284,0.0011496252640863058
2014-03-31,FR,AR(1),10.2,10.223037296770553,2009-03-31,2014-02-28,-0.02303729677055344,0.02303729677055344,0.0005307170424945519
2014-03-31,GB,AR(1),6.6,6.699870049936682,2009-03-31,2014-02-28,-0.09987004993668247,0.09987004993668247,0.00997402687435545
2014-03-31,IT,AR(1),12.7,12.975090214094243,2009-03-31,2014-02-28,-0.2750902140942433,0.2750902140942433,0.0756746258904166
2014-03-31,JP,AR(1),3.7,3.589109518844392,2009-03-31,2014-02-28,0.11089048115560818,0.11089048115560818,0.012296698810922293
2014-03-31,KR,AR(1),3.4,3.5028519845407446,2009-03-31,2014-02-28,-0.10285198454074473,0.10285198454074473,0.010578530723969594
2014-03-31,US,AR(1),6.7,6.684490998345529,2009-03-31,2014-02-28,0.015509001654471,0.015509001654471,0.0002405291323183842
2014-04-30,AU,RW,5.80466,5.875191,2009-04-30,2014-03-31,-0.0705309999999999,0.0705309999999999,0.004974621960999986
2014-04-30,CA,RW,7.1,7.1,2009-04-30,2014-03-31,0.0,0.0,0.0
2014-04-30,DE,RW,4.8,4.8,2009-04-30,2014-03-31,0.0,0.0,0.0
2014-04-30,FR,RW,10.1,10.2,2009-04-30,2014-03-31,-0.09999999999999964,0.09999999999999964,0.009999999999999929
2014-04-30,GB,RW,6.4,6.6,2009-04-30,2014-03-31,-0.1999999999999993,0.1999999999999993,0.039999999999999716
2014-04-30,IT,RW,12.8,12.7,2009-04-30,2014-03-31,0.10000000000000142,0.10000000000000142,0.010000000000000285
2014-04-30,JP,RW,3.6,3.7,2009-04-30,2014-03-31,-0.10000000000000009,0.10000000000000009,0.010000000000000018
2014-04-30,KR,RW,3.6,3.4,2009-04-30,2014-03-31,0.20000000000000018,0.20000000000000018,0.04000000000000007
2014-04-30,US,RW,6.2,6.7,2009-04-30,2014-03-31,-0.5,0.5,0.25
2014-04-30,AU,AR(1),5.80466,5.874953615044733,2009-04-30,2014-03-31,-0.07029361504473286,0.07029361504473286,0.004941192316057094
2014-04-30,CA,AR(1),7.1,7.082302622506134,2009-04-30,2014-03-31,0.017697377493865574,0.017697377493865574,0.00031319717016037974
2014-04-30,DE,AR(1),4.8,4.764391722070765,2009-04-30,2014-03-31,0.035608277929235044,0.035608277929235044,0.0012679494570856475
2014-04-30,FR,AR(1),10.1,10.218075405034135,2009-04-30,2014-03-31,-0.11807540503413527,0.11807540503413527,0.013941801273975098
2014-04-30,GB,AR(1),6.4,6.5956451818095445,2009-04-30,2014-03-31,-0.19564518180954416,0.19564518180954416,0.03827703716528959
2014-04-30,IT,AR(1),12.8,12.767899227849519,2009-04-30,2014-03-31,0.032100772150482015,0.032100772150482015,0.0010304595726571618
2014-04-30,JP,AR(1),3.6,3.6869391560440694,2009-04-30,2014-03-31,-0.08693915604406932,0.08693915604406932,0.007558416853655035
2014-04-30,KR,AR(1),3.6,3.3984527104513105,2009-04-30,2014-03-31,0.2015472895486896,0.2015472895486896,0.04062130992442333
2014-04-30,US,AR(1),6.2,6.678037337154164,2009-04-30,2014-03-31,-0.47803733715416374,0.47803733715416374,0.22851969571344363
2014-05-31,AU,RW,5.930003,5.80466,2009-05-31,2014-04-30,0.12534299999999998,0.12534299999999998,0.015710867648999996
2014-05-31,CA,RW,7.3,7.1,2009-05-31,2014-04-30,0.20000000000000018,0.20000000000000018,0.04000000000000007
2014-05-31,DE,RW,4.7,4.8,2009-05-31,2014-04-30,-0.09999999999999964,0.09999999999999964,0.009999999999999929
2014-05-31,FR,RW,10.1,10.1,2009-05-31,2014-04-30,0.0,0.0,0.0
2014-05-31,GB,RW,6.3,6.4,2009-05-31,2014-04-30,-0.10000000000000053,0.10000000000000053,0.010000000000000106
2014-05-31,IT,RW,12.7,12.8,2009-05-31,2014-04-30,-0.10000000000000142,0.10000000000000142,0.010000000000000285
2014-05-31,JP,RW,3.6,3.6,2009-05-31,2014-04-30,0.0,0.0,0.0
2014-05-31,KR,RW,3.5,3.6,2009-05-31,2014-04-30,-0.10000000000000009,0.10000000000000009,0.010000000000000018
2014-05-31,US,RW,6.3,6.2,2009-05-31,2014-04-30,0.09999999999999964,0.09999999999999964,0.009999999999999929
2014-05-31,AU,AR(1),5.930003,5.80775486032958,2009-05-31,2014-04-30,0.12224813967042003,0.12224813967042003,0.014944607652878524
2014-05-31,CA,AR(1),7.3,7.081004427523204,2009-05-31,2014-04-30,0.21899557247679624,0.21899557247679624,0.04795906076443972
2014-05-31,DE,AR(1),4.7,4.760707907617146,2009-05-31,2014-04-30,-0.06070790761714573,0.06070790761714573,0.0036854500472519006
2014-05-31,FR,AR(1),10.1,10.11467372592396,2009-05-31,2014-04-30,-0.0146737259239611,0.0146737259239611,0.00021531823249152805
2014-05-31,GB,AR(1),6.3,6.385868103297955,2009-05-31,2014-04-30,-0.08586810329795558,0.08586810329795558,0.007373331163988369
2014-05-31,IT,AR(1),12.7,12.876375688877117,2009-05-31,2014-04-30,-0.1763756888771173,0.1763756888771173,0.031108383626877678
2014-05-31,JP,AR(1),3.6,3.580673307951475,2009-05-31,2014-04-30,0.019326692048525107,0.019326692048525107,0.0003735210255385236
2014-05-31,KR,AR(1),3.5,3.5975790606216864,2009-05-31,2014-04-30,-0.09757906062168642,0.09757906062168642,0.009521673071810753
2014-05-31,US,AR(1),6.3,6.163180398183558,2009-05-31,2014-04-30,0.13681960181644204,0.13681960181644204,0.01871960344120975
2014-06-30,AU,RW,6.048375,5.930003,2009-06-30,2014-05-31,0.11837199999999992,0.11837199999999992,0.014011930383999982
2014-06-30,CA,RW,7.2,7.3,2009-06-30,2014-05-31,-0.09999999999999964,0.09999999999999964,0.009999999999999929
2014-06-30,DE,RW,4.7,4.7,2009-06-30,2014-05-31,0.0,0.0,0.0
2014-06-30,FR,RW,10.2,10.1,2009-06-30,2014-05-31,0.09999999999999964,0.09999999999999964,0.009999999999999929
2014-06-30,GB,RW,6.1,6.3,2009-06-30,2014-05-31,-0.20000000000000018,0.20000000000000018,0.04000000000000007
2014-06-30,IT,RW,12.4,12.7,2009-06-30,2014-05-31,-0.29999999999999893,0.29999999999999893,0.08999999999999936
2014-06-30,JP,RW,3.7,3.6,2009-06-30,2014-05-31,0.10000000000000009,0.10000000000000009,0.010000000000000018
2014-06-30,KR,RW,3.5,3.5,2009-06-30,2014-05-31,0.0,0.0,0.0
2014-06-30,US,RW,6.1,6.3,2009-06-30,2014-05-31,-0.20000000000000018,0.20000000000000018,0.04000000000000007
2014-06-30,AU,AR(1),6.048375,5.927183356447404,2009-06-30,2014-05-31,0.12119164355259571,0.12119164355259571,0.014687414466979413
2014-06-30,CA,AR(1),7.2,7.280370217445182,2009-06-30,2014-05-31,-0.08037021744518213,0.08037021744518213,0.0064593718521858585
2014-06-30,DE,AR(1),4.7,4.6623799514405375,2009-06-30,2014-05-31,0.03762004855946266,0.03762004855946266,0.0014152680536163285
2014-06-30,FR,AR(1),10.2,10.110930485705818,2009-06-30,2014-05-31,0.08906951429418086,0.08906951429418086,0.00793337837660129
2014-06-30,GB,AR(1),6.1,6.288116132401383,2009-06-30,2014-05-31,-0.18811613240138314,0.18811613240138314,0.035387679269654713
2014-06-30,IT,AR(1),12.4,12.763025423554797,2009-06-30,2014-05-31,-0.36302542355479694,0.36302542355479694,0.1317874581471397
2014-06-30,JP,AR(1),3.7,3.5832707754539985,2009-06-30,2014-05-31,0.11672922454600165,0.11672922454600165,0.013625711863110875
2014-06-30,KR,AR(1),3.5,3.4926014063020077,2009-06-30,2014-05-31,0.0073985936979923395,0.0073985936979923395,5.4739188707971963e-05
2014-06-30,US,AR(1),6.1,6.267875785069768,2009-06-30,2014-05-31,-0.16787578506976875,0.16787578506976875,0.028182279212791192
2014-07-31,AU,RW,6.171325,6.048375,2009-07-31,2014-06-30,0.12295000000000034,0.12295000000000034,0.015116702500000082
2014-07-31,CA,RW,7.1,7.2,2009-07-31,2014-06-30,-0.10000000000000053,0.10000000000000053,0.010000000000000106
2014-07-31,DE,RW,4.7,4.7,2009-07-31,2014-06-30,0.0,0.0,0.0
2014-07-31,FR,RW,10.2,10.2,2009-07-31,2014-06-30,0.0,0.0,0.0
2014-07-31,GB,RW,6.0,6.1,2009-07-31,2014-06-30,-0.09999999999999964,0.09999999999999964,0.009999999999999929
2014-07-31,IT,RW,13.0,12.4,2009-07-31,2014-06-30,0.5999999999999996,0.5999999999999996,0.3599999999999996
2014-07-31,JP,RW,3.7,3.7,2009-07-31,2014-06-30,0.0,0.0,0.0
2014-07-31,KR,RW,3.5,3.5,2009-07-31,2014-06-30,0.0,0.0,0.0
2014-07-31,US,RW,6.2,6.1,2009-07-31,2014-06-30,0.10000000000000053,0.10000000000000053,0.010000000000000106
2014-07-31,AU,AR(1),6.171325,6.045130079252319,2009-07-31,2014-06-30,0.12619492074768157,0.12619492074768157,0.01592515802251363
2014-07-31,CA,AR(1),7.1,7.178128046666451,2009-07-31,2014-06-30,-0.07812804666645157,0.07812804666645157,0.006103991675915234
2014-07-31,DE,AR(1),4.7,4.6627944733552065,2009-07-31,2014-06-30,0.03720552664479371,0.03720552664479371,0.0013842512129164544
2014-07-31,FR,AR(1),10.2,10.21139087841718,2009-07-31,2014-06-30,-0.011390878417181227,0.011390878417181227,0.0001297521111150051
2014-07-31,GB,AR(1),6.0,6.086051866376093,2009-07-31,2014-06-30,-0.08605186637609297,0.08605186637609297,0.007404923706808959
2014-07-31,IT,AR(1),13.0,12.45448911302217,2009-07-31,2014-06-30,0.54551088697783,0.54551088697783,0.2975821278113388
2014-07-31,JP,AR(1),3.7,3.6828575569673188,2009-07-31,2014-06-30,0.01714244303268142,0.01714244303268142,0.00029386335312872776
2014-07-31,KR,AR(1),3.5,3.4924673984838734,2009-07-31,2014-06-30,0.007532601516126558,0.007532601516126558,5.674008560075212e-05
2014-07-31,US,AR(1),6.2,6.066168356030194,2009-07-31,2014-06-30,0.13383164396980618,0.13383164396980618,0.017910908927660958
2014-08-31,AU,RW,6.10046,6.171325,2009-08-31,2014-07-31,-0.0708650000000004,0.0708650000000004,0.0050218482250000565
2014-08-31,CA,RW,7.0,7.1,2009-08-31,2014-07-31,-0.09999999999999964,0.09999999999999964,0.009999999999999929
2014-08-31,DE,RW,4.7,4.7,2009-08-31,2014-07-31,0.0,0.0,0.0
2014-08-31,FR,RW,10.2,10.2,2009-08-31,2014-07-31,0.0,0.0,0.0
2014-08-31,GB,RW,6.0,6.0,2009-08-31,2014-07-31,0.0,0.0,0.0
2014-08-31,IT,RW,12.7,13.0,2009-08-31,2014-07-31,-0.3000000000000007,0.3000000000000007,0.09000000000000043
2014-08-31,JP,RW,3.5,3.7,2009-08-31,2014-07-31,-0.20000000000000018,0.20000000000000018,0.04000000000000007
2014-08-31,KR,RW,3.5,3.5,2009-08-31,2014-07-31,0.0,0.0,0.0
2014-08-31,US,RW,6.1,6.2,2009-08-31,2014-07-31,-0.10000000000000053,0.10000000000000053,0.010000000000000106
2014-08-31,AU,AR(1),6.10046,6.173668492861572,2009-08-31,2014-07-31,-0.07320849286157216,0.07320849286157216,0.0053594834270628625
2014-08-31,CA,AR(1),7.0,7.076033541244938,2009-08-31,2014-07-31,-0.07603354124493844,0.07603354124493844,0.005781099394245755
2014-08-31,DE,AR(1),4.7,4.658821720640397,2009-08-31,2014-07-31,0.04117827935960339,0.04117827935960339,0.0016956506910175383
2014-08-31,FR,AR(1),10.2,10.214272012661409,2009-08-31,2014-07-31,-0.014272012661409761,0.014272012661409761,0.00020369034540744052
2014-08-31,GB,AR(1),6.0,5.981612196846857,2009-08-31,2014-07-31,0.018387803153142812,0.018387803153142812,0.0003381113047987287
2014-08-31,IT,AR(1),12.7,13.061728125871728,2009-08-31,2014-07-31,-0.3617281258717284,0.3617281258717284,0.130847237046673
2014-08-31,JP,AR(1),3.5,3.6760474210632053,2009-08-31,2014-07-31,-0.17604742106320526,0.17604742106320526,0.030992694463005486
2014-08-31,KR,AR(1),3.5,3.4942615780596484,2009-08-31,2014-07-31,0.005738421940351568,0.005738421940351568,3.2929486365508254e-05
2014-08-31,US,AR(1),6.1,6.161932778976977,2009-08-31,2014-07-31,-0.06193277897697769,0.06193277897697769,0.003835669111811169
2014-09-30,AU,RW,6.236833,6.10046,2009-09-30,2014-08-31,0.13637299999999986,0.13637299999999986,0.01859759512899996
2014-09-30,CA,RW,7.0,7.0,2009-09-30,2014-08-31,0.0,0.0,0.0
2014-09-30,DE,RW,4.7,4.7,2009-09-30,2014-08-31,0.0,0.0,0.0
2014-09-30,FR,RW,10.3,10.2,2009-09-30,2014-08-31,0.10000000000000142,0.10000000000000142,0.010000000000000285
2014-09-30,GB,RW,5.9,6.0,2009-09-30,2014-08-31,-0.09999999999999964,0.09999999999999964,0.009999999999999929
2014-09-30,IT,RW,12.9,12.7,2009-09-30,2014-08-31,0.20000000000000107,0.20000000000000107,0.040000000000000424
2014-09-30,JP,RW,3.5,3.5,2009-09-30,2014-08-31,0.0,0.0,0.0
2014-09-30,KR,RW,3.5,3.5,2009-09-30,2014-08-31,0.0,0.0,0.0
2014-09-30,US,RW,5.9,6.1,2009-09-30,2014-08-31,-0.1999999999999993,0.1999999999999993,0.039999999999999716
2014-09-30,AU,AR(1),6.236833,6.100126887422249,2009-09-30,2014-08-31,0.1367061125777509,0.1367061125777509,0.0186885612161207
2014-09-30,CA,AR(1),7.0,6.9778656503154135,2009-09-30,2014-08-31,0.022134349684586496,0.022134349684586496,0.0004899294359595543
2014-09-30,DE,AR(1),4.7,4.661893069822404,2009-09-30,2014-08-31,0.038106930177596254,0.038106930177596254,0.001452138127560196
2014-09-30,FR,AR(1),10.3,10.21172032738218,2009-09-30,2014-08-31,0.08827967261782099,0.08827967261782099,0.007793300597509653
2014-09-30,GB,AR(1),5.9,5.986444972166619,2009-09-30,2014-08-31,-0.0864449721666185,0.0864449721666185,0.007472733212887448
2014-09-30,IT,AR(1),12.9,12.753107316892818,2009-09-30,2014-08-31,0.14689268310718262,0.14689268310718262,0.021577460350427173
2014-09-30,JP,AR(1),3.5,3.4775996897201877,2009-09-30,2014-08-31,0.022400310279812263,0.022400310279812263,0.000501773900631863
2014-09-30,KR,AR(1),3.5,3.4923537012023154,2009-09-30,2014-08-31,0.007646298797684636,0.007646298797684636,5.846588530347352e-05
2014-09-30,US,AR(1),5.9,6.063459466696061,2009-09-30,2014-08-31,-0.16345946669606093,0.16345946669606093,0.02671899725256065
2014-10-31,AU,RW,6.357332,6.236833,2009-10-31,2014-09-30,0.12049900000000058,0.12049900000000058,0.01452000900100014
2014-10-31,CA,RW,6.8,7.0,2009-10-31,2014-09-30,-0.20000000000000018,0.20000000000000018,0.04000000000000007
2014-10-31,DE,RW,4.7,4.7,2009-10-31,2014-09-30,0.0,0.0,0.0
2014-10-31,FR,RW,10.4,10.3,2009-10-31,2014-09-30,0.09999999999999964,0.09999999999999964,0.009999999999999929
2014-10-31,GB,RW,5.9,5.9,2009-10-31,2014-09-30,0.0,0.0,0.0
2014-10-31,IT,RW,12.9,12.9,2009-10-31,2014-09-30,0.0,0.0,0.0
2014-10-31,JP,RW,3.6,3.5,2009-10-31,2014-09-30,0.10000000000000009,0.10000000000000009,0.010000000000000018
2014-10-31,KR,RW,3.6,3.5,2009-10-31,2014-09-30,0.10000000000000009,0.10000000000000009,0.010000000000000018
2014-10-31,US,RW,5.7,5.9,2009-10-31,2014-09-30,-0.20000000000000018,0.20000000000000018,0.04000000000000007
2014-10-31,AU,AR(1),6.357332,6.240501582923757,2009-10-31,2014-09-30,0.11683041707624309,0.11683041707624309,0.013649346354208912
2014-10-31,CA,AR(1),6.8,6.979373345502873,2009-10-31,2014-09-30,-0.17937334550287343,0.17937334550287343,0.032174797076893205
2014-10-31,DE,AR(1),4.7,4.65931853517331,2009-10-31,2014-09-30,0.04068146482669022,0.04068146482669022,0.0016549815804452334
2014-10-31,FR,AR(1),10.4,10.312423691896939,2009-10-31,2014-09-30,0.0875763081030616,0.0875763081030616,0.007669609740962374
2014-10-31,GB,AR(1),5.9,5.8793007758971925,2009-10-31,2014-09-30,0.02069922410280789,0.02069922410280789,0.0004284578784582631
2014-10-31,IT,AR(1),12.9,12.958402912141109,2009-10-31,2014-09-30,-0.05840291214110849,0.05840291214110849,0.003410900146562037
2014-10-31,JP,AR(1),3.6,3.4749466850693875,2009-10-31,2014-09-30,0.12505331493061256,0.12505331493061256,0.015638331575134966
2014-10-31,KR,AR(1),3.6,3.4975629608192764,2009-10-31,2014-09-30,0.10243703918072367,0.10243703918072367,0.010493346996113116
2014-10-31,US,AR(1),5.7,5.852090417927222,2009-10-31,2014-09-30,-0.152090417927222,0.152090417927222,0.023131495225277052
2014-11-30,AU,RW,6.296836,6.357332,2009-11-30,2014-10-31,-0.06049600000000055,0.06049600000000055,0.0036597660160000663
2014-11-30,CA,RW,6.8,6.8,2009-11-30,2014-10-31,0.0,0.0,0.0
2014-11-30,DE,RW,4.6,4.7,2009-11-30,2014-10-31,-0.10000000000000053,0.10000000000000053,0.010000000000000106
2014-11-30,FR,RW,10.5,10.4,2009-11-30,2014-10-31,0.09999999999999964,0.09999999999999964,0.009999999999999929
2014-11-30,GB,RW,5.7,5.9,2009-11-30,2014-10-31,-0.20000000000000018,0.20000000000000018,0.04000000000000007
2014-11-30,IT,RW,13.1,12.9,2009-11-30,2014-10-31,0.1999999999999993,0.1999999999999993,0.039999999999999716
2014-11-30,JP,RW,3.4,3.6,2009-11-30,2014-10-31,-0.20000000000000018,0.20000000000000018,0.04000000000000007
2014-11-30,KR,RW,3.6,3.6,2009-11-30,2014-10-31,0.0,0.0,0.0
2014-11-30,US,RW,5.8,5.7,2009-11-30,2014-10-31,0.09999999999999964,0.09999999999999964,0.009999999999999929
2014-11-30,AU,AR(1),6.296836,6.362611243048583,2009-11-30,2014-10-31,-0.0657752430485834,0.0657752430485834,0.004326382598100219
2014-11-30,CA,AR(1),6.8,6.775824038487303,2009-11-30,2014-10-31,0.02417596151269663,0.02417596151269663,0.0005844771150633887
2014-11-30,DE,AR(1),4.6,4.6608608994903875,2009-11-30,2014-10-31,-0.060860899490387865,0.060860899490387865,0.003704049086779094
2014-11-30,FR,AR(1),10.5,10.409986903580553,2009-11-30,2014-10-31,0.09001309641944744,0.09001309641944744,0.00810235752701674
2014-11-30,GB,AR(1),5.7,5.881185536408689,2009-11-30,2014-10-31,-0.18118553640868917,0.18118553640868917,0.03282819860370443
2014-11-30,IT,AR(1),13.1,12.958297600129715,2009-11-30,2014-10-31,0.14170239987028488,0.14170239987028488,0.020079570128998112
2014-11-30,JP,AR(1),3.4,3.5792188068257764,2009-11-30,2014-10-31,-0.1792188068257765,0.1792188068257765,0.032119380720055
2014-11-30,KR,AR(1),3.6,3.5984518378704644,2009-11-30,2014-10-31,0.0015481621295356796,0.0015481621295356796,2.3968059793284504e-06
2014-11-30,US,AR(1),5.8,5.6470464358990755,2009-11-30,2014-10-31,0.1529535641009243,0.1529535641009243,0.023394792771175562
2014-12-31,AU,RW,6.106007,6.296836,2009-12-31,2014-11-30,-0.19082899999999992,0.19082899999999992,0.03641570724099997
2014-12-31,CA,RW,6.7,6.8,2009-12-31,2014-11-30,-0.09999999999999964,0.09999999999999964,0.009999999999999929
2014-12-31,DE,RW,4.6,4.6,2009-12-31,2014-11-30,0.0,0.0,0.0
2014-12-31,FR,RW,10.5,10.5,2009-12-31,2014-11-30,0.0,0.0,0.0
2014-12-31,GB,RW,5.6,5.7,2009-12-31,2014-11-30,-0.10000000000000053,0.10000000000000053,0.010000000000000106
2014-12-31,IT,RW,12.5,13.1,2009-12-31,2014-11-30,-0.5999999999999996,0.5999999999999996,0.3599999999999996
2014-12-31,JP,RW,3.4,3.4,2009-12-31,2014-11-30,0.0,0.0,0.0
2014-12-31,KR,RW,3.7,3.6,2009-12-31,2014-11-30,0.10000000000000009,0.10000000000000009,0.010000000000000018
2014-12-31,US,RW,5.6,5.8,2009-12-31,2014-11-30,-0.20000000000000018,0.20000000000000018,0.04000000000000007
2014-12-31,AU,AR(1),6.106007,6.303758643638314,2009-12-31,2014-11-30,-0.19775164363831443,0.19775164363831443,0.039105712561654904
2014-12-31,CA,AR(1),6.7,6.774701681574322,2009-12-31,2014-11-30,-0.07470168157432155,0.07470168157432155,0.0055803412300313325
2014-12-31,DE,AR(1),4.6,4.561925126322158,2009-12-31,2014-11-30,0.038074873677842014,0.038074873677842014,0.0014496960055836265
2014-12-31,FR,AR(1),10.5,10.510267386310055,2009-12-31,2014-11-30,-0.01026738631005486,0.01026738631005486,0.00010541922163990196
2014-12-31,GB,AR(1),5.6,5.676826378872255,2009-12-31,2014-11-30,-0.07682637887225496,0.07682637887225496,0.005902292490623264
2014-12-31,IT,AR(1),12.5,13.163822503530454,2009-12-31,2014-11-30,-0.6638225035304544,0.6638225035304544,0.4406603161934401
2014-12-31,JP,AR(1),3.4,3.3760111411355918,2009-12-31,2014-11-30,0.023988858864408158,0.023988858864408158,0.0005754653496164939
2014-12-31,KR,AR(1),3.7,3.597034184477269,2009-12-31,2014-11-30,0.10296581552273132,0.10296581552273132,0.010601959166261138
2014-12-31,US,AR(1),5.6,5.746307868060391,2009-12-31,2014-11-30,-0.14630786806039175,0.14630786806039175,0.021405992256377
2015-01-31,AU,RW,6.35161,6.106007,2010-01-31,2014-12-31,0.24560300000000002,0.24560300000000002,0.06032083360900001
2015-01-31,CA,RW,6.8,6.7,2010-01-31,2014-12-31,0.09999999999999964,0.09999999999999964,0.009999999999999929
2015-01-31,DE,RW,4.5,4.6,2010-01-31,2014-12-31,-0.09999999999999964,0.09999999999999964,0.009999999999999929
2015-01-31,FR,RW,10.4,10.5,2010-01-31,2014-12-31,-0.09999999999999964,0.09999999999999964,0.009999999999999929
2015-01-31,GB,RW,5.6,5.6,2010-01-31,2014-12-31,0.0,0.0,0.0
2015-01-31,IT,RW,12.4,12.5,2010-01-31,2014-12-31,-0.09999999999999964,0.09999999999999964,0.009999999999999929
2015-01-31,JP,RW,3.6,3.4,2010-01-31,2014-12-31,0.20000000000000018,0.20000000000000018,0.04000000000000007
2015-01-31,KR,RW,3.6,3.7,2010-01-31,2014-12-31,-0.10000000000000009,0.10000000000000009,0.010000000000000018
2015-01-31,US,RW,5.7,5.6,2010-01-31,2014-12-31,0.10000000000000053,0.10000000000000053,0.010000000000000106
2015-01-31,AU,AR(1),6.35161,6.109888721534541,2010-01-31,2014-12-31,0.24172127846545877,0.24172127846545877,0.05842917646297586
2015-01-31,CA,AR(1),6.8,6.6762596023271925,2010-01-31,2014-12-31,0.12374039767280731,0.12374039767280731,0.015311686016224497
2015-01-31,DE,AR(1),4.5,4.5643701088213415,2010-01-31,2014-12-31,-0.06437010882134153,0.06437010882134153,0.004143510909671351
2015-01-31,FR,AR(1),10.4,10.50950437540715,2010-01-31,2014-12-31,-0.10950437540715008,0.10950437540715008,0.011991208233310055
2015-01-31,GB,AR(1),5.6,5.583876616519514,2010-01-31,2014-12-31,0.01612338348048592,0.01612338348048592,0.00025996349485880627
2015-01-31,IT,AR(1),12.4,12.548187955217124,2010-01-31,2014-12-31,-0.14818795521712325,0.14818795521712325,0.021959670071432125
2015-01-31,JP,AR(1),3.6,3.378992654581388,2010-01-31,2014-12-31,0.2210073454186121,0.2210073454186121,0.04884424672898173
2015-01-31,KR,AR(1),3.6,3.6986903367432706,2010-01-31,2014-12-31,-0.09869033674327055,0.09869033674327055,0.009739782566500136
2015-01-31,US,AR(1),5.7,5.552191721328907,2010-01-31,2014-12-31,0.1478082786710928,0.1478082786710928,0.02184728724371143
2015-02-28,AU,RW,6.153363,6.35161,2010-02-28,2015-01-31,-0.19824700000000028,0.19824700000000028,0.039301873009000114
2015-02-28,CA,RW,6.9,6.8,2010-02-28,2015-01-31,0.10000000000000053,0.10000000000000053,0.010000000000000106
2015-02-28,DE,RW,4.5,4.5,2010-02-28,2015-01-31,0.0,0.0,0.0
2015-02-28,FR,RW,10.3,10.4,2010-02-28,2015-01-31,-0.09999999999999964,0.09999999999999964,0.009999999999999929
2015-02-28,GB,RW,5.5,5.6,2010-02-28,2015-01-31,-0.09999999999999964,0.09999999999999964,0.009999999999999929
2015-02-28,IT,RW,12.3,12.4,2010-02-28,2015-01-31,-0.09999999999999964,0.09999999999999964,0.009999999999999929
2015-02-28,JP,RW,3.5,3.6,2010-02-28,2015-01-31,-0.10000000000000009,0.10000000000000009,0.010000000000000018
2015-02-28,KR,RW,3.5,3.6,2010-02-28,2015-01-31,-0.10000000000000009,0.10000000000000009,0.010000000000000018
2015-02-28,US,RW,5.5,5.7,2010-02-28,2015-01-31,-0.20000000000000018,0.20000000000000018,0.04000000000000007
2015-02-28,AU,AR(1),6.153363,6.359122531563638,2010-02-28,2015-01-31,-0.20575953156363802,0.20575953156363802,0.04233698482928775
2015-02-28,CA,AR(1),6.9,6.781523699233241,2010-02-28,2015-01-31,0.1184763007667593,0.1184763007667593,0.01403663384337561
2015-02-28,DE,AR(1),4.5,4.46679222641882,2010-02-28,2015-01-31,0.03320777358118043,0.03320777358118043,0.0011027562262189451
2015-02-28,FR,AR(1),10.3,10.407571983193396,2010-02-28,2015-01-31,-0.10757198319339523,0.10757198319339523,0.011571731568160106
2015-02-28,GB,AR(1),5.5,5.584439402402691,2010-02-28,2015-01-31,-0.08443940240269132,0.08443940240269132,0.007130012678123633
2015-02-28,IT,AR(1),12.3,12.444260195179464,2010-02-28,2015-01-31,-0.14426019517946287,0.14426019517946287,0.020811003913216723
2015-02-28,JP,AR(1),3.5,3.585013411867765,2010-02-28,2015-01-31,-0.08501341186776479,0.08501341186776479,0.007227280197398211
2015-02-28,KR,AR(1),3.5,3.5792036926728947,2010-02-28,2015-01-31,-0.07920369267289473,0.07920369267289473,0.006273224933022359
2015-02-28,US,AR(1),5.5,5.6589548547246,2010-02-28,2015-01-31,-0.15895485472460003,0.15895485472460003,0.0252666458405187
2015-03-31,AU,RW,6.103465,6.153363,2010-03-31,2015-02-28,-0.049897999999999776,0.049897999999999776,0.0024898104039999774
2015-03-31,CA,RW,6.9,6.9,2010-03-31,2015-02-28,0.0,0.0,0.0
2015-03-31,DE,RW,4.5,4.5,2010-03-31,2015-02-28,0.0,0.0,0.0
2015-03-31,FR,RW,10.4,10.3,2010-03-31,2015-02-28,0.09999999999999964,0.09999999999999964,0.009999999999999929
2015-03-31,GB,RW,5.5,5.5,2010-03-31,2015-02-28,0.0,0.0,0.0
2015-03-31,IT,RW,12.5,12.3,2010-03-31,2015-02-28,0.1999999999999993,0.1999999999999993,0.039999999999999716
2015-03-31,JP,RW,3.4,3.5,2010-03-31,2015-02-28,-0.10000000000000009,0.10000000000000009,0.010000000000000018
2015-03-31,KR,RW,3.5,3.5,2010-03-31,2015-02-28,0.0,0.0,0.0
2015-03-31,US,RW,5.4,5.5,2010-03-31,2015-02-28,-0.09999999999999964,0.09999999999999964,0.009999999999999929
2015-03-31,AU,AR(1),6.103465,6.1605985822291425,2010-03-31,2015-02-28,-0.057133582229142554,0.057133582229142554,0.0032642462183341938
2015-03-31,CA,AR(1),6.9,6.88085097902899,2010-03-31,2015-02-28,0.019149020971010344,0.019149020971010344,0.00036668500414819394
2015-03-31,DE,AR(1),4.5,4.466725991299114,2010-03-31,2015-02-28,0.033274008700885815,0.033274008700885815,0.0011071596550266249
2015-03-31,FR,AR(1),10.4,10.309694884903745,2010-03-31,2015-02-28,0.09030511509625505,0.09030511509625505,0.008155013812547872
2015-03-31,GB,AR(1),5.5,5.478837347306644,2010-03-31,2015-02-28,0.02116265269335571,0.02116265269335571,0.00044785786901959567
2015-03-31,IT,AR(1),12.5,12.34525663218886,2010-03-31,2015-02-28,0.15474336781113962,0.15474336781113962,0.02394550988153364
2015-03-31,JP,AR(1),3.4,3.4830685512557205,2010-03-31,2015-02-28,-0.08306855125572055,0.08306855125572055,0.006900384207724272
2015-03-31,KR,AR(1),3.5,3.4903531815785263,2010-03-31,2015-02-28,0.009646818421473746,0.009646818421473746,9.306110565688523e-05
2015-03-31,US,AR(1),5.4,5.4534942489827785,2010-03-31,2015-02-28,-0.0534942489827781,0.0534942489827781,0.0028616346742314563
2015-04-30,AU,RW,6.112659,6.103465,2010-04-30,2015-03-31,0.009193999999999924,0.009193999999999924,8.452963599999861e-05
2015-04-30,CA,RW,7.0,6.9,2010-04-30,2015-03-31,0.09999999999999964,0.09999999999999964,0.009999999999999929
2015-04-30,DE,RW,4.4,4.5,2010-04-30,2015-03-31,-0.09999999999999964,0.09999999999999964,0.009999999999999929
2015-04-30,FR,RW,10.4,10.4,2010-04-30,2015-03-31,0.0,0.0,0.0
2015-04-30,GB,RW,5.6,5.5,2010-04-30,2015-03-31,0.09999999999999964,0.09999999999999964,0.009999999999999929
2015-04-30,IT,RW,12.2,12.5,2010-04-30,2015-03-31,-0.3000000000000007,0.3000000000000007,0.09000000000000043
2015-04-30,JP,RW,3.4,3.4,2010-04-30,2015-03-31,0.0,0.0,0.0
2015-04-30,KR,RW,3.6,3.5,2010-04-30,2015-03-31,0.10000000000000009,0.10000000000000009,0.010000000000000018
2015-04-30,US,RW,5.4,5.4,2010-04-30,2015-03-31,0.0,0.0,0.0
2015-04-30,AU,AR(1),6.112659,6.108197899326227,2010-04-30,2015-03-31,0.004461100673772478,0.004461100673772478,1.9901419221533255e-05
2015-04-30,CA,AR(1),7.0,6.882485246135458,2010-04-30,2015-03-31,0.11751475386454224,0.11751475386454224,0.013809717375843945
2015-04-30,DE,AR(1),4.4,4.468284379914407,2010-04-30,2015-03-31,-0.06828437991440683,0.06828437991440683,0.004662756540295047
2015-04-30,FR,AR(1),10.4,10.4119116084318,2010-04-30,2015-03-31,-0.011911608431800502,0.011911608431800502,0.00014188641543254083
2015-04-30,GB,AR(1),5.6,5.479212809049085,2010-04-30,2015-03-31,0.12078719095091461,0.12078719095091461,0.014589545497812708
2015-04-30,IT,AR(1),12.2,12.548128814395671,2010-04-30,2015-03-31,-0.3481288143956718,0.3481288143956718,0.12119367141253609
2015-04-30,JP,AR(1),3.4,3.380855764730185,2010-04-30,2015-03-31,0.019144235269815013,0.019144235269815013,0.0003665017440660291
2015-04-30,KR,AR(1),3.6,3.496878688466137,2010-04-30,2015-03-31,0.10312131153386295,0.10312131153386295,0.010634004892464015
2015-04-30,US,AR(1),5.4,5.3514674407543765,2010-04-30,2015-03-31,0.04853255924562383,0.04853255924562383,0.0023554093069299872
2015-05-31,AU,RW,5.931117,6.112659,2010-05-31,2015-04-30,-0.18154199999999943,0.18154199999999943,0.03295749776399979
2015-05-31,CA,RW,6.9,7.0,2010-05-31,2015-04-30,-0.09999999999999964,0.09999999999999964,0.009999999999999929
2015-05-31,DE,RW,4.4,4.4,2010-05-31,2015-04-30,0.0,0.0,0.0
2015-05-31,FR,RW,10.5,10.4,2010-05-31,2015-04-30,0.09999999999999964,0.09999999999999964,0.009999999999999929
2015-05-31,GB,RW,5.6,5.6,2010-05-31,2015-04-30,0.0,0.0,0.0
2015-05-31,IT,RW,12.3,12.2,2010-05-31,2015-04-30,0.10000000000000142,0.10000000000000142,0.010000000000000285
2015-05-31,JP,RW,3.3,3.4,2010-05-31,2015-04-30,-0.10000000000000009,0.10000000000000009,0.010000000000000018
2015-05-31,KR,RW,3.6,3.6,2010-05-31,2015-04-30,0.0,0.0,0.0
2015-05-31,US,RW,5.6,5.4,2010-05-31,2015-04-30,0.1999999999999993,0.1999999999999993,0.039999999999999716
2015-05-31,AU,AR(1),5.931117,6.115491853852907,2010-05-31,2015-04-30,-0.18437485385290664,0.18437485385290664,0.03399408673328068
2015-05-31,CA,AR(1),6.9,6.985055624756642,2010-05-31,2015-04-30,-0.08505562475664163,0.08505562475664163,0.007234459302742629
2015-05-31,DE,AR(1),4.4,4.37001172934091,2010-05-31,2015-04-30,0.029988270659090155,0.029988270659090155,0.0008992963771228474
2015-05-31,FR,AR(1),10.5,10.411347017232622,2010-05-31,2015-04-30,0.08865298276737832,0.08865298276737832,0.007859351353553078
2015-05-31,GB,AR(1),5.6,5.583401872313335,2010-05-31,2015-04-30,0.01659812768666491,0.01659812768666491,0.00027549784270283225
2015-05-31,IT,AR(1),12.3,12.240245838224816,2010-05-31,2015-04-30,0.05975416177518511,0.05975416177518511,0.0035705598494549934
2015-05-31,JP,AR(1),3.3,3.3816385879386264,2010-05-31,2015-04-30,-0.08163858793862655,0.08163858793862655,0.006664859040612861
2015-05-31,KR,AR(1),3.6,3.597153723070078,2010-05-31,2015-04-30,0.002846276929922009,0.002846276929922009,8.101292361806259e-06
2015-05-31,US,AR(1),5.6,5.3538011378852834,2010-05-31,2015-04-30,0.2461988621147162,0.2461988621147162,0.06061387970658104
2015-06-30,AU,RW,6.007611,5.931117,2010-06-30,2015-05-31,0.0764939999999994,0.0764939999999994,0.005851332035999908
2015-06-30,CA,RW,6.9,6.9,2010-06-30,2015-05-31,0.0,0.0,0.0
2015-06-30,DE,RW,4.4,4.4,2010-06-30,2015-05-31,0.0,0.0,0.0
2015-06-30,FR,RW,10.4,10.5,2010-06-30,2015-05-31,-0.09999999999999964,0.09999999999999964,0.009999999999999929
2015-06-30,GB,RW,5.5,5.6,2010-06-30,2015-05-31,-0.09999999999999964,0.09999999999999964,0.009999999999999929
2015-06-30,IT,RW,12.3,12.3,2010-06-30,2015-05-31,0.0,0.0,0.0
2015-06-30,JP,RW,3.4,3.3,2010-06-30,2015-05-31,0.10000000000000009,0.10000000000000009,0.010000000000000018
2015-06-30,KR,RW,3.8,3.6,2010-06-30,2015-05-31,0.19999999999999973,0.19999999999999973,0.0399999999999999
2015-06-30,US,RW,5.3,5.6,2010-06-30,2015-05-31,-0.2999999999999998,0.2999999999999998,0.0899999999999999
2015-06-30,AU,AR(1),6.007611,5.937278809394669,2010-06-30,2015-05-31,0.07033219060533114,0.07033219060533114,0.0049466170353446295
2015-06-30,CA,AR(1),6.9,6.884840867560544,2010-06-30,2015-05-31,0.015159132439456435,0.015159132439456435,0.0002297992963169804
2015-06-30,DE,AR(1),4.4,4.371988219298565,2010-06-30,2015-05-31,0.028011780701435285,0.028011780701435285,0.0007846598580653022
2015-06-30,FR,AR(1),10.4,10.511380749367937,2010-06-30,2015-05-31,-0.11138074936793707,0.11138074936793707,0.012405671329763215
2015-06-30,GB,AR(1),5.5,5.584701613980859,2010-06-30,2015-05-31,-0.08470161398085896,0.08470161398085896,0.007174363410962442
2015-06-30,IT,AR(1),12.3,12.34166254428029,2010-06-30,2015-05-31,-0.04166254428028893,0.04166254428028893,0.0017357675959070356
2015-06-30,JP,AR(1),3.4,3.2817221808596075,2010-06-30,2015-05-31,0.11827781914039237,0.11827781914039237,0.013989642500607368
2015-06-30,KR,AR(1),3.8,3.601918617899038,2010-06-30,2015-05-31,0.1980813821009617,0.1980813821009617,0.0392362339350272
2015-06-30,US,AR(1),5.3,5.5609580316091,2010-06-30,2015-05-31,-0.2609580316090998,0.2609580316090998,0.06809909426129593
2015-07-31,AU,RW,6.27376,6.007611,2010-07-31,2015-06-30,0.2661490000000004,0.2661490000000004,0.07083529020100023
2015-07-31,CA,RW,7.0,6.9,2010-07-31,2015-06-30,0.09999999999999964,0.09999999999999964,0.009999999999999929
2015-07-31,DE,RW,4.3,4.4,2010-07-31,2015-06-30,-0.10000000000000053,0.10000000000000053,0.010000000000000106
2015-07-31,FR,RW,10.3,10.4,2010-07-31,2015-06-30,-0.09999999999999964,0.09999999999999964,0.009999999999999929
2015-07-31,GB,RW,5.4,5.5,2010-07-31,2015-06-30,-0.09999999999999964,0.09999999999999964,0.009999999999999929
2015-07-31,IT,RW,11.8,12.3,2010-07-31,2015-06-30,-0.5,0.5,0.25
2015-07-31,JP,RW,3.3,3.4,2010-07-31,2015-06-30,-0.10000000000000009,0.10000000000000009,0.010000000000000018
2015-07-31,KR,RW,3.8,3.8,2010-07-31,2015-06-30,0.0,0.0,0.0
2015-07-31,US,RW,5.2,5.3,2010-07-31,2015-06-30,-0.09999999999999964,0.09999999999999964,0.009999999999999929
2015-07-31,AU,AR(1),6.27376,6.016000183627373,2010-07-31,2015-06-30,0.25775981637262735,0.25775981637262735,0.06644012293645057
2015-07-31,CA,AR(1),7.0,6.887538943789445,2010-07-31,2015-06-30,0.11246105621055502,0.11246105621055502,0.012647489163993617
2015-07-31,DE,AR(1),4.3,4.372598933222561,2010-07-31,2015-06-30,-0.07259893322256161,0.07259893322256161,0.005270605105053961
2015-07-31,FR,AR(1),10.3,10.413335270255118,2010-07-31,2015-06-30,-0.11333527025511714,0.11333527025511714,0.012844883483800439
2015-07-31,GB,AR(1),5.4,5.484139810257642,2010-07-31,2015-06-30,-0.08413981025764183,0.08413981025764183,0.00707950767019197
2015-07-31,IT,AR(1),11.8,12.345106438794476,2010-07-31,2015-06-30,-0.5451064387944751,0.5451064387944751,0.2971410296151948
2015-07-31,JP,AR(1),3.3,3.379468792869254,2010-07-31,2015-06-30,-0.07946879286925412,0.07946879286925412,0.006315289040096415
2015-07-31,KR,AR(1),3.8,3.7997169825193002,2010-07-31,2015-06-30,0.00028301748069958776,0.00028301748069958776,8.009889438154154e-08
2015-07-31,US,AR(1),5.2,5.260560708426493,2010-07-31,2015-06-30,-0.06056070842649319,0.06056070842649319,0.0036675994051187234
2015-08-31,AU,RW,6.087391,6.27376,2010-08-31,2015-07-31,-0.186369,0.186369,0.034733404161
2015-08-31,CA,RW,7.1,7.0,2010-08-31,2015-07-31,0.09999999999999964,0.09999999999999964,0.009999999999999929
2015-08-31,DE,RW,4.3,4.3,2010-08-31,2015-07-31,0.0,0.0,0.0
2015-08-31,FR,RW,10.3,10.3,2010-08-31,2015-07-31,0.0,0.0,0.0
2015-08-31,GB,RW,5.3,5.4,2010-08-31,2015-07-31,-0.10000000000000053,0.10000000000000053,0.010000000000000106
2015-08-31,IT,RW,11.8,11.8,2010-08-31,2015-07-31,0.0,0.0,0.0
2015-08-31,JP,RW,3.4,3.3,2010-08-31,2015-07-31,0.10000000000000009,0.10000000000000009,0.010000000000000018
2015-08-31,KR,RW,3.6,3.8,2010-08-31,2015-07-31,-0.19999999999999973,0.19999999999999973,0.0399999999999999
2015-08-31,US,RW,5.1,5.2,2010-08-31,2015-07-31,-0.10000000000000053,0.10000000000000053,0.010000000000000106
2015-08-31,AU,AR(1),6.087391,6.279594914146109,2010-08-31,2015-07-31,-0.19220391414610916,0.19220391414610916,0.0369423446130849
2015-08-31,CA,AR(1),7.1,6.9851711529678635,2010-08-31,2015-07-31,0.11482884703213614,0.11482884703213614,0.01318566411072972
2015-08-31,DE,AR(1),4.3,4.275051450609133,2010-08-31,2015-07-31,0.024948549390867214,0.024948549390867214,0.0006224301167085408
2015-08-31,FR,AR(1),10.3,10.31226078672887,2010-08-31,2015-07-31,-0.012260786728869988,0.012260786728869988,0.00015032689121083443
2015-08-31,GB,AR(1),5.3,5.387112971753525,2010-08-31,2015-07-31,-0.08711297175352506,0.08711297175352506,0.0075886698477304546
2015-08-31,IT,AR(1),11.8,11.843661416886981,2010-08-31,2015-07-31,-0.04366141688698022,0.04366141688698022,0.0019063193245786815
2015-08-31,JP,AR(1),3.4,3.2837168763348976,2010-08-31,2015-07-31,0.1162831236651023,0.1162831236651023,0.013521764849313474
2015-08-31,KR,AR(1),3.6,3.79390373251036,2010-08-31,2015-07-31,-0.19390373251036008,0.19390373251036008,0.03759865748144928
2015-08-31,US,AR(1),5.1,5.164181795535283,2010-08-31,2015-07-31,-0.06418179553528347,0.06418179553528347,0.004119302878132934
2015-09-30,AU,RW,6.174273,6.087391,2010-09-30,2015-08-31,0.08688200000000013,0.08688200000000013,0.007548481924000022
2015-09-30,CA,RW,7.1,7.1,2010-09-30,2015-08-31,0.0,0.0,0.0
2015-09-30,DE,RW,4.3,4.3,2010-09-30,2015-08-31,0.0,0.0,0.0
2015-09-30,FR,RW,10.3,10.3,2010-09-30,2015-08-31,0.0,0.0,0.0
2015-09-30,GB,RW,5.2,5.3,2010-09-30,2015-08-31,-0.09999999999999964,0.09999999999999964,0.009999999999999929
2015-09-30,IT,RW,11.6,11.8,2010-09-30,2015-08-31,-0.20000000000000107,0.20000000000000107,0.040000000000000424
2015-09-30,JP,RW,3.4,3.4,2010-09-30,2015-08-31,0.0,0.0,0.0
2015-09-30,KR,RW,3.5,3.6,2010-09-30,2015-08-31,-0.10000000000000009,0.10000000000000009,0.010000000000000018
2015-09-30,US,RW,5.0,5.1,2010-09-30,2015-08-31,-0.09999999999999964,0.09999999999999964,0.009999999999999929
2015-09-30,AU,AR(1),6.174273,6.096257542713438,2010-09-30,2015-08-31,0.07801545728656212,0.07801545728656212,0.006086411575631398
2015-09-30,CA,AR(1),7.1,7.0855867668713834,2010-09-30,2015-08-31,0.014413233128616199,0.014413233128616199,0.00020774128921983949
2015-09-30,DE,AR(1),4.3,4.277673200661829,2010-09-30,2015-08-31,0.02232679933817039,0.02232679933817039,0.0004984859686869257
2015-09-30,FR,AR(1),10.3,10.311755082989798,2010-09-30,2015-08-31,-0.011755082989797216,0.011755082989797216,0.00013818197609701986
2015-09-30,GB,AR(1),5.2,5.289989484986504,2010-09-30,2015-08-31,-0.0899894849865035,0.0899894849865035,0.008098107408136138
2015-09-30,IT,AR(1),11.6,11.843051749376027,2010-09-30,2015-08-31,-0.24305174937602736,0.24305174937602736,0.05907415287474722
2015-09-30,JP,AR(1),3.4,3.3832390172710065,2010-09-30,2015-08-31,0.0167609827289934,0.0167609827289934,0.0002809305420416151
2015-09-30,KR,AR(1),3.5,3.597988216474568,2010-09-30,2015-08-31,-0.09798821647456801,0.09798821647456801,0.009601690567866802
2015-09-30,US,AR(1),5.0,5.065840818712448,2010-09-30,2015-08-31,-0.06584081871244774,0.06584081871244774,0.004335013408725408
2015-10-31,AU,RW,5.912071,6.174273,2010-10-31,2015-09-30,-0.26220200000000027,0.26220200000000027,0.06874988880400014
2015-10-31,CA,RW,7.0,7.1,2010-10-31,2015-09-30,-0.09999999999999964,0.09999999999999964,0.009999999999999929
2015-10-31,DE,RW,4.2,4.3,2010-10-31,2015-09-30,-0.09999999999999964,0.09999999999999964,0.009999999999999929
2015-10-31,FR,RW,10.3,10.3,2010-10-31,2015-09-30,0.0,0.0,0.0
2015-10-31,GB,RW,5.1,5.2,2010-10-31,2015-09-30,-0.10000000000000053,0.10000000000000053,0.010000000000000106
2015-10-31,IT,RW,11.7,11.6,2010-10-31,2015-09-30,0.09999999999999964,0.09999999999999964,0.009999999999999929
2015-10-31,JP,RW,3.2,3.4,2010-10-31,2015-09-30,-0.19999999999999973,0.19999999999999973,0.0399999999999999
2015-10-31,KR,RW,3.5,3.5,2010-10-31,2015-09-30,0.0,0.0,0.0
2015-10-31,US,RW,5.0,5.0,2010-10-31,2015-09-30,0.0,0.0,0.0
2015-10-31,AU,AR(1),5.912071,6.181427225475631,2010-10-31,2015-09-30,-0.2693562254756312,0.2693562254756312,0.07255277620247907
2015-10-31,CA,AR(1),7.0,7.0859086997281695,2010-10-31,2015-09-30,-0.0859086997281695,0.0859086997281695,0.007380304688984791
2015-10-31,DE,AR(1),4.2,4.279171532672128,2010-10-31,2015-09-30,-0.0791715326721274,0.0791715326721274,0.006268131585653736
2015-10-31,FR,AR(1),10.3,10.310980476026732,2010-10-31,2015-09-30,-0.010980476026730912,0.010980476026730912,0.00012057085377361228
2015-10-31,GB,AR(1),5.1,5.193146875086392,2010-10-31,2015-09-30,-0.09314687508639263,0.09314687508639263,0.008676340338360032
2015-10-31,IT,AR(1),11.7,11.645824639600308,2010-10-31,2015-09-30,0.054175360399691286,0.054175360399691286,0.002934969674436439
2015-10-31,JP,AR(1),3.2,3.3846755680552727,2010-10-31,2015-09-30,-0.18467556805527252,0.18467556805527252,0.034105065436537595
2015-10-31,KR,AR(1),3.5,3.494278559165379,2010-10-31,2015-09-30,0.0057214408346211165,0.0057214408346211165,3.273488522406998e-05
2015-10-31,US,AR(1),5.0,4.971348139005293,2010-10-31,2015-09-30,0.028651860994706624,0.028651860994706624,0.0008209291384599908
2015-11-30,AU,RW,5.850397,5.912071,2010-11-30,2015-10-31,-0.06167400000000001,0.06167400000000001,0.0038036822760000007
2015-11-30,CA,RW,7.1,7.0,2010-11-30,2015-10-31,0.09999999999999964,0.09999999999999964,0.009999999999999929
2015-11-30,DE,RW,4.2,4.2,2010-11-30,2015-10-31,0.0,0.0,0.0
2015-11-30,FR,RW,10.3,10.3,2010-11-30,2015-10-31,0.0,0.0,0.0
2015-11-30,GB,RW,5.1,5.1,2010-11-30,2015-10-31,0.0,0.0,0.0
2015-11-30,IT,RW,11.4,11.7,2010-11-30,2015-10-31,-0.29999999999999893,0.29999999999999893,0.08999999999999936
2015-11-30,JP,RW,3.3,3.2,2010-11-30,2015-10-31,0.09999999999999964,0.09999999999999964,0.009999999999999929
2015-11-30,KR,RW,3.6,3.5,2010-11-30,2015-10-31,0.10000000000000009,0.10000000000000009,0.010000000000000018
2015-11-30,US,RW,5.1,5.0,2010-11-30,2015-10-31,0.09999999999999964,0.09999999999999964,0.009999999999999929
2015-11-30,AU,AR(1),5.850397,5.9167240377877075,2010-11-30,2015-10-31,-0.06632703778770743,0.06632703778770743,0.004399275941691969
2015-11-30,CA,AR(1),7.1,6.987061666739346,2010-11-30,2015-10-31,0.1129383332606535,0.1129383332606535,0.012755067119694433
2015-11-30,DE,AR(1),4.2,4.179367119758766,2010-11-30,2015-10-31,0.020632880241234552,0.020632880241234552,0.0004257157470491272
2015-11-30,FR,AR(1),10.3,10.311794827810466,2010-11-30,2015-10-31,-0.011794827810465591,0.011794827810465591,0.00013911796307853252
2015-11-30,GB,AR(1),5.1,5.089896187086764,2010-11-30,2015-10-31,0.010103812913235366,0.010103812913235366,0.00010208703538566174
2015-11-30,IT,AR(1),11.4,11.743980045163848,2010-11-30,2015-10-31,-0.34398004516384795,0.34398004516384795,0.11832227147092288
2015-11-30,JP,AR(1),3.3,3.1834921107114598,2010-11-30,2015-10-31,0.11650788928854006,0.11650788928854006,0.013574088266470706
2015-11-30,KR,AR(1),3.6,3.4943796557662905,2010-11-30,2015-10-31,0.10562034423370958,0.10562034423370958,0.01115565711604731
2015-11-30,US,AR(1),5.1,4.968595199840209,2010-11-30,2015-10-31,0.13140480015979072,0.13140480015979072,0.017267221505034538
2015-12-31,AU,RW,5.74113,5.850397,2010-12-31,2015-11-30,-0.109267,0.109267,0.011939277289000001
2015-12-31,CA,RW,7.3,7.1,2010-12-31,2015-11-30,0.20000000000000018,0.20000000000000018,0.04000000000000007
2015-12-31,DE,RW,4.2,4.2,2010-12-31,2015-11-30,0.0,0.0,0.0
2015-12-31,FR,RW,10.2,10.3,2010-12-31,2015-11-30,-0.10000000000000142,0.10000000000000142,0.010000000000000285
2015-12-31,GB,RW,5.1,5.1,2010-12-31,2015-11-30,0.0,0.0,0.0
2015-12-31,IT,RW,11.7,11.4,2010-12-31,2015-11-30,0.29999999999999893,0.29999999999999893,0.08999999999999936
2015-12-31,JP,RW,3.3,3.3,2010-12-31,2015-11-30,0.0,0.0,0.0
2015-12-31,KR,RW,3.5,3.6,2010-12-31,2015-11-30,-0.10000000000000009,0.10000000000000009,0.010000000000000018
2015-12-31,US,RW,5.0,5.1,2010-12-31,2015-11-30,-0.09999999999999964,0.09999999999999964,0.009999999999999929
2015-12-31,AU,AR(1),5.74113,5.856754519685615,2010-12-31,2015-11-30,-0.11562451968561493,0.11562451968561493,0.013369029552529155
2015-12-31,CA,AR(1),7.3,7.091050256870452,2010-12-31,2015-11-30,0.20894974312954773,0.20894974312954773,0.04365999515390398
2015-12-31,DE,AR(1),4.2,4.184860505654058,2010-12-31,2015-11-30,0.015139494345942417,0.015139494345942417,0.00022920428905082242
2015-12-31,FR,AR(1),10.2,10.31010925259703,2010-12-31,2015-11-30,-0.11010925259703086,0.11010925259703086,0.012124047507476747
2015-12-31,GB,AR(1),5.1,5.10062179756708,2010-12-31,2015-11-30,-0.0006217975670805842,0.0006217975670805842,3.8663221442733363e-07
2015-12-31,IT,AR(1),11.7,11.447515833464852,2010-12-31,2015-11-30,0.2524841665351474,0.2524841665351474,0.06374825435094804
2015-12-31,JP,AR(1),3.3,3.2886579278105423,2010-12-31,2015-11-30,0.011342072189457486,0.011342072189457486,0.00012864260155086494
2015-12-31,KR,AR(1),3.5,3.59956900328735,2010-12-31,2015-11-30,-0.09956900328735019,0.09956900328735019,0.009913986415636353
2015-12-31,US,AR(1),5.0,5.073105964102227,2010-12-31,2015-11-30,-0.07310596410222736,0.07310596410222736,0.005344481987316156
2016-01-31,AU,RW,6.041169,5.74113,2011-01-31,2015-12-31,0.30003899999999994,0.30003899999999994,0.09002340152099997
2016-01-31,CA,RW,7.2,7.3,2011-01-31,2015-12-31,-0.09999999999999964,0.09999999999999964,0.009999999999999929
2016-01-31,DE,RW,4.1,4.2,2011-01-31,2015-12-31,-0.10000000000000053,0.10000000000000053,0.010000000000000106
2016-01-31,FR,RW,10.3,10.2,2011-01-31,2015-12-31,0.10000000000000142,0.10000000000000142,0.010000000000000285
2016-01-31,GB,RW,5.1,5.1,2011-01-31,2015-12-31,0.0,0.0,0.0
2016-01-31,IT,RW,11.6,11.7,2011-01-31,2015-12-31,-0.09999999999999964,0.09999999999999964,0.009999999999999929
2016-01-31,JP,RW,3.2,3.3,2011-01-31,2015-12-31,-0.09999999999999964,0.09999999999999964,0.009999999999999929
2016-01-31,KR,RW,3.6,3.5,2011-01-31,2015-12-31,0.10000000000000009,0.10000000000000009,0.010000000000000018
2016-01-31,US,RW,4.8,5.0,2011-01-31,2015-12-31,-0.20000000000000018,0.20000000000000018,0.04000000000000007
2016-01-31,AU,AR(1),6.041169,5.752469303621732,2011-01-31,2015-12-31,0.2886996963782682,0.2886996963782682,0.08334751468890425
2016-01-31,CA,AR(1),7.2,7.291103277642073,2011-01-31,2015-12-31,-0.09110327764207327,0.09110327764207327,0.008299807197128686
2016-01-31,DE,AR(1),4.1,4.185197444802823,2011-01-31,2015-12-31,-0.08519744480282299,0.08519744480282299,0.00725860460093007
2016-01-31,FR,AR(1),10.3,10.211370809835488,2011-01-31,2015-12-31,0.08862919016451265,0.08862919016451265,0.007855133349217346
2016-01-31,GB,AR(1),5.1,5.098066421886028,2011-01-31,2015-12-31,0.0019335781139719899,0.0019335781139719899,3.7387243228314774e-06
2016-01-31,IT,AR(1),11.6,11.74871816064694,2011-01-31,2015-12-31,-0.14871816064693988,0.14871816064693988,0.02211709130620902
2016-01-31,JP,AR(1),3.2,3.2891457852902497,2011-01-31,2015-12-31,-0.08914578529024952,0.08914578529024952,0.007946971035015269
2016-01-31,KR,AR(1),3.6,3.4937746030070915,2011-01-31,2015-12-31,0.10622539699290856,0.10622539699290856,0.011283834966301027
2016-01-31,US,AR(1),4.8,4.978625193595346,2011-01-31,2015-12-31,-0.17862519359534623,0.17862519359534623,0.03190695978697492
2016-02-29,AU,RW,5.694438,6.041169,2011-02-28,2016-01-31,-0.3467310000000001,0.3467310000000001,0.12022238636100009
2016-02-29,CA,RW,7.3,7.2,2011-02-28,2016-01-31,0.09999999999999964,0.09999999999999964,0.009999999999999929
2016-02-29,DE,RW,4.1,4.1,2011-02-28,2016-01-31,0.0,0.0,0.0
2016-02-29,FR,RW,10.4,10.3,2011-02-28,2016-01-31,0.09999999999999964,0.09999999999999964,0.009999999999999929
2016-02-29,GB,RW,5.1,5.1,2011-02-28,2016-01-31,0.0,0.0,0.0
2016-02-29,IT,RW,11.7,11.6,2011-02-28,2016-01-31,0.09999999999999964,0.09999999999999964,0.009999999999999929
2016-02-29,JP,RW,3.3,3.2,2011-02-28,2016-01-31,0.09999999999999964,0.09999999999999964,0.009999999999999929
2016-02-29,KR,RW,3.8,3.6,2011-02-28,2016-01-31,0.19999999999999973,0.19999999999999973,0.0399999999999999
2016-02-29,US,RW,4.9,4.8,2011-02-28,2016-01-31,0.10000000000000053,0.10000000000000053,0.010000000000000106
2016-02-29,AU,AR(1),5.694438,6.049149416295254,2011-02-28,2016-01-31,-0.35471141629525427,0.35471141629525427,0.12582018885018517
2016-02-29,CA,AR(1),7.3,7.191472972506223,2011-02-28,2016-01-31,0.10852702749377663,0.10852702749377663,0.011778115696634948
2016-02-29,DE,AR(1),4.1,4.086377246534569,2011-02-28,2016-01-31,0.013622753465430293,0.013622753465430293,0.00018557941197989305
2016-02-29,FR,AR(1),10.4,10.311299889616118,2011-02-28,2016-01-31,0.0887001103838827,0.0887001103838827,0.007867709582112976
2016-02-29,GB,AR(1),5.1,5.097826675618443,2011-02-28,2016-01-31,0.002173324381556263,0.002173324381556263,4.723338867466913e-06
2016-02-29,IT,AR(1),11.7,11.652404618995783,2011-02-28,2016-01-31,0.04759538100421601,0.04759538100421601,0.002265320292936486
2016-02-29,JP,AR(1),3.3,3.1904566387181807,2011-02-28,2016-01-31,0.10954336128181907,0.10954336128181907,0.011999748000919137
2016-02-29,KR,AR(1),3.8,3.5948814205408754,2011-02-28,2016-01-31,0.20511857945912437,0.20511857945912437,0.04207363163932912
2016-02-29,US,AR(1),4.9,4.780476560053638,2011-02-28,2016-01-31,0.11952343994636205,0.11952343994636205,0.014285852696611616
2016-03-31,AU,RW,5.653578,5.694438,2011-03-31,2016-02-29,-0.04085999999999945,0.04085999999999945,0.0016695395999999552
2016-03-31,CA,RW,7.2,7.3,2011-03-31,2016-02-29,-0.09999999999999964,0.09999999999999964,0.009999999999999929
2016-03-31,DE,RW,4.0,4.1,2011-03-31,2016-02-29,-0.09999999999999964,0.09999999999999964,0.009999999999999929
2016-03-31,FR,RW,10.2,10.4,2011-03-31,2016-02-29,-0.20000000000000107,0.20000000000000107,0.040000000000000424
2016-03-31,GB,RW,5.0,5.1,2011-03-31,2016-02-29,-0.09999999999999964,0.09999999999999964,0.009999999999999929
2016-03-31,IT,RW,11.6,11.7,2011-03-31,2016-02-29,-0.09999999999999964,0.09999999999999964,0.009999999999999929
2016-03-31,JP,RW,3.2,3.3,2011-03-31,2016-02-29,-0.09999999999999964,0.09999999999999964,0.009999999999999929
2016-03-31,KR,RW,3.7,3.8,2011-03-31,2016-02-29,-0.09999999999999964,0.09999999999999964,0.009999999999999929
2016-03-31,US,RW,5.0,4.9,2011-03-31,2016-02-29,0.09999999999999964,0.09999999999999964,0.009999999999999929
2016-03-31,AU,AR(1),5.653578,5.705066399390039,2011-03-31,2016-02-29,-0.05148839939003835,0.05148839939003835,0.0026510552717481017
2016-03-31,CA,AR(1),7.2,7.29060225704179,2011-03-31,2016-02-29,-0.09060225704179015,0.09060225704179015,0.008208768981066612
2016-03-31,DE,AR(1),4.0,4.089282189742947,2011-03-31,2016-02-29,-0.08928218974294744,0.08928218974294744,0.007971309405295668
2016-03-31,FR,AR(1),10.2,10.410174680385762,2011-03-31,2016-02-29,-0.21017468038576226,0.21017468038576226,0.04417339627525732
2016-03-31,GB,AR(1),5.0,5.101506512840738,2011-03-31,2016-02-29,-0.10150651284073842,0.10150651284073842,0.010303572149086993
2016-03-31,IT,AR(1),11.6,11.752385377298964,2011-03-31,2016-02-29,-0.1523853772989643,0.1523853772989643,0.0232213032145477
2016-03-31,JP,AR(1),3.2,3.2925918722080816,2011-03-31,2016-02-29,-0.0925918722080814,0.0925918722080814,0.008573254798997678
2016-03-31,KR,AR(1),3.7,3.792730175916299,2011-03-31,2016-02-29,-0.09273017591629884,0.09273017591629884,0.008598885525467729
2016-03-31,US,AR(1),5.0,4.8854193527229075,2011-03-31,2016-02-29,0.1145806472770925,0.1145806472770925,0.013128724730437484
2016-04-30,AU,RW,5.645434,5.653578,2011-04-30,2016-03-31,-0.008144000000000595,0.008144000000000595,6.63247360000097e-05
2016-04-30,CA,RW,7.3,7.2,2011-04-30,2016-03-31,0.09999999999999964,0.09999999999999964,0.009999999999999929
2016-04-30,DE,RW,4.0,4.0,2011-04-30,2016-03-31,0.0,0.0,0.0
2016-04-30,FR,RW,10.1,10.2,2011-04-30,2016-03-31,-0.09999999999999964,0.09999999999999964,0.009999999999999929
2016-04-30,GB,RW,4.9,5.0,2011-04-30,2016-03-31,-0.09999999999999964,0.09999999999999964,0.009999999999999929
2016-04-30,IT,RW,11.8,11.6,2011-04-30,2016-03-31,0.20000000000000107,0.20000000000000107,0.040000000000000424
2016-04-30,JP,RW,3.2,3.2,2011-04-30,2016-03-31,0.0,0.0,0.0
2016-04-30,KR,RW,3.6,3.7,2011-04-30,2016-03-31,-0.10000000000000009,0.10000000000000009,0.010000000000000018
2016-04-30,US,RW,5.1,5.0,2011-04-30,2016-03-31,0.09999999999999964,0.09999999999999964,0.009999999999999929
2016-04-30,AU,AR(1),5.645434,5.665570698136906,2011-04-30,2016-03-31,-0.02013669813690644,0.02013669813690644,0.00040548661185689126
2016-04-30,CA,AR(1),7.3,7.191298806277745,2011-04-30,2016-03-31,0.10870119372225506,0.10870119372225506,0.011815949516643224
2016-04-30,DE,AR(1),4.0,3.9946421018557556,2011-04-30,2016-03-31,0.005357898144244366,0.005357898144244366,2.8707072524097223e-05
2016-04-30,FR,AR(1),10.1,10.213496399609312,2011-04-30,2016-03-31,-0.11349639960931235,0.11349639960931235,0.012881432724276717
2016-04-30,GB,AR(1),4.9,5.007355328920164,2011-04-30,2016-03-31,-0.10735532892016408,0.10735532892016408,0.01152516664755662
2016-04-30,IT,AR(1),11.8,11.65430255522998,2011-04-30,2016-03-31,0.1456974447700201,0.1456974447700201,0.02122774541251306
2016-04-30,JP,AR(1),3.2,3.194482094166187,2011-04-30,2016-03-31,0.005517905833813064,0.005517905833813064,3.0447284790828244e-05
2016-04-30,KR,AR(1),3.6,3.6911770745960037,2011-04-30,2016-03-31,-0.09117707459600366,0.09117707459600366,0.008313258931885215
2016-04-30,US,AR(1),5.1,4.987614478458431,2011-04-30,2016-03-31,0.11238552154156878,0.11238552154156878,0.01263050545217042
2016-05-31,AU,RW,5.72171,5.645434,2011-05-31,2016-04-30,0.07627600000000001,0.07627600000000001,0.005818028176000001
2016-05-31,CA,RW,7.1,7.3,2011-05-31,2016-04-30,-0.20000000000000018,0.20000000000000018,0.04000000000000007
2016-05-31,DE,RW,4.0,4.0,2011-05-31,2016-04-30,0.0,0.0,0.0
2016-05-31,FR,RW,10.0,10.1,2011-05-31,2016-04-30,-0.09999999999999964,0.09999999999999964,0.009999999999999929
2016-05-31,GB,RW,4.9,4.9,2011-05-31,2016-04-30,0.0,0.0,0.0
2016-05-31,IT,RW,11.5,11.8,2011-05-31,2016-04-30,-0.3000000000000007,0.3000000000000007,0.09000000000000043
2016-05-31,JP,RW,3.2,3.2,2011-05-31,2016-04-30,0.0,0.0,0.0
2016-05-31,KR,RW,3.5,3.6,2011-05-31,2016-04-30,-0.10000000000000009,0.10000000000000009,0.010000000000000018
2016-05-31,US,RW,4.8,5.1,2011-05-31,2016-04-30,-0.2999999999999998,0.2999999999999998,0.0899999999999999
2016-05-31,AU,AR(1),5.72171,5.657360736255223,2011-05-31,2016-04-30,0.06434926374477712,0.06434926374477712,0.004140827744494887
2016-05-31,CA,AR(1),7.1,7.289695040783164,2011-05-31,2016-04-30,-0.1896950407831648,0.1896950407831648,0.03598420849772655
2016-05-31,DE,AR(1),4.0,3.999763777609479,2011-05-31,2016-04-30,0.00023622239052079053,0.00023622239052079053,5.580101778335687e-08
2016-05-31,FR,AR(1),10.0,10.114695040783166,2011-05-31,2016-04-30,-0.11469504078316639,0.11469504078316639,0.013154952380252202
2016-05-31,GB,AR(1),4.9,4.91571786428749,2011-05-31,2016-04-30,-0.015717864287490002,0.015717864287490002,0.0002470512577599536
2016-05-31,IT,AR(1),11.5,11.855674742442895,2011-05-31,2016-04-30,-0.3556747424428952,0.3556747424428952,0.12650452241181984
2016-05-31,JP,AR(1),3.2,3.1973806181370583,2011-05-31,2016-04-30,0.002619381862941861,0.002619381862941861,6.861161343908774e-06
2016-05-31,KR,AR(1),3.5,3.5943663221791002,2011-05-31,2016-04-30,-0.09436632217910024,0.09436632217910024,0.008905002761609746
2016-05-31,US,AR(1),4.8,5.092588684210501,2011-05-31,2016-04-30,-0.292588684210501,0.292588684210501,0.08560813812803228
2016-06-30,AU,RW,5.695338,5.72171,2011-06-30,2016-05-31,-0.026372000000000284,0.026372000000000284,0.000695482384000015
2016-06-30,CA,RW,7.0,7.1,2011-06-30,2016-05-31,-0.09999999999999964,0.09999999999999964,0.009999999999999929
2016-06-30,DE,RW,4.0,4.0,2011-06-30,2016-05-31,0.0,0.0,0.0
2016-06-30,FR,RW,9.9,10.0,2011-06-30,2016-05-31,-0.09999999999999964,0.09999999999999964,0.009999999999999929
2016-06-30,GB,RW,4.9,4.9,2011-06-30,2016-05-31,0.0,0.0,0.0
2016-06-30,IT,RW,11.7,11.5,2011-06-30,2016-05-31,0.1999999999999993,0.1999999999999993,0.039999999999999716
2016-06-30,JP,RW,3.1,3.2,2011-06-30,2016-05-31,-0.10000000000000009,0.10000000000000009,0.010000000000000018
2016-06-30,KR,RW,3.6,3.5,2011-06-30,2016-05-31,0.10000000000000009,0.10000000000000009,0.010000000000000018
2016-06-30,US,RW,4.9,4.8,2011-06-30,2016-05-31,0.10000000000000053,0.10000000000000053,0.010000000000000106
2016-06-30,AU,AR(1),5.695338,5.7320891196991886,2011-06-30,2016-05-31,-0.03675111969918898,0.03675111969918898,0.0013506447991441166
2016-06-30,CA,AR(1),7.0,7.093766711395963,2011-06-30,2016-05-31,-0.09376671139596304,0.09376671139596304,0.008792196166013826
2016-06-30,DE,AR(1),4.0,3.9965130957700232,2011-06-30,2016-05-31,0.0034869042299767727,0.0034869042299767727,1.215850110902991e-05
2016-06-30,FR,AR(1),9.9,10.016593608667527,2011-06-30,2016-05-31,-0.116593608667527,0.116593608667527,0.013594069582116425
2016-06-30,GB,AR(1),4.9,4.906645544454663,2011-06-30,2016-05-31,-0.0066455444546624776,0.0066455444546624776,4.416326109889521e-05
2016-06-30,IT,AR(1),11.7,11.555458144890036,2011-06-30,2016-05-31,0.14454185510996354,0.14454185510996354,0.020892347878629692
2016-06-30,JP,AR(1),3.1,3.1962245912226233,2011-06-30,2016-05-31,-0.09622459122262317,0.09622459122262317,0.009259171955960927
2016-06-30,KR,AR(1),3.6,3.499663204280856,2011-06-30,2016-05-31,0.10033679571914389,0.10033679571914389,0.010067472575185211
2016-06-30,US,AR(1),4.9,4.790460547022367,2011-06-30,2016-05-31,0.10953945297763301,0.10953945297763301,0.011998891758639073
2016-07-31,AU,RW,5.692999,5.695338,2011-07-31,2016-06-30,-0.002338999999999203,0.002338999999999203,5.470920999996271e-06
2016-07-31,CA,RW,7.0,7.0,2011-07-31,2016-06-30,0.0,0.0,0.0
2016-07-31,DE,RW,3.9,4.0,2011-07-31,2016-06-30,-0.10000000000000009,0.10000000000000009,0.010000000000000018
2016-07-31,FR,RW,9.8,9.9,2011-07-31,2016-06-30,-0.09999999999999964,0.09999999999999964,0.009999999999999929
2016-07-31,GB,RW,5.0,4.9,2011-07-31,2016-06-30,0.09999999999999964,0.09999999999999964,0.009999999999999929
2016-07-31,IT,RW,11.7,11.7,2011-07-31,2016-06-30,0.0,0.0,0.0
2016-07-31,JP,RW,3.0,3.1,2011-07-31,2016-06-30,-0.10000000000000009,0.10000000000000009,0.010000000000000018
2016-07-31,KR,RW,3.6,3.6,2011-07-31,2016-06-30,0.0,0.0,0.0
2016-07-31,US,RW,4.8,4.9,2011-07-31,2016-06-30,-0.10000000000000053,0.10000000000000053,0.010000000000000106
2016-07-31,AU,AR(1),5.692999,5.707944331540119,2011-07-31,2016-06-30,-0.0149453315401189,0.0149453315401189,0.00022336293484407277
2016-07-31,CA,AR(1),7.0,6.995725511279487,2011-07-31,2016-06-30,0.004274488720512615,0.004274488720512615,1.827125382178957e-05
2016-07-31,DE,AR(1),3.9,4.000984625507696,2011-07-31,2016-06-30,-0.10098462550769627,0.10098462550769627,0.01019789458892966
2016-07-31,FR,AR(1),9.8,9.91904547083718,2011-07-31,2016-06-30,-0.11904547083717887,0.11904547083717887,0.014171824126845605
2016-07-31,GB,AR(1),5.0,4.912342874185267,2011-07-31,2016-06-30,0.08765712581473295,0.08765712581473295,0.007683771706099921
2016-07-31,IT,AR(1),11.7,11.754202607351282,2011-07-31,2016-06-30,-0.05420260735128224,0.05420260735128224,0.0029379226436772755
2016-07-31,JP,AR(1),3.0,3.0985899413160287,2011-07-31,2016-06-30,-0.09858994131602872,0.09858994131602872,0.009719976528697986
2016-07-31,KR,AR(1),3.6,3.5974958193576896,2011-07-31,2016-06-30,0.002504180642310505,0.002504180642310505,6.270920689322654e-06
2016-07-31,US,AR(1),4.8,4.894401550288473,2011-07-31,2016-06-30,-0.09440155028847297,0.09440155028847297,0.008911652696867091
2016-08-31,AU,RW,5.614959,5.692999,2011-08-31,2016-07-31,-0.07804000000000055,0.07804000000000055,0.006090241600000087
2016-08-31,CA,RW,6.9,7.0,2011-08-31,2016-07-31,-0.09999999999999964,0.09999999999999964,0.009999999999999929
2016-08-31,DE,RW,3.9,3.9,2011-08-31,2016-07-31,0.0,0.0,0.0
2016-08-31,FR,RW,9.9,9.8,2011-08-31,2016-07-31,0.09999999999999964,0.09999999999999964,0.009999999999999929
2016-08-31,GB,RW,4.8,5.0,2011-08-31,2016-07-31,-0.20000000000000018,0.20000000000000018,0.04000000000000007
2016-08-31,IT,RW,11.7,11.7,2011-08-31,2016-07-31,0.0,0.0,0.0
2016-08-31,JP,RW,3.1,3.0,2011-08-31,2016-07-31,0.10000000000000009,0.10000000000000009,0.010000000000000018
2016-08-31,KR,RW,3.9,3.6,2011-08-31,2016-07-31,0.2999999999999998,0.2999999999999998,0.0899999999999999
2016-08-31,US,RW,4.9,4.8,2011-08-31,2016-07-31,0.10000000000000053,0.10000000000000053,0.010000000000000106
2016-08-31,AU,AR(1),5.614959,5.703142237820099,2011-08-31,2016-07-31,-0.08818323782009951,0.08818323782009951,0.007776283432436229
2016-08-31,CA,AR(1),6.9,7.000314562310677,2011-08-31,2016-07-31,-0.10031456231067626,0.10031456231067626,0.01006301141158255
2016-08-31,DE,AR(1),3.9,3.9017608977290754,2011-08-31,2016-07-31,-0.0017608977290755057,0.0017608977290755057,3.100760812263273e-06
2016-08-31,FR,AR(1),9.9,9.819494471409186,2011-08-31,2016-07-31,0.08050552859081428,0.08050552859081428,0.006481140133686415
2016-08-31,GB,AR(1),4.8,5.005420689739988,2011-08-31,2016-07-31,-0.20542068973998795,0.20542068973998795,0.04219765977325239
2016-08-31,IT,AR(1),11.7,11.752774835015146,2011-08-31,2016-07-31,-0.05277483501514624,0.05277483501514624,0.0027851832108759054
2016-08-31,JP,AR(1),3.1,2.9993123334169467,2011-08-31,2016-07-31,0.10068766658305339,0.10068766658305339,0.010138006201940128
2016-08-31,KR,AR(1),3.9,3.596017005365078,2011-08-31,2016-07-31,0.30398299463492195,0.30398299463492195,0.092405661027215
2016-08-31,US,AR(1),4.9,4.795232603564296,2011-08-31,2016-07-31,0.10476739643570454,0.10476739643570454,0.010976207355916076
2016-09-30,AU,RW,5.664861,5.614959,2011-09-30,2016-08-31,0.049902000000000335,0.049902000000000335,0.0024902096040000333
2016-09-30,CA,RW,7.0,6.9,2011-09-30,2016-08-31,0.09999999999999964,0.09999999999999964,0.009999999999999929
2016-09-30,DE,RW,3.8,3.9,2011-09-30,2016-08-31,-0.10000000000000009,0.10000000000000009,0.010000000000000018
2016-09-30,FR,RW,9.9,9.9,2011-09-30,2016-08-31,0.0,0.0,0.0
2016-09-30,GB,RW,4.8,4.8,2011-09-30,2016-08-31,0.0,0.0,0.0
2016-09-30,IT,RW,11.9,11.7,2011-09-30,2016-08-31,0.20000000000000107,0.20000000000000107,0.040000000000000424
2016-09-30,JP,RW,3.0,3.1,2011-09-30,2016-08-31,-0.10000000000000009,0.10000000000000009,0.010000000000000018
2016-09-30,KR,RW,3.9,3.9,2011-09-30,2016-08-31,0.0,0.0,0.0
2016-09-30,US,RW,5.0,4.9,2011-09-30,2016-08-31,0.09999999999999964,0.09999999999999964,0.009999999999999929
2016-09-30,AU,AR(1),5.664861,5.62384495237586,2011-09-30,2016-08-31,0.04101604762414013,0.04101604762414013,0.0016823161627057312
2016-09-30,CA,AR(1),7.0,6.9019237654508245,2011-09-30,2016-08-31,0.09807623454917547,0.09807623454917547,0.00961894778334488
2016-09-30,DE,AR(1),3.8,3.9029378436496662,2011-09-30,2016-08-31,-0.1029378436496664,0.1029378436496664,0.010596199655243166
2016-09-30,FR,AR(1),9.9,9.918240276937176,2011-09-30,2016-08-31,-0.018240276937175892,0.018240276937175892,0.00033270770274487077
2016-09-30,GB,AR(1),4.8,4.806269388290638,2011-09-30,2016-08-31,-0.006269388290638389,0.006269388290638389,3.9305229538793745e-05
2016-09-30,IT,AR(1),11.9,11.751246719189233,2011-09-30,2016-08-31,0.14875328081076766,0.14875328081076766,0.0221275385519671
2016-09-30,JP,AR(1),3.0,3.1003543312621242,2011-09-30,2016-08-31,-0.10035433126212423,0.10035433126212423,0.010070991803068165
2016-09-30,KR,AR(1),3.9,3.894155928963329,2011-09-30,2016-08-31,0.00584407103667095,0.00584407103667095,3.4153166281656274e-05
2016-09-30,US,AR(1),5.0,4.892075878290487,2011-09-30,2016-08-31,0.10792412170951327,0.10792412170951327,0.011647616046769832
2016-10-31,AU,RW,5.596512,5.664861,2011-10-31,2016-09-30,-0.06834900000000044,0.06834900000000044,0.0046715858010000595
2016-10-31,CA,RW,6.9,7.0,2011-10-31,2016-09-30,-0.09999999999999964,0.09999999999999964,0.009999999999999929
2016-10-31,DE,RW,3.7,3.8,2011-10-31,2016-09-30,-0.09999999999999964,0.09999999999999964,0.009999999999999929
2016-10-31,FR,RW,10.1,9.9,2011-10-31,2016-09-30,0.1999999999999993,0.1999999999999993,0.039999999999999716
2016-10-31,GB,RW,4.8,4.8,2011-10-31,2016-09-30,0.0,0.0,0.0
2016-10-31,IT,RW,11.7,11.9,2011-10-31,2016-09-30,-0.20000000000000107,0.20000000000000107,0.040000000000000424
2016-10-31,JP,RW,3.0,3.0,2011-10-31,2016-09-30,0.0,0.0,0.0
2016-10-31,KR,RW,3.8,3.9,2011-10-31,2016-09-30,-0.10000000000000009,0.10000000000000009,0.010000000000000018
2016-10-31,US,RW,4.9,5.0,2011-10-31,2016-09-30,-0.09999999999999964,0.09999999999999964,0.009999999999999929
2016-10-31,AU,AR(1),5.596512,5.673922057399572,2011-10-31,2016-09-30,-0.07741005739957263,0.07741005739957263,0.005992316986605129
2016-10-31,CA,AR(1),6.9,6.9983977851395665,2011-10-31,2016-09-30,-0.0983977851395661,0.0983977851395661,0.009682124120372214
2016-10-31,DE,AR(1),3.7,3.8045517965955775,2011-10-31,2016-09-30,-0.10455179659557734,0.10455179659557734,0.010931078171362978
2016-10-31,FR,AR(1),10.1,9.918803973323275,2011-10-31,2016-09-30,0.18119602667672474,0.18119602667672474,0.032832000083432344
2016-10-31,GB,AR(1),4.8,4.804119706142712,2011-10-31,2016-09-30,-0.004119706142712509,0.004119706142712509,1.697197870230318e-05
2016-10-31,IT,AR(1),11.7,11.94438750526301,2011-10-31,2016-09-30,-0.24438750526301156,0.24438750526301156,0.059725252728678506
2016-10-31,JP,AR(1),3.0,3.0069244738916017,2011-10-31,2016-09-30,-0.006924473891601668,0.006924473891601668,4.7948338675473146e-05
2016-10-31,KR,AR(1),3.8,3.8924758812171056,2011-10-31,2016-09-30,-0.09247588121710582,0.09247588121710582,0.008551788606880264
2016-10-31,US,AR(1),4.9,4.989329275801856,2011-10-31,2016-09-30,-0.08932927580185535,0.08932927580185535,0.007979719515283938
2016-11-30,AU,RW,5.767118,5.596512,2011-11-30,2016-10-31,0.17060600000000026,0.17060600000000026,0.02910640723600009
2016-11-30,CA,RW,6.8,6.9,2011-11-30,2016-10-31,-0.10000000000000053,0.10000000000000053,0.010000000000000106
2016-11-30,DE,RW,3.7,3.7,2011-11-30,2016-10-31,0.0,0.0,0.0
2016-11-30,FR,RW,10.1,10.1,2011-11-30,2016-10-31,0.0,0.0,0.0
2016-11-30,GB,RW,4.7,4.8,2011-11-30,2016-10-31,-0.09999999999999964,0.09999999999999964,0.009999999999999929
2016-11-30,IT,RW,11.9,11.7,2011-11-30,2016-10-31,0.20000000000000107,0.20000000000000107,0.040000000000000424
2016-11-30,JP,RW,3.0,3.0,2011-11-30,2016-10-31,0.0,0.0,0.0
2016-11-30,KR,RW,3.7,3.8,2011-11-30,2016-10-31,-0.09999999999999964,0.09999999999999964,0.009999999999999929
2016-11-30,US,RW,4.7,4.9,2011-11-30,2016-10-31,-0.20000000000000018,0.20000000000000018,0.04000000000000007
2016-11-30,AU,AR(1),5.767118,5.6080143935823275,2011-11-30,2016-10-31,0.15910360641767252,0.15910360641767252,0.025313957575109642
2016-11-30,CA,AR(1),6.8,6.900790634528752,2011-11-30,2016-10-31,-0.10079063452875214,0.10079063452875214,0.010158752008708484
2016-11-30,DE,AR(1),3.7,3.710059352606621,2011-11-30,2016-10-31,-0.01005935260662083,0.01005935260662083,0.0001011905748643293
2016-11-30,FR,AR(1),10.1,10.113964364592327,2011-11-30,2016-10-31,-0.013964364592327527,0.013964364592327527,0.00019500347846745073
2016-11-30,GB,AR(1),4.7,4.805790574919492,2011-11-30,2016-10-31,-0.1057905749194914,0.1057905749194914,0.011191645741796522
2016-11-30,IT,AR(1),11.9,11.7517780198645,2011-11-30,2016-10-31,0.14822198013550114,0.14822198013550114,0.021969755395288896
2016-11-30,JP,AR(1),3.0,3.0051892795730684,2011-11-30,2016-10-31,-0.005189279573068362,0.005189279573068362,2.6928622487464556e-05
2016-11-30,KR,AR(1),3.7,3.793440995621142,2011-11-30,2016-10-31,-0.09344099562114172,0.09344099562114172,0.008731219662670226
2016-11-30,US,AR(1),4.7,4.897156579010633,2011-11-30,2016-10-31,-0.19715657901063288,0.19715657901063288,0.038870716647175924
2016-12-31,AU,RW,5.836587,5.767118,2011-12-31,2016-11-30,0.06946899999999978,0.06946899999999978,0.00482594196099997
2016-12-31,CA,RW,6.9,6.8,2011-12-31,2016-11-30,0.10000000000000053,0.10000000000000053,0.010000000000000106
2016-12-31,DE,RW,3.7,3.7,2011-12-31,2016-11-30,0.0,0.0,0.0
2016-12-31,FR,RW,10.0,10.1,2011-12-31,2016-11-30,-0.09999999999999964,0.09999999999999964,0.009999999999999929
2016-12-31,GB,RW,4.7,4.7,2011-12-31,2016-11-30,0.0,0.0,0.0
2016-12-31,IT,RW,11.8,11.9,2011-12-31,2016-11-30,-0.09999999999999964,0.09999999999999964,0.009999999999999929
2016-12-31,JP,RW,3.0,3.0,2011-12-31,2016-11-30,0.0,0.0,0.0
2016-12-31,KR,RW,3.5,3.7,2011-12-31,2016-11-30,-0.20000000000000018,0.20000000000000018,0.04000000000000007
2016-12-31,US,RW,4.7,4.7,2011-12-31,2016-11-30,0.0,0.0,0.0
2016-12-31,AU,AR(1),5.836587,5.774752685485035,2011-12-31,2016-11-30,0.06183431451496446,0.06183431451496446,0.0038234824515355446
2016-12-31,CA,AR(1),6.9,6.798843135683224,2011-12-31,2016-11-30,0.10115686431677595,0.10115686431677595,0.01023271119840262
2016-12-31,DE,AR(1),3.7,3.7056305842816544,2011-12-31,2016-11-30,-0.005630584281654194,0.005630584281654194,3.1703479352811274e-05
2016-12-31,FR,AR(1),10.0,10.112640784187988,2011-12-31,2016-11-30,-0.11264078418798817,0.11264078418798817,0.012687946262484926
2016-12-31,GB,AR(1),4.7,4.697429796293695,2011-12-31,2016-11-30,0.0025702037063055627,0.0025702037063055627,6.605947091906852e-06
2016-12-31,IT,AR(1),11.8,11.941071372625855,2011-12-31,2016-11-30,-0.1410713726258539,0.1410713726258539,0.01990113217454252
2016-12-31,JP,AR(1),3.0,2.9987035263522355,2011-12-31,2016-11-30,0.0012964736477645289,0.0012964736477645289,1.6808439193478638e-06
2016-12-31,KR,AR(1),3.5,3.6974125502140867,2011-12-31,2016-11-30,-0.19741255021408666,0.19741255021408666,0.03897171498202929
2016-12-31,US,AR(1),4.7,4.692689404318449,2011-12-31,2016-11-30,0.007310595681551568,0.007310595681551568,5.3444809219120435e-05
2017-01-31,AU,RW,5.683755,5.836587,2012-01-31,2016-12-31,-0.15283200000000008,0.15283200000000008,0.023357620224000022
2017-01-31,CA,RW,6.9,6.9,2012-01-31,2016-12-31,0.0,0.0,0.0
2017-01-31,DE,RW,3.7,3.7,2012-01-31,2016-12-31,0.0,0.0,0.0
2017-01-31,FR,RW,9.7,10.0,2012-01-31,2016-12-31,-0.3000000000000007,0.3000000000000007,0.09000000000000043
2017-01-31,GB,RW,4.6,4.7,2012-01-31,2016-12-31,-0.10000000000000053,0.10000000000000053,0.010000000000000106
2017-01-31,IT,RW,11.7,11.8,2012-01-31,2016-12-31,-0.10000000000000142,0.10000000000000142,0.010000000000000285
2017-01-31,JP,RW,3.0,3.0,2012-01-31,2016-12-31,0.0,0.0,0.0
2017-01-31,KR,RW,3.5,3.5,2012-01-31,2016-12-31,0.0,0.0,0.0
2017-01-31,US,RW,4.7,4.7,2012-01-31,2016-12-31,0.0,0.0,0.0
2017-01-31,AU,AR(1),5.683755,5.844037240286133,2012-01-31,2016-12-31,-0.1602822402861337,0.1602822402861337,0.025690396551141897
2017-01-31,CA,AR(1),6.9,6.8983640172527805,2012-01-31,2016-12-31,0.0016359827472198774,0.0016359827472198774,2.676439549201097e-06
2017-01-31,DE,AR(1),3.7,3.704353971377594,2012-01-31,2016-12-31,-0.004353971377593968,0.004353971377593968,1.8957066756907516e-05
2017-01-31,FR,AR(1),9.7,10.014528289595454,2012-01-31,2016-12-31,-0.3145282895954544,0.3145282895954544,0.09892804495584204
2017-01-31,GB,AR(1),4.6,4.696204064978875,2012-01-31,2016-12-31,-0.09620406497887579,0.09620406497887579,0.009255222118459756
2017-01-31,IT,AR(1),11.7,11.838942275647806,2012-01-31,2016-12-31,-0.13894227564780692,0.13894227564780692,0.019304955962191162
2017-01-31,JP,AR(1),3.0,2.997534899986792,2012-01-31,2016-12-31,0.002465100013207877,0.002465100013207877,6.076718075117476e-06
2017-01-31,KR,AR(1),3.5,3.502496122223691,2012-01-31,2016-12-31,-0.0024961222236909997,0.0024961222236909997,6.230626155604101e-06
2017-01-31,US,AR(1),4.7,4.6913790597788045,2012-01-31,2016-12-31,0.008620940221195639,0.008620940221195639,7.43206102974287e-05
2017-02-28,AU,RW,5.893282,5.683755,2012-02-29,2017-01-31,0.20952700000000046,0.20952700000000046,0.04390156372900019
2017-02-28,CA,RW,6.6,6.9,2012-02-29,2017-01-31,-0.3000000000000007,0.3000000000000007,0.09000000000000043
2017-02-28,DE,RW,3.6,3.7,2012-02-29,2017-01-31,-0.10000000000000009,0.10000000000000009,0.010000000000000018
2017-02-28,FR,RW,9.6,9.7,2012-02-29,2017-01-31,-0.09999999999999964,0.09999999999999964,0.009999999999999929
2017-02-28,GB,RW,4.6,4.6,2012-02-29,2017-01-31,0.0,0.0,0.0
2017-02-28,IT,RW,11.5,11.7,2012-02-29,2017-01-31,-0.1999999999999993,0.1999999999999993,0.039999999999999716
2017-02-28,JP,RW,2.9,3.0,2012-02-29,2017-01-31,-0.10000000000000009,0.10000000000000009,0.010000000000000018
2017-02-28,KR,RW,3.9,3.5,2012-02-29,2017-01-31,0.3999999999999999,0.3999999999999999,0.15999999999999992
2017-02-28,US,RW,4.6,4.7,2012-02-29,2017-01-31,-0.10000000000000053,0.10000000000000053,0.010000000000000106
2017-02-28,AU,AR(1),5.893282,5.696421206189814,2012-02-29,2017-01-31,0.1968607938101865,0.1968607938101865,0.03875417213957676
2017-02-28,CA,AR(1),6.6,6.894928418919076,2012-02-29,2017-01-31,-0.29492841891907595,0.29492841891907595,0.08698277228610596
2017-02-28,DE,AR(1),3.6,3.7059931514831614,2012-02-29,2017-01-31,-0.10599315148316135,0.10599315148316135,0.011234548161332389
2017-02-28,FR,AR(1),9.6,9.718160716514806,2012-02-29,2017-01-31,-0.1181607165148062,0.1181607165148062,0.013961954927292394
2017-02-28,GB,AR(1),4.6,4.597369298103848,2012-02-29,2017-01-31,0.002630701896151777,0.002630701896151777,6.9205924664165546e-06
2017-02-28,IT,AR(1),11.5,11.741813939950042,2012-02-29,2017-01-31,-0.24181393995004186,0.24181393995004186,0.058473981554162446
2017-02-28,JP,AR(1),2.9,2.9973231451588256,2012-02-29,2017-01-31,-0.09732314515882567,0.09732314515882567,0.009471794583605853
2017-02-28,KR,AR(1),3.9,3.500925935326013,2012-02-29,2017-01-31,0.39907406467398676,0.39907406467398676,0.15926010909541738
2017-02-28,US,AR(1),4.6,4.694111741573716,2012-02-29,2017-01-31,-0.09411174157371605,0.09411174157371605,0.008857019902037914
2017-03-31,AU,RW,5.845982,5.893282,2012-03-31,2017-02-28,-0.0472999999999999,0.0472999999999999,0.0022372899999999903
2017-03-31,CA,RW,6.7,6.6,2012-03-31,2017-02-28,0.10000000000000053,0.10000000000000053,0.010000000000000106
2017-03-31,DE,RW,3.6,3.6,2012-03-31,2017-02-28,0.0,0.0,0.0
2017-03-31,FR,RW,9.6,9.6,2012-03-31,2017-02-28,0.0,0.0,0.0
2017-03-31,GB,RW,4.5,4.6,2012-03-31,2017-02-28,-0.09999999999999964,0.09999999999999964,0.009999999999999929
2017-03-31,IT,RW,11.5,11.5,2012-03-31,2017-02-28,0.0,0.0,0.0
2017-03-31,JP,RW,2.8,2.9,2012-03-31,2017-02-28,-0.10000000000000009,0.10000000000000009,0.010000000000000018
2017-03-31,KR,RW,3.6,3.9,2012-03-31,2017-02-28,-0.2999999999999998,0.2999999999999998,0.0899999999999999
2017-03-31,US,RW,4.4,4.6,2012-03-31,2017-02-28,-0.1999999999999993,0.1999999999999993,0.039999999999999716
2017-03-31,AU,AR(1),5.845982,5.90101627371573,2012-03-31,2017-02-28,-0.05503427371573011,0.05503427371573011,0.003028771283417902
2017-03-31,CA,AR(1),6.7,6.5990125260988455,2012-03-31,2017-02-28,0.1009874739011547,0.1009874739011547,0.010198469884936402
2017-03-31,DE,AR(1),3.6,3.6032516724133976,2012-03-31,2017-02-28,-0.0032516724133975217,0.0032516724133975217,1.0573373484050463e-05
2017-03-31,FR,AR(1),9.6,9.61783128335681,2012-03-31,2017-02-28,-0.017831283356811056,0.017831283356811056,0.00031795466615088696
2017-03-31,GB,AR(1),4.5,4.590581172946326,2012-03-31,2017-02-28,-0.09058117294632595,0.09058117294632595,0.008204948892332212
2017-03-31,IT,AR(1),11.5,11.537653339109891,2012-03-31,2017-02-28,-0.03765333910989099,0.03765333910989099,0.0014177739461244466
2017-03-31,JP,AR(1),2.8,2.8953230371190184,2012-03-31,2017-02-28,-0.09532303711901857,0.09532303711901857,0.009086481405593793
2017-03-31,KR,AR(1),3.6,3.8963110453254646,2012-03-31,2017-02-28,-0.2963110453254645,0.2963110453254645,0.08780023558186947
2017-03-31,US,AR(1),4.4,4.587506776898235,2012-03-31,2017-02-28,-0.18750677689823458,0.18750677689823458,0.03515879138276432
2017-04-30,AU,RW,5.609199,5.845982,2012-04-30,2017-03-31,-0.23678299999999997,0.23678299999999997,0.05606618908899998
2017-04-30,CA,RW,6.5,6.7,2012-04-30,2017-03-31,-0.20000000000000018,0.20000000000000018,0.04000000000000007
2017-04-30,DE,RW,3.6,3.6,2012-04-30,2017-03-31,0.0,0.0,0.0
2017-04-30,FR,RW,9.5,9.6,2012-04-30,2017-03-31,-0.09999999999999964,0.09999999999999964,0.009999999999999929
2017-04-30,GB,RW,4.4,4.5,2012-04-30,2017-03-31,-0.09999999999999964,0.09999999999999964,0.009999999999999929
2017-04-30,IT,RW,11.2,11.5,2012-04-30,2017-03-31,-0.3000000000000007,0.3000000000000007,0.09000000000000043
2017-04-30,JP,RW,2.8,2.8,2012-04-30,2017-03-31,0.0,0.0,0.0
2017-04-30,KR,RW,3.8,3.6,2012-04-30,2017-03-31,0.19999999999999973,0.19999999999999973,0.0399999999999999
2017-04-30,US,RW,4.4,4.4,2012-04-30,2017-03-31,0.0,0.0,0.0
2017-04-30,AU,AR(1),5.609199,5.855029273598327,2012-04-30,2017-03-31,-0.24583027359832688,0.24583027359832688,0.06043252341742825
2017-04-30,CA,AR(1),6.5,6.699292794564915,2012-04-30,2017-03-31,-0.199292794564915,0.199292794564915,0.03971761796549341
2017-04-30,DE,AR(1),3.6,3.5995613222067444,2012-04-30,2017-03-31,0.0004386777932556818,0.0004386777932556818,1.924382062956747e-07
2017-04-30,FR,AR(1),9.5,9.614468221546831,2012-04-30,2017-03-31,-0.11446822154683112,0.11446822154683112,0.013102973744094411
2017-04-30,GB,AR(1),4.4,4.4845103518031575,2012-04-30,2017-03-31,-0.08451035180315714,0.08451035180315714,0.007141999561893385
2017-04-30,IT,AR(1),11.2,11.530051937498916,2012-04-30,2017-03-31,-0.3300519374989168,0.3300519374989168,0.10893428144678889
2017-04-30,JP,AR(1),2.8,2.793195726872578,2012-04-30,2017-03-31,0.006804273127421823,0.006804273127421823,4.629813279255475e-05
2017-04-30,KR,AR(1),3.8,3.600841469256,2012-04-30,2017-03-31,0.19915853074400003,0.19915853074400003,0.039664120368108804
2017-04-30,US,AR(1),4.4,4.3841432259939905,2012-04-30,2017-03-31,0.01585677400600982,0.01585677400600982,0.00025143728187766875
2017-05-31,AU,RW,5.547534,5.609199,2012-05-31,2017-04-30,-0.061665000000000525,0.061665000000000525,0.0038025722250000647
2017-05-31,CA,RW,6.6,6.5,2012-05-31,2017-04-30,0.09999999999999964,0.09999999999999964,0.009999999999999929
2017-05-31,DE,RW,3.6,3.6,2012-05-31,2017-04-30,0.0,0.0,0.0
2017-05-31,FR,RW,9.5,9.5,2012-05-31,2017-04-30,0.0,0.0,0.0
2017-05-31,GB,RW,4.4,4.4,2012-05-31,2017-04-30,0.0,0.0,0.0
2017-05-31,IT,RW,11.5,11.2,2012-05-31,2017-04-30,0.3000000000000007,0.3000000000000007,0.09000000000000043
2017-05-31,JP,RW,3.0,2.8,2012-05-31,2017-04-30,0.20000000000000018,0.20000000000000018,0.04000000000000007
2017-05-31,KR,RW,3.5,3.8,2012-05-31,2017-04-30,-0.2999999999999998,0.2999999999999998,0.0899999999999999
2017-05-31,US,RW,4.4,4.4,2012-05-31,2017-04-30,0.0,0.0,0.0
2017-05-31,AU,AR(1),5.547534,5.623696738402556,2012-05-31,2017-04-30,-0.07616273840255605,0.07616273840255605,0.005800762720976186
2017-05-31,CA,AR(1),6.6,6.500204373617863,2012-05-31,2017-04-30,0.09979562638213668,0.09979562638213668,0.009959167045003015
2017-05-31,DE,AR(1),3.6,3.597931186440056,2012-05-31,2017-04-30,0.0020688135599442603,0.0020688135599442603,4.279989545809244e-06
2017-05-31,FR,AR(1),9.5,9.5130342164083,2012-05-31,2017-04-30,-0.01303421640830038,0.01303421640830038,0.0001698907973784069
2017-05-31,GB,AR(1),4.4,4.38357257614714,2012-05-31,2017-04-30,0.016427423852860557,0.016427423852860557,0.000269860254441532
2017-05-31,IT,AR(1),11.5,11.229062793539107,2012-05-31,2017-04-30,0.2709372064608928,0.2709372064608928,0.07340696984483246
2017-05-31,JP,AR(1),3.0,2.7916068287884537,2012-05-31,2017-04-30,0.20839317121154632,0.20839317121154632,0.04342771380760486
2017-05-31,KR,AR(1),3.5,3.7994848863917894,2012-05-31,2017-04-30,-0.2994848863917894,0.2994848863917894,0.089691197177103
2017-05-31,US,AR(1),4.4,4.380618107343441,2012-05-31,2017-04-30,0.01938189265655943,0.01938189265655943,0.00037565776295039237
2017-06-30,AU,RW,5.622869,5.547534,2012-06-30,2017-05-31,0.07533499999999993,0.07533499999999993,0.00567536222499999
2017-06-30,CA,RW,6.5,6.6,2012-06-30,2017-05-31,-0.09999999999999964,0.09999999999999964,0.009999999999999929
2017-06-30,DE,RW,3.5,3.6,2012-06-30,2017-05-31,-0.10000000000000009,0.10000000000000009,0.010000000000000018
2017-06-30,FR,RW,9.5,9.5,2012-06-30,2017-05-31,0.0,0.0,0.0
2017-06-30,GB,RW,4.3,4.4,2012-06-30,2017-05-31,-0.10000000000000053,0.10000000000000053,0.010000000000000106
2017-06-30,IT,RW,11.2,11.5,2012-06-30,2017-05-31,-0.3000000000000007,0.3000000000000007,0.09000000000000043
2017-06-30,JP,RW,2.8,3.0,2012-06-30,2017-05-31,-0.20000000000000018,0.20000000000000018,0.04000000000000007
2017-06-30,KR,RW,3.7,3.5,2012-06-30,2017-05-31,0.20000000000000018,0.20000000000000018,0.04000000000000007
2017-06-30,US,RW,4.3,4.4,2012-06-30,2017-05-31,-0.10000000000000053,0.10000000000000053,0.010000000000000106
2017-06-30,AU,AR(1),5.622869,5.560362806809526,2012-06-30,2017-05-31,0.06250619319047335,0.06250619319047335,0.003907024187164777
2017-06-30,CA,AR(1),6.5,6.59769386088217,2012-06-30,2017-05-31,-0.09769386088216958,0.09769386088216958,0.009544090454064704
2017-06-30,DE,AR(1),3.5,3.600964994254961,2012-06-30,2017-05-31,-0.10096499425496086,0.10096499425496086,0.01019393006490428
2017-06-30,FR,AR(1),9.5,9.51562062895335,2012-06-30,2017-05-31,-0.015620628953350035,0.015620628953350035,0.00024400404889823743
2017-06-30,GB,AR(1),4.3,4.39086624572853,2012-06-30,2017-05-31,-0.09086624572853008,0.09086624572853008,0.008256674612797612
2017-06-30,IT,AR(1),11.2,11.530666030053284,2012-06-30,2017-05-31,-0.3306660300532851,0.3306660300532851,0.10934002343120004
2017-06-30,JP,AR(1),2.8,2.9932513836675056,2012-06-30,2017-05-31,-0.19325138366750583,0.19325138366750583,0.037346097289405536
2017-06-30,KR,AR(1),3.7,3.5036461455509493,2012-06-30,2017-05-31,0.19635385444905085,0.19635385444905085,0.03855483615699905
2017-06-30,US,AR(1),4.3,4.385985650167713,2012-06-30,2017-05-31,-0.08598565016771342,0.08598565016771342,0.007393532034764396
2017-07-31,AU,RW,5.605175,5.622869,2012-07-31,2017-06-30,-0.017693999999999654,0.017693999999999654,0.0003130776359999878
2017-07-31,CA,RW,6.3,6.5,2012-07-31,2017-06-30,-0.20000000000000018,0.20000000000000018,0.04000000000000007
2017-07-31,DE,RW,3.5,3.5,2012-07-31,2017-06-30,0.0,0.0,0.0
2017-07-31,FR,RW,9.6,9.5,2012-07-31,2017-06-30,0.09999999999999964,0.09999999999999964,0.009999999999999929
2017-07-31,GB,RW,4.3,4.3,2012-07-31,2017-06-30,0.0,0.0,0.0
2017-07-31,IT,RW,11.4,11.2,2012-07-31,2017-06-30,0.20000000000000107,0.20000000000000107,0.040000000000000424
2017-07-31,JP,RW,2.8,2.8,2012-07-31,2017-06-30,0.0,0.0,0.0
2017-07-31,KR,RW,3.6,3.7,2012-07-31,2017-06-30,-0.10000000000000009,0.10000000000000009,0.010000000000000018
2017-07-31,US,RW,4.3,4.3,2012-07-31,2017-06-30,0.0,0.0,0.0
2017-07-31,AU,AR(1),5.605175,5.634974897262909,2012-07-31,2017-06-30,-0.029799897262908992,0.029799897262908992,0.0008880338768799308
2017-07-31,CA,AR(1),6.3,6.499791184181795,2012-07-31,2017-06-30,-0.19979118418179542,0.19979118418179542,0.0399165172767641
2017-07-31,DE,AR(1),3.5,3.498141601903377,2012-07-31,2017-06-30,0.0018583980966231373,0.0018583980966231373,3.4536434855324995e-06
2017-07-31,FR,AR(1),9.6,9.513290764162052,2012-07-31,2017-06-30,0.08670923583794732,0.08670923583794732,0.007518491579600768
2017-07-31,GB,AR(1),4.3,4.284198792064203,2012-07-31,2017-06-30,0.0158012079357972,0.0158012079357972,0.0002496781722303005
2017-07-31,IT,AR(1),11.4,11.225200415423418,2012-07-31,2017-06-30,0.17479958457658284,0.17479958457658284,0.03055489476814594
2017-07-31,JP,AR(1),2.8,2.7941390250652063,2012-07-31,2017-06-30,0.005860974934793539,0.005860974934793539,3.435102718627813e-05
2017-07-31,KR,AR(1),3.6,3.702152579136332,2012-07-31,2017-06-30,-0.10215257913633202,0.10215257913633202,0.010435149424204577
2017-07-31,US,AR(1),4.3,4.279416178436399,2012-07-31,2017-06-30,0.020583821563600502,0.020583821563600502,0.000423693710162145
2017-08-31,AU,RW,5.529722,5.605175,2012-08-31,2017-07-31,-0.07545300000000044,0.07545300000000044,0.005693155209000066
2017-08-31,CA,RW,6.2,6.3,2012-08-31,2017-07-31,-0.09999999999999964,0.09999999999999964,0.009999999999999929
2017-08-31,DE,RW,3.5,3.5,2012-08-31,2017-07-31,0.0,0.0,0.0
2017-08-31,FR,RW,9.5,9.6,2012-08-31,2017-07-31,-0.09999999999999964,0.09999999999999964,0.009999999999999929
2017-08-31,GB,RW,4.3,4.3,2012-08-31,2017-07-31,0.0,0.0,0.0
2017-08-31,IT,RW,11.5,11.4,2012-08-31,2017-07-31,0.09999999999999964,0.09999999999999964,0.009999999999999929
2017-08-31,JP,RW,2.8,2.8,2012-08-31,2017-07-31,0.0,0.0,0.0
2017-08-31,KR,RW,4.0,3.6,2012-08-31,2017-07-31,0.3999999999999999,0.3999999999999999,0.15999999999999992
2017-08-31,US,RW,4.4,4.3,2012-08-31,2017-07-31,0.10000000000000053,0.10000000000000053,0.010000000000000106
2017-08-31,AU,AR(1),5.529722,5.617683800983763,2012-08-31,2017-07-31,-0.08796180098376372,0.08796180098376372,0.007737278432307255
2017-08-31,CA,AR(1),6.2,6.3043228670961255,2012-08-31,2017-07-31,-0.10432286709612537,0.10432286709612537,0.010883260599155838
2017-08-31,DE,AR(1),3.5,3.499272364140626,2012-08-31,2017-07-31,0.0007276358593739651,0.0007276358593739651,5.294539438468887e-07
2017-08-31,FR,AR(1),9.5,9.613365139172188,2012-08-31,2017-07-31,-0.11336513917218838,0.11336513917218838,0.01285165477952964
2017-08-31,GB,AR(1),4.3,4.287615994715156,2012-08-31,2017-07-31,0.012384005284843624,0.012384005284843624,0.00015336358689503482
2017-08-31,IT,AR(1),11.5,11.4231023271535,2012-08-31,2017-07-31,0.07689767284649918,0.07689767284649918,0.005913252089207217
2017-08-31,JP,AR(1),2.8,2.794889645530679,2012-08-31,2017-07-31,0.0051103544693207326,0.0051103544693207326,2.6115722802106386e-05
2017-08-31,KR,AR(1),4.0,3.6030003725596265,2012-08-31,2017-07-31,0.39699962744037354,0.39699962744037354,0.15760870418779538
2017-08-31,US,AR(1),4.4,4.2809661623669895,2012-08-31,2017-07-31,0.1190338376330109,0.1190338376330109,0.014169054501642001
2017-09-30,AU,RW,5.462973,5.529722,2012-09-30,2017-08-31,-0.06674899999999973,0.06674899999999973,0.0044554290009999635
2017-09-30,CA,RW,6.2,6.2,2012-09-30,2017-08-31,0.0,0.0,0.0
2017-09-30,DE,RW,3.4,3.5,2012-09-30,2017-08-31,-0.10000000000000009,0.10000000000000009,0.010000000000000018
2017-09-30,FR,RW,9.3,9.5,2012-09-30,2017-08-31,-0.1999999999999993,0.1999999999999993,0.039999999999999716
2017-09-30,GB,RW,4.2,4.3,2012-09-30,2017-08-31,-0.09999999999999964,0.09999999999999964,0.009999999999999929
2017-09-30,IT,RW,11.2,11.5,2012-09-30,2017-08-31,-0.3000000000000007,0.3000000000000007,0.09000000000000043
2017-09-30,JP,RW,2.8,2.8,2012-09-30,2017-08-31,0.0,0.0,0.0
2017-09-30,KR,RW,3.7,4.0,2012-09-30,2017-08-31,-0.2999999999999998,0.2999999999999998,0.0899999999999999
2017-09-30,US,RW,4.3,4.4,2012-09-30,2017-08-31,-0.10000000000000053,0.10000000000000053,0.010000000000000106
2017-09-30,AU,AR(1),5.462973,5.543864335493463,2012-09-30,2017-08-31,-0.0808913354934635,0.0808913354934635,0.006543408157916068
2017-09-30,CA,AR(1),6.2,6.2038847470489555,2012-09-30,2017-08-31,-0.0038847470489553615,0.0038847470489553615,1.509125963436739e-05
2017-09-30,DE,AR(1),3.4,3.5008594702301696,2012-09-30,2017-08-31,-0.10085947023016972,0.10085947023016972,0.010172632735110492
2017-09-30,FR,AR(1),9.3,9.514862330264986,2012-09-30,2017-08-31,-0.21486233026498525,0.21486233026498525,0.0461658209668996
2017-09-30,GB,AR(1),4.2,4.288824936922775,2012-09-30,2017-08-31,-0.08882493692277471,0.08882493692277471,0.007889869419334906
2017-09-30,IT,AR(1),11.2,11.522558486553567,2012-09-30,2017-08-31,-0.322558486553568,0.322558486553568,0.1040439772477283
2017-09-30,JP,AR(1),2.8,2.7963668812601963,2012-09-30,2017-08-31,0.0036331187398035425,0.0036331187398035425,1.319955177751168e-05
2017-09-30,KR,AR(1),3.7,3.9984758922556365,2012-09-30,2017-08-31,-0.2984758922556363,0.2984758922556363,0.08908785825779822
2017-09-30,US,AR(1),4.3,4.3808368989480115,2012-09-30,2017-08-31,-0.08083689894801172,0.08083689894801172,0.006534604231531058
2017-10-31,AU,RW,5.403244,5.462973,2012-10-31,2017-09-30,-0.05972899999999992,0.05972899999999992,0.0035675534409999906
2017-10-31,CA,RW,6.3,6.2,2012-10-31,2017-09-30,0.09999999999999964,0.09999999999999964,0.009999999999999929
2017-10-31,DE,RW,3.4,3.4,2012-10-31,2017-09-30,0.0,0.0,0.0
2017-10-31,FR,RW,9.1,9.3,2012-10-31,2017-09-30,-0.20000000000000107,0.20000000000000107,0.040000000000000424
2017-10-31,GB,RW,4.3,4.2,2012-10-31,2017-09-30,0.09999999999999964,0.09999999999999964,0.009999999999999929
2017-10-31,IT,RW,11.0,11.2,2012-10-31,2017-09-30,-0.1999999999999993,0.1999999999999993,0.039999999999999716
2017-10-31,JP,RW,2.7,2.8,2012-10-31,2017-09-30,-0.09999999999999964,0.09999999999999964,0.009999999999999929
2017-10-31,KR,RW,3.7,3.7,2012-10-31,2017-09-30,0.0,0.0,0.0
2017-10-31,US,RW,4.2,4.3,2012-10-31,2017-09-30,-0.09999999999999964,0.09999999999999964,0.009999999999999929
2017-10-31,AU,AR(1),5.403244,5.470855232241961,2012-10-31,2017-09-30,-0.06761123224196108,0.06761123224196108,0.004571278725276398
2017-10-31,CA,AR(1),6.3,6.199388685917141,2012-10-31,2017-09-30,0.10061131408285906,0.10061131408285906,0.010122636521479714
2017-10-31,DE,AR(1),3.4,3.3965919384153866,2012-10-31,2017-09-30,0.0034080615846132645,0.0034080615846132645,1.1614883764516676e-05
2017-10-31,FR,AR(1),9.1,9.31140716341698,2012-10-31,2017-09-30,-0.21140716341698074,0.21140716341698074,0.044692988744014
2017-10-31,GB,AR(1),4.3,4.180184615166976,2012-10-31,2017-09-30,0.11981538483302412,0.11981538483302412,0.014355726442685667
2017-10-31,IT,AR(1),11.0,11.218738361657419,2012-10-31,2017-09-30,-0.21873836165741878,0.21873836165741878,0.047846470860571734
2017-10-31,JP,AR(1),2.7,2.792498154159493,2012-10-31,2017-09-30,-0.0924981541594927,0.0924981541594927,0.008555908522913276
2017-10-31,KR,AR(1),3.7,3.70332980148375,2012-10-31,2017-09-30,-0.00332980148374995,0.00332980148374995,1.108757792118337e-05
2017-10-31,US,AR(1),4.2,4.27790318248358,2012-10-31,2017-09-30,-0.07790318248357941,0.07790318248357941,0.006068905841069875
2017-11-30,AU,RW,5.454136,5.403244,2012-11-30,2017-10-31,0.05089200000000016,0.05089200000000016,0.0025899956640000163
2017-11-30,CA,RW,6.2,6.3,2012-11-30,2017-10-31,-0.09999999999999964,0.09999999999999964,0.009999999999999929
2017-11-30,DE,RW,3.4,3.4,2012-11-30,2017-10-31,0.0,0.0,0.0
2017-11-30,FR,RW,9.0,9.1,2012-11-30,2017-10-31,-0.09999999999999964,0.09999999999999964,0.009999999999999929
2017-11-30,GB,RW,4.4,4.3,2012-11-30,2017-10-31,0.10000000000000053,0.10000000000000053,0.010000000000000106
2017-11-30,IT,RW,10.9,11.0,2012-11-30,2017-10-31,-0.09999999999999964,0.09999999999999964,0.009999999999999929
2017-11-30,JP,RW,2.7,2.7,2012-11-30,2017-10-31,0.0,0.0,0.0
2017-11-30,KR,RW,3.7,3.7,2012-11-30,2017-10-31,0.0,0.0,0.0
2017-11-30,US,RW,4.2,4.2,2012-11-30,2017-10-31,0.0,0.0,0.0
2017-11-30,AU,AR(1),5.454136,5.412571936354628,2012-11-30,2017-10-31,0.041564063645371796,0.041564063645371796,0.0017275713867165173
2017-11-30,CA,AR(1),6.2,6.297816898767251,2012-11-30,2017-10-31,-0.09781689876725075,0.09781689876725075,0.00956814568444258
2017-11-30,DE,AR(1),3.4,3.395387541791442,2012-11-30,2017-10-31,0.004612458208558046,0.004612458208558046,2.1274770725694495e-05
2017-11-30,FR,AR(1),9.0,9.106949238763434,2012-11-30,2017-10-31,-0.1069492387634341,0.1069492387634341,0.011438139672078034
2017-11-30,GB,AR(1),4.4,4.277166705151912,2012-11-30,2017-10-31,0.12283329484808814,0.12283329484808814,0.015088018323237355
2017-11-30,IT,AR(1),10.9,11.01441579900112,2012-11-30,2017-10-31,-0.11441579900112053,0.11441579900112053,0.013090975061064814
2017-11-30,JP,AR(1),2.7,2.693845333358561,2012-11-30,2017-10-31,0.006154666641439377,0.006154666641439377,3.787992146724666e-05
2017-11-30,KR,AR(1),3.7,3.705314909084028,2012-11-30,2017-10-31,-0.0053149090840278745,0.0053149090840278745,2.824825857148202e-05
2017-11-30,US,AR(1),4.2,4.176261841886217,2012-11-30,2017-10-31,0.023738158113783214,0.023738158113783214,0.0005635001506349718
2017-12-31,AU,RW,5.616885,5.454136,2012-12-31,2017-11-30,0.1627489999999998,0.1627489999999998,0.02648723700099994
2017-12-31,CA,RW,6.0,6.2,2012-12-31,2017-11-30,-0.20000000000000018,0.20000000000000018,0.04000000000000007
2017-12-31,DE,RW,3.4,3.4,2012-12-31,2017-11-30,0.0,0.0,0.0
2017-12-31,FR,RW,9.0,9.0,2012-12-31,2017-11-30,0.0,0.0,0.0
2017-12-31,GB,RW,4.3,4.4,2012-12-31,2017-11-30,-0.10000000000000053,0.10000000000000053,0.010000000000000106
2017-12-31,IT,RW,10.9,10.9,2012-12-31,2017-11-30,0.0,0.0,0.0
2017-12-31,JP,RW,2.7,2.7,2012-12-31,2017-11-30,0.0,0.0,0.0
2017-12-31,KR,RW,3.6,3.7,2012-12-31,2017-11-30,-0.10000000000000009,0.10000000000000009,0.010000000000000018
2017-12-31,US,RW,4.1,4.2,2012-12-31,2017-11-30,-0.10000000000000053,0.10000000000000053,0.010000000000000106
2017-12-31,AU,AR(1),5.616885,5.466136414553713,2012-12-31,2017-11-30,0.1507485854462871,0.1507485854462871,0.022725136014056527
2017-12-31,CA,AR(1),6.0,6.198953939653674,2012-12-31,2017-11-30,-0.19895393965367436,0.19895393965367436,0.0395826701037179
2017-12-31,DE,AR(1),3.4,3.3958937308492323,2012-12-31,2017-11-30,0.004106269150767616,0.004106269150767616,1.68614463385458e-05
2017-12-31,FR,AR(1),9.0,9.006848075196535,2012-12-31,2017-11-30,-0.006848075196534964,0.006848075196534964,4.689613389739739e-05
2017-12-31,GB,AR(1),4.3,4.376873391451993,2012-12-31,2017-11-30,-0.07687339145199346,0.07687339145199346,0.005909518313331421
2017-12-31,IT,AR(1),10.9,10.916183202380482,2012-12-31,2017-11-30,-0.016183202380481987,0.016183202380481987,0.00026189603928763783
2017-12-31,JP,AR(1),2.7,2.694178023175457,2012-12-31,2017-11-30,0.005821976824543107,0.005821976824543107,3.389541414551704e-05
2017-12-31,KR,AR(1),3.6,3.7036449381124497,2012-12-31,2017-11-30,-0.10364493811244957,0.10364493811244957,0.010742273196333502
2017-12-31,US,AR(1),4.1,4.178372393353277,2012-12-31,2017-11-30,-0.07837239335327695,0.07837239335327695,0.006142232039920769
2018-01-31,AU,RW,5.524104,5.616885,2013-01-31,2017-12-31,-0.09278099999999956,0.09278099999999956,0.008608313960999918
2018-01-31,CA,RW,5.9,6.0,2013-01-31,2017-12-31,-0.09999999999999964,0.09999999999999964,0.009999999999999929
2018-01-31,DE,RW,3.3,3.4,2013-01-31,2017-12-31,-0.10000000000000009,0.10000000000000009,0.010000000000000018
2018-01-31,FR,RW,9.2,9.0,2013-01-31,2017-12-31,0.1999999999999993,0.1999999999999993,0.039999999999999716
2018-01-31,GB,RW,4.2,4.3,2013-01-31,2017-12-31,-0.09999999999999964,0.09999999999999964,0.009999999999999929
2018-01-31,IT,RW,11.0,10.9,2013-01-31,2017-12-31,0.09999999999999964,0.09999999999999964,0.009999999999999929
2018-01-31,JP,RW,2.4,2.7,2013-01-31,2017-12-31,-0.30000000000000027,0.30000000000000027,0.09000000000000016
2018-01-31,KR,RW,3.4,3.6,2013-01-31,2017-12-31,-0.20000000000000018,0.20000000000000018,0.04000000000000007
2018-01-31,US,RW,4.0,4.1,2013-01-31,2017-12-31,-0.09999999999999964,0.09999999999999964,0.009999999999999929
2018-01-31,AU,AR(1),5.524104,5.625362482128251,2013-01-31,2017-12-31,-0.10125848212825073,0.10125848212825073,0.010253280202917272
2018-01-31,CA,AR(1),5.9,6.004117828674136,2013-01-31,2017-12-31,-0.10411782867413599,0.10411782867413599,0.010840522247816736
2018-01-31,DE,AR(1),3.3,3.397608925332336,2013-01-31,2017-12-31,-0.09760892533233623,0.09760892533233623,0.00952750230453359
2018-01-31,FR,AR(1),9.2,9.007535050948217,2013-01-31,2017-12-31,0.19246494905178224,0.19246494905178224,0.03704275661350513
2018-01-31,GB,AR(1),4.2,4.279966183842423,2013-01-31,2017-12-31,-0.07996618384242282,0.07996618384242282,0.006394590558320165
2018-01-31,IT,AR(1),11.0,10.917199769583139,2013-01-31,2017-12-31,0.08280023041686135,0.08280023041686135,0.006855878157085332
2018-01-31,JP,AR(1),2.4,2.692105866085763,2013-01-31,2017-12-31,-0.29210586608576294,0.29210586608576294,0.08532583700171367
2018-01-31,KR,AR(1),3.4,3.604358932143911,2013-01-31,2017-12-31,-0.204358932143911,0.204358932143911,0.04176257314699962
2018-01-31,US,AR(1),4.0,4.078427785626559,2013-01-31,2017-12-31,-0.07842778562655894,0.07842778562655894,0.006150917558285485
2018-02-28,AU,RW,5.581652,5.524104,2013-02-28,2018-01-31,0.05754799999999971,0.05754799999999971,0.003311772303999967
2018-02-28,CA,RW,6.0,5.9,2013-02-28,2018-01-31,0.09999999999999964,0.09999999999999964,0.009999999999999929
2018-02-28,DE,RW,3.3,3.3,2013-02-28,2018-01-31,0.0,0.0,0.0
2018-02-28,FR,RW,9.3,9.2,2013-02-28,2018-01-31,0.10000000000000142,0.10000000000000142,0.010000000000000285
2018-02-28,GB,RW,4.2,4.2,2013-02-28,2018-01-31,0.0,0.0,0.0
2018-02-28,IT,RW,10.8,11.0,2013-02-28,2018-01-31,-0.1999999999999993,0.1999999999999993,0.039999999999999716
2018-02-28,JP,RW,2.5,2.4,2013-02-28,2018-01-31,0.10000000000000009,0.10000000000000009,0.010000000000000018
2018-02-28,KR,RW,3.7,3.4,2013-02-28,2018-01-31,0.30000000000000027,0.30000000000000027,0.09000000000000016
2018-02-28,US,RW,4.1,4.0,2013-02-28,2018-01-31,0.09999999999999964,0.09999999999999964,0.009999999999999929
2018-02-28,AU,AR(1),5.581652,5.535411640930715,2013-02-28,2018-01-31,0.046240359069285475,0.046240359069285475,0.0021381708068564514
2018-02-28,CA,AR(1),6.0,5.911754577460453,2013-02-28,2018-01-31,0.08824542253954704,0.08824542253954704,0.007787254599183196
2018-02-28,DE,AR(1),3.3,3.299883686750204,2013-02-28,2018-01-31,0.00011631324979566315,0.00011631324979566315,1.3528772078028334e-08
2018-02-28,FR,AR(1),9.3,9.206546422240027,2013-02-28,2018-01-31,0.09345357775997343,0.09345357775997343,0.0087335711961394
2018-02-28,GB,AR(1),4.2,4.181568043712659,2013-02-28,2018-01-31,0.0184319562873414,0.0184319562873414,0.00033973701257846415
2018-02-28,IT,AR(1),10.8,11.014683393883463,2013-02-28,2018-01-31,-0.2146833938834618,0.2146833938834618,0.046088959609321606
2018-02-28,JP,AR(1),2.5,2.3996814282950423,2013-02-28,2018-01-31,0.10031857170495773,0.10031857170495773,0.010063815828922745
2018-02-28,KR,AR(1),3.7,3.406973985526253,2013-02-28,2018-01-31,0.2930260144737473,0.2930260144737473,0.08586424515836877
2018-02-28,US,AR(1),4.1,3.982027056413614,2013-02-28,2018-01-31,0.11797294358638544,0.11797294358638544,0.013917615418436481
2018-03-31,AU,RW,5.530407,5.581652,2013-03-31,2018-02-28,-0.05124499999999976,0.05124499999999976,0.0026260500249999756
2018-03-31,CA,RW,5.8,6.0,2013-03-31,2018-02-28,-0.20000000000000018,0.20000000000000018,0.04000000000000007
2018-03-31,DE,RW,3.3,3.3,2013-03-31,2018-02-28,0.0,0.0,0.0
2018-03-31,FR,RW,9.3,9.3,2013-03-31,2018-02-28,0.0,0.0,0.0
2018-03-31,GB,RW,4.2,4.2,2013-03-31,2018-02-28,0.0,0.0,0.0
2018-03-31,IT,RW,10.9,10.8,2013-03-31,2018-02-28,0.09999999999999964,0.09999999999999964,0.009999999999999929
2018-03-31,JP,RW,2.5,2.5,2013-03-31,2018-02-28,0.0,0.0,0.0
2018-03-31,KR,RW,4.0,3.7,2013-03-31,2018-02-28,0.2999999999999998,0.2999999999999998,0.0899999999999999
2018-03-31,US,RW,4.0,4.1,2013-03-31,2018-02-28,-0.09999999999999964,0.09999999999999964,0.009999999999999929
2018-03-31,AU,AR(1),5.530407,5.592144058408345,2013-03-31,2018-02-28,-0.06173705840834476,0.06173705840834476,0.0038114643809153722
2018-03-31,CA,AR(1),5.8,6.00971729518736,2013-03-31,2018-02-28,-0.20971729518736026,0.20971729518736026,0.0439813439007024
2018-03-31,DE,AR(1),3.3,3.2989082916229453,2013-03-31,2018-02-28,0.0010917083770545233,0.0010917083770545233,1.1918271805310211e-06
2018-03-31,FR,AR(1),9.3,9.30452086580313,2013-03-31,2018-02-28,-0.0045208658031299365,0.0045208658031299365,2.0438227609909686e-05
2018-03-31,GB,AR(1),4.2,4.182883155112571,2013-03-31,2018-02-28,0.01711684488742904,0.01711684488742904,0.0002929863789003056
2018-03-31,IT,AR(1),10.9,10.816829062626091,2013-03-31,2018-02-28,0.08317093737390913,0.08317093737390913,0.006917404823654714
2018-03-31,JP,AR(1),2.5,2.4956794422968223,2013-03-31,2018-02-28,0.004320557703177741,0.004320557703177741,1.8667218866488517e-05
2018-03-31,KR,AR(1),4.0,3.7046522183036092,2013-03-31,2018-02-28,0.29534778169639075,0.29534778169639075,0.08723031215297888
2018-03-31,US,AR(1),4.0,4.08353901513194,2013-03-31,2018-02-28,-0.08353901513194018,0.08353901513194018,0.0069787670492145295
2018-04-30,AU,RW,5.545162,5.530407,2013-04-30,2018-03-31,0.014755000000000074,0.014755000000000074,0.00021771002500000218
2018-04-30,CA,RW,5.8,5.8,2013-04-30,2018-03-31,0.0,0.0,0.0
2018-04-30,DE,RW,3.2,3.3,2013-04-30,2018-03-31,-0.09999999999999964,0.09999999999999964,0.009999999999999929
2018-04-30,FR,RW,9.2,9.3,2013-04-30,2018-03-31,-0.10000000000000142,0.10000000000000142,0.010000000000000285
2018-04-30,GB,RW,4.2,4.2,2013-04-30,2018-03-31,0.0,0.0,0.0
2018-04-30,IT,RW,10.9,10.9,2013-04-30,2018-03-31,0.0,0.0,0.0
2018-04-30,JP,RW,2.5,2.5,2013-04-30,2018-03-31,0.0,0.0,0.0
2018-04-30,KR,RW,3.8,4.0,2013-04-30,2018-03-31,-0.20000000000000018,0.20000000000000018,0.04000000000000007
2018-04-30,US,RW,4.0,4.0,2013-04-30,2018-03-31,0.0,0.0,0.0
2018-04-30,AU,AR(1),5.545162,5.537167024980605,2013-04-30,2018-03-31,0.007994975019395056,0.007994975019395056,6.391962556075098e-05
2018-04-30,CA,AR(1),5.8,5.806980232571899,2013-04-30,2018-03-31,-0.006980232571899059,0.006980232571899059,4.872364675780055e-05
2018-04-30,DE,AR(1),3.2,3.298356935955996,2013-04-30,2018-03-31,-0.0983569359559957,0.0983569359559957,0.00967408685065184
2018-04-30,FR,AR(1),9.2,9.302922700947539,2013-04-30,2018-03-31,-0.10292270094753952,0.10292270094753952,0.010593082370336654
2018-04-30,GB,AR(1),4.2,4.179145728291017,2013-04-30,2018-03-31,0.02085427170898324,0.02085427170898324,0.0004349006485120988
2018-04-30,IT,AR(1),10.9,10.913310265211495,2013-04-30,2018-03-31,-0.013310265211494254,0.013310265211494254,0.0001771631600003142
2018-04-30,JP,AR(1),2.5,2.496945805803713,2013-04-30,2018-03-31,0.0030541941962871633,0.0030541941962871633,9.328102188634192e-06
2018-04-30,KR,AR(1),3.8,4.003201305583762,2013-04-30,2018-03-31,-0.20320130558376182,0.20320130558376182,0.04129077059094535
2018-04-30,US,AR(1),4.0,3.9843230069542974,2013-04-30,2018-03-31,0.01567699304570258,0.01567699304570258,0.00024576811095500706
2018-05-31,AU,RW,5.436615,5.545162,2013-05-31,2018-04-30,-0.10854700000000062,0.10854700000000062,0.011782451209000134
2018-05-31,CA,RW,5.9,5.8,2013-05-31,2018-04-30,0.10000000000000053,0.10000000000000053,0.010000000000000106
2018-05-31,DE,RW,3.2,3.2,2013-05-31,2018-04-30,0.0,0.0,0.0
2018-05-31,FR,RW,9.1,9.2,2013-05-31,2018-04-30,-0.09999999999999964,0.09999999999999964,0.009999999999999929
2018-05-31,GB,RW,4.0,4.2,2013-05-31,2018-04-30,-0.20000000000000018,0.20000000000000018,0.04000000000000007
2018-05-31,IT,RW,10.7,10.9,2013-05-31,2018-04-30,-0.20000000000000107,0.20000000000000107,0.040000000000000424
2018-05-31,JP,RW,2.2,2.5,2013-05-31,2018-04-30,-0.2999999999999998,0.2999999999999998,0.0899999999999999
2018-05-31,KR,RW,3.8,3.8,2013-05-31,2018-04-30,0.0,0.0,0.0
2018-05-31,US,RW,3.8,4.0,2013-05-31,2018-04-30,-0.20000000000000018,0.20000000000000018,0.04000000000000007
2018-05-31,AU,AR(1),5.436615,5.553359551683834,2013-05-31,2018-04-30,-0.11674455168383435,0.11674455168383435,0.013629290347859471
2018-05-31,CA,AR(1),5.9,5.811063064083202,2013-05-31,2018-04-30,0.08893693591679863,0.08893693591679863,0.007909778570268746
2018-05-31,DE,AR(1),3.2,3.2016446856232124,2013-05-31,2018-04-30,-0.0016446856232121831,0.0016446856232121831,2.7049907992008473e-06
2018-05-31,FR,AR(1),9.1,9.204315842766437,2013-05-31,2018-04-30,-0.10431584276643768,0.10431584276643768,0.010881795052072148
2018-05-31,GB,AR(1),4.0,4.182836508497535,2013-05-31,2018-04-30,-0.18283650849753474,0.18283650849753474,0.03342918883956909
2018-05-31,IT,AR(1),10.7,10.912570978146409,2013-05-31,2018-04-30,-0.21257097814640957,0.21257097814640957,0.04518642075012134
2018-05-31,JP,AR(1),2.2,2.4984691622146475,2013-05-31,2018-04-30,-0.29846916221464737,0.29846916221464737,0.08908384079311349
2018-05-31,KR,AR(1),3.8,3.8053957031602854,2013-05-31,2018-04-30,-0.005395703160285592,0.005395703160285592,2.9113612593915926e-05
2018-05-31,US,AR(1),3.8,3.9850857393829044,2013-05-31,2018-04-30,-0.18508573938290462,0.18508573938290462,0.03425673092291649
2018-06-30,AU,RW,5.341984,5.436615,2013-06-30,2018-05-31,-0.09463099999999969,0.09463099999999969,0.00895502616099994
2018-06-30,CA,RW,6.0,5.9,2013-06-30,2018-05-31,0.09999999999999964,0.09999999999999964,0.009999999999999929
2018-06-30,DE,RW,3.2,3.2,2013-06-30,2018-05-31,0.0,0.0,0.0
2018-06-30,FR,RW,9.0,9.1,2013-06-30,2018-05-31,-0.09999999999999964,0.09999999999999964,0.009999999999999929
2018-06-30,GB,RW,4.0,4.0,2013-06-30,2018-05-31,0.0,0.0,0.0
2018-06-30,IT,RW,10.8,10.7,2013-06-30,2018-05-31,0.10000000000000142,0.10000000000000142,0.010000000000000285
2018-06-30,JP,RW,2.4,2.2,2013-06-30,2018-05-31,0.19999999999999973,0.19999999999999973,0.0399999999999999
2018-06-30,KR,RW,3.6,3.8,2013-06-30,2018-05-31,-0.19999999999999973,0.19999999999999973,0.0399999999999999
2018-06-30,US,RW,4.0,3.8,2013-06-30,2018-05-31,0.20000000000000018,0.20000000000000018,0.04000000000000007
2018-06-30,AU,AR(1),5.341984,5.445041443698576,2013-06-30,2018-05-31,-0.10305744369857628,0.10305744369857628,0.01062083670168522
2018-06-30,CA,AR(1),6.0,5.907912816096922,2013-06-30,2018-05-31,0.09208718390307791,0.09208718390307791,0.008480049439199291
2018-06-30,DE,AR(1),3.2,3.1981066550975945,2013-06-30,2018-05-31,0.0018933449024056692,0.0018933449024056692,3.584754919465533e-06
2018-06-30,FR,AR(1),9.0,9.10440467892386,2013-06-30,2018-05-31,-0.10440467892385996,0.10440467892385996,0.010900336981194289
2018-06-30,GB,AR(1),4.0,3.9801540977285477,2013-06-30,2018-05-31,0.01984590227145233,0.01984590227145233,0.0003938598369680368
2018-06-30,IT,AR(1),10.8,10.70820531829354,2013-06-30,2018-05-31,0.09179468170646032,0.09179468170646032,0.008426263589590362
2018-06-30,JP,AR(1),2.4,2.1992991136908553,2013-06-30,2018-05-31,0.20070088630914462,0.20070088630914462,0.04028084576527619
2018-06-30,KR,AR(1),3.6,3.804785382142772,2013-06-30,2018-05-31,-0.20478538214277187,0.20478538214277187,0.04193705273936111
2018-06-30,US,AR(1),4.0,3.783691659490831,2013-06-30,2018-05-31,0.21630834050916903,0.21630834050916903,0.04678929817383062
2018-07-31,AU,RW,5.29424,5.341984,2013-07-31,2018-06-30,-0.04774399999999979,0.04774399999999979,0.0022794895359999796
2018-07-31,CA,RW,5.9,6.0,2013-07-31,2018-06-30,-0.09999999999999964,0.09999999999999964,0.009999999999999929
2018-07-31,DE,RW,3.2,3.2,2013-07-31,2018-06-30,0.0,0.0,0.0
2018-07-31,FR,RW,9.0,9.0,2013-07-31,2018-06-30,0.0,0.0,0.0
2018-07-31,GB,RW,4.0,4.0,2013-07-31,2018-06-30,0.0,0.0,0.0
2018-07-31,IT,RW,10.4,10.8,2013-07-31,2018-06-30,-0.40000000000000036,0.40000000000000036,0.16000000000000028
2018-07-31,JP,RW,2.5,2.4,2013-07-31,2018-06-30,0.10000000000000009,0.10000000000000009,0.010000000000000018
2018-07-31,KR,RW,3.8,3.6,2013-07-31,2018-06-30,0.19999999999999973,0.19999999999999973,0.0399999999999999
2018-07-31,US,RW,3.8,4.0,2013-07-31,2018-06-30,-0.20000000000000018,0.20000000000000018,0.04000000000000007
2018-07-31,AU,AR(1),5.29424,5.352899100315837,2013-07-31,2018-06-30,-0.05865910031583699,0.05865910031583699,0.003440890049863427
2018-07-31,CA,AR(1),5.9,6.009345789553636,2013-07-31,2018-06-30,-0.10934578955363605,0.10934578955363605,0.011956501693108064
2018-07-31,DE,AR(1),3.2,3.2043895510498914,2013-07-31,2018-06-30,-0.004389551049891249,0.004389551049891249,1.926815841960137e-05
2018-07-31,FR,AR(1),9.0,9.010728743827135,2013-07-31,2018-06-30,-0.01072874382713529,0.01072874382713529,0.00011510594410829358
2018-07-31,GB,AR(1),4.0,3.9864278217684617,2013-07-31,2018-06-30,0.013572178231538334,0.013572178231538334,0.00018420402194864303
2018-07-31,IT,AR(1),10.4,10.81108551493613,2013-07-31,2018-06-30,-0.4110855149361292,0.4110855149361292,0.1689913005903025
2018-07-31,JP,AR(1),2.5,2.4041128864619448,2013-07-31,2018-06-30,0.09588711353805524,0.09588711353805524,0.009194338542659896
2018-07-31,KR,AR(1),3.8,3.607459946739478,2013-07-31,2018-06-30,0.19254005326052193,0.19254005326052193,0.03707167210956462
2018-07-31,US,AR(1),3.8,3.9870245437743725,2013-07-31,2018-06-30,-0.18702454377437272,0.18702454377437272,0.03497817997401226
2018-08-31,AU,RW,5.243611,5.29424,2013-08-31,2018-07-31,-0.0506290000000007,0.0506290000000007,0.002563295641000071
2018-08-31,CA,RW,6.0,5.9,2013-08-31,2018-07-31,0.09999999999999964,0.09999999999999964,0.009999999999999929
2018-08-31,DE,RW,3.2,3.2,2013-08-31,2018-07-31,0.0,0.0,0.0
2018-08-31,FR,RW,8.9,9.0,2013-08-31,2018-07-31,-0.09999999999999964,0.09999999999999964,0.009999999999999929
2018-08-31,GB,RW,4.1,4.0,2013-08-31,2018-07-31,0.09999999999999964,0.09999999999999964,0.009999999999999929
2018-08-31,IT,RW,10.3,10.4,2013-08-31,2018-07-31,-0.09999999999999964,0.09999999999999964,0.009999999999999929
2018-08-31,JP,RW,2.5,2.5,2013-08-31,2018-07-31,0.0,0.0,0.0
2018-08-31,KR,RW,4.6,3.8,2013-08-31,2018-07-31,0.7999999999999998,0.7999999999999998,0.6399999999999997
2018-08-31,US,RW,3.8,3.8,2013-08-31,2018-07-31,0.0,0.0,0.0
2018-08-31,AU,AR(1),5.243611,5.305176142622972,2013-08-31,2018-07-31,-0.06156514262297286,0.06156514262297286,0.0037902667861869892
2018-08-31,CA,AR(1),6.0,5.905933453822229,2013-08-31,2018-07-31,0.09406654617777122,0.09406654617777122,0.008848515109814764
2018-08-31,DE,AR(1),3.2,3.2005623170285897,2013-08-31,2018-07-31,-0.000562317028589554,0.000562317028589554,3.162004406417853e-07
2018-08-31,FR,AR(1),8.9,9.008607491785915,2013-08-31,2018-07-31,-0.10860749178591433,0.10860749178591433,0.011795587272027449
2018-08-31,GB,AR(1),4.1,3.9801657519306852,2013-08-31,2018-07-31,0.11983424806931442,0.11983424806931442,0.014360247010337987
2018-08-31,IT,AR(1),10.3,10.416050921086963,2013-08-31,2018-07-31,-0.11605092108696269,0.11605092108696269,0.01346781628513244
2018-08-31,JP,AR(1),2.5,2.500866638661439,2013-08-31,2018-07-31,-0.0008666386614391008,0.0008666386614391008,7.510625695009564e-07
2018-08-31,KR,AR(1),4.6,3.8031074595466974,2013-08-31,2018-07-31,0.7968925404533023,0.7968925404533023,0.635037721030118
2018-08-31,US,AR(1),3.8,3.7874755509101545,2013-08-31,2018-07-31,0.012524449089845291,0.012524449089845291,0.00015686182500412654
2018-09-30,AU,RW,5.018031,5.243611,2013-09-30,2018-08-31,-0.2255799999999999,0.2255799999999999,0.050886336399999954
2018-09-30,CA,RW,5.8,6.0,2013-09-30,2018-08-31,-0.20000000000000018,0.20000000000000018,0.04000000000000007
2018-09-30,DE,RW,3.1,3.2,2013-09-30,2018-08-31,-0.10000000000000009,0.10000000000000009,0.010000000000000018
2018-09-30,FR,RW,8.9,8.9,2013-09-30,2018-08-31,0.0,0.0,0.0
2018-09-30,GB,RW,4.1,4.1,2013-09-30,2018-08-31,0.0,0.0,0.0
2018-09-30,IT,RW,10.3,10.3,2013-09-30,2018-08-31,0.0,0.0,0.0
2018-09-30,JP,RW,2.3,2.5,2013-09-30,2018-08-31,-0.20000000000000018,0.20000000000000018,0.04000000000000007
2018-09-30,KR,RW,4.1,4.6,2013-09-30,2018-08-31,-0.5,0.5,0.25
2018-09-30,US,RW,3.7,3.8,2013-09-30,2018-08-31,-0.09999999999999964,0.09999999999999964,0.009999999999999929
2018-09-30,AU,AR(1),5.018031,5.252536632142058,2013-09-30,2018-08-31,-0.23450563214205822,0.23450563214205822,0.05499289150634633
2018-09-30,CA,AR(1),5.8,6.004897826986217,2013-09-30,2018-08-31,-0.20489782698621717,0.20489782698621717,0.04198311950367378
2018-09-30,DE,AR(1),3.1,3.2010098730447476,2013-09-30,2018-08-31,-0.10100987304474751,0.10100987304474751,0.01020299445251601
2018-09-30,FR,AR(1),8.9,8.914344889283434,2013-09-30,2018-08-31,-0.014344889283433915,0.014344889283433915,0.00020577584855397717
2018-09-30,GB,AR(1),4.1,4.080124050783393,2013-09-30,2018-08-31,0.019875949216606514,0.019875949216606514,0.0003950533572611211
2018-09-30,IT,AR(1),10.3,10.312295373488206,2013-09-30,2018-08-31,-0.012295373488205641,0.012295373488205641,0.00015117620921447015
2018-09-30,JP,AR(1),2.3,2.4962299261889576,2013-09-30,2018-08-31,-0.19622992618895774,0.19622992618895774,0.0385061839321238
2018-09-30,KR,AR(1),4.1,4.589766483612954,2013-09-30,2018-08-31,-0.4897664836129545,0.4897664836129545,0.23987120847059842
2018-09-30,US,AR(1),3.7,3.7894043903170997,2013-09-30,2018-08-31,-0.08940439031709957,0.08940439031709957,0.007993145007972288
2018-10-31,AU,RW,5.001291,5.018031,2013-10-31,2018-09-30,-0.016739999999999533,0.016739999999999533,0.00028022759999998435
2018-10-31,CA,RW,5.6,5.8,2013-10-31,2018-09-30,-0.20000000000000018,0.20000000000000018,0.04000000000000007
2018-10-31,DE,RW,3.1,3.1,2013-10-31,2018-09-30,0.0,0.0,0.0
2018-10-31,FR,RW,8.8,8.9,2013-10-31,2018-09-30,-0.09999999999999964,0.09999999999999964,0.009999999999999929
2018-10-31,GB,RW,4.0,4.1,2013-10-31,2018-09-30,-0.09999999999999964,0.09999999999999964,0.009999999999999929
2018-10-31,IT,RW,10.6,10.3,2013-10-31,2018-09-30,0.29999999999999893,0.29999999999999893,0.08999999999999936
2018-10-31,JP,RW,2.4,2.3,2013-10-31,2018-09-30,0.10000000000000009,0.10000000000000009,0.010000000000000018
2018-10-31,KR,RW,4.0,4.1,2013-10-31,2018-09-30,-0.09999999999999964,0.09999999999999964,0.009999999999999929
2018-10-31,US,RW,3.8,3.7,2013-10-31,2018-09-30,0.09999999999999964,0.09999999999999964,0.009999999999999929
2018-10-31,AU,AR(1),5.001291,5.03221358794764,2013-10-31,2018-09-30,-0.030922587947640245,0.030922587947640245,0.0009562064453795458
2018-10-31,CA,AR(1),5.6,5.810273327513063,2013-10-31,2018-09-30,-0.2102733275130637,0.2102733275130637,0.04421487226341616
2018-10-31,DE,AR(1),3.1,3.101175618250644,2013-10-31,2018-09-30,-0.0011756182506439394,0.0011756182506439394,1.3820782712471165e-06
2018-10-31,FR,AR(1),8.8,8.909753224740026,2013-10-31,2018-09-30,-0.10975322474002525,0.10975322474002525,0.01204577034083449
2018-10-31,GB,AR(1),4.0,4.080871070386467,2013-10-31,2018-09-30,-0.08087107038646657,0.08087107038646657,0.00654013002545283
2018-10-31,IT,AR(1),10.6,10.311733290021898,2013-10-31,2018-09-30,0.28826670997810133,0.28826670997810133,0.08309769608159878
2018-10-31,JP,AR(1),2.4,2.301506046148276,2013-10-31,2018-09-30,0.09849395385172377,0.09849395385172377,0.009701058945345491
2018-10-31,KR,AR(1),4.0,4.102499831945092,2013-10-31,2018-09-30,-0.10249983194509227,0.10249983194509227,0.010506215548772157
2018-10-31,US,AR(1),3.8,3.688348196621658,2013-10-31,2018-09-30,0.1116518033783418,0.1116518033783418,0.012466125197635897
2018-11-30,AU,RW,5.108883,5.001291,2013-11-30,2018-10-31,0.10759199999999947,0.10759199999999947,0.011576038463999886
2018-11-30,CA,RW,5.7,5.6,2013-11-30,2018-10-31,0.10000000000000053,0.10000000000000053,0.010000000000000106
2018-11-30,DE,RW,3.1,3.1,2013-11-30,2018-10-31,0.0,0.0,0.0
2018-11-30,FR,RW,8.7,8.8,2013-11-30,2018-10-31,-0.10000000000000142,0.10000000000000142,0.010000000000000285
2018-11-30,GB,RW,4.0,4.0,2013-11-30,2018-10-31,0.0,0.0,0.0
2018-11-30,IT,RW,10.5,10.6,2013-11-30,2018-10-31,-0.09999999999999964,0.09999999999999964,0.009999999999999929
2018-11-30,JP,RW,2.5,2.4,2013-11-30,2018-10-31,0.10000000000000009,0.10000000000000009,0.010000000000000018
2018-11-30,KR,RW,3.9,4.0,2013-11-30,2018-10-31,-0.10000000000000009,0.10000000000000009,0.010000000000000018
2018-11-30,US,RW,3.8,3.8,2013-11-30,2018-10-31,0.0,0.0,0.0
2018-11-30,AU,AR(1),5.108883,5.015129492692627,2013-11-30,2018-10-31,0.09375350730737253,0.09375350730737253,0.008789720132433555
2018-11-30,CA,AR(1),5.7,5.6119442065477925,2013-11-30,2018-10-31,0.08805579345220771,0.08805579345220771,0.007753822760497866
2018-11-30,DE,AR(1),3.1,3.103853775849127,2013-11-30,2018-10-31,-0.00385377584912705,0.00385377584912705,1.4851588295314917e-05
2018-11-30,FR,AR(1),8.7,8.816282691718442,2013-11-30,2018-10-31,-0.11628269171844252,0.11628269171844252,0.01352166439328634
2018-11-30,GB,AR(1),4.0,3.9864785702485888,2013-11-30,2018-10-31,0.01352142975141124,0.01352142975141124,0.00018282906252234903
2018-11-30,IT,AR(1),10.5,10.609891373037271,2013-11-30,2018-10-31,-0.10989137303727148,0.10989137303727148,0.012076113868016757
2018-11-30,JP,AR(1),2.5,2.3989433297895397,2013-11-30,2018-10-31,0.10105667021046028,0.10105667021046028,0.01021245059402573
2018-11-30,KR,AR(1),3.9,4.002253206309296,2013-11-30,2018-10-31,-0.10225320630929646,0.10225320630929646,0.010455718200531545
2018-11-30,US,AR(1),3.8,3.7875687817576913,2013-11-30,2018-10-31,0.012431218242308528,0.012431218242308528,0.00015453518698790432
2018-12-31,AU,RW,5.018082,5.108883,2013-12-31,2018-11-30,-0.09080099999999991,0.09080099999999991,0.008244821600999984
2018-12-31,CA,RW,5.6,5.7,2013-12-31,2018-11-30,-0.10000000000000053,0.10000000000000053,0.010000000000000106
2018-12-31,DE,RW,3.1,3.1,2013-12-31,2018-11-30,0.0,0.0,0.0
2018-12-31,FR,RW,8.8,8.7,2013-12-31,2018-11-30,0.10000000000000142,0.10000000000000142,0.010000000000000285
2018-12-31,GB,RW,3.9,4.0,2013-12-31,2018-11-30,-0.10000000000000009,0.10000000000000009,0.010000000000000018
2018-12-31,IT,RW,10.3,10.5,2013-12-31,2018-11-30,-0.1999999999999993,0.1999999999999993,0.039999999999999716
2018-12-31,JP,RW,2.5,2.5,2013-12-31,2018-11-30,0.0,0.0,0.0
2018-12-31,KR,RW,3.7,3.9,2013-12-31,2018-11-30,-0.19999999999999973,0.19999999999999973,0.0399999999999999
2018-12-31,US,RW,3.9,3.8,2013-12-31,2018-11-30,0.10000000000000009,0.10000000000000009,0.010000000000000018
2018-12-31,AU,AR(1),5.018082,5.120573592128102,2013-12-31,2018-11-30,-0.10249159212810266,0.10249159212810266,0.010504526456953356
2018-12-31,CA,AR(1),5.6,5.712231663064837,2013-12-31,2018-11-30,-0.11223166306483723,0.11223166306483723,0.012595946194299148
2018-12-31,DE,AR(1),3.1,3.102663151332389,2013-12-31,2018-11-30,-0.0026631513323889244,0.0026631513323889244,7.092375019204903e-06
2018-12-31,FR,AR(1),8.8,8.715422654442797,2013-12-31,2018-11-30,0.08457734555720364,0.08457734555720364,0.007153327381502635
2018-12-31,GB,AR(1),3.9,3.9843713457749703,2013-12-31,2018-11-30,-0.08437134577497041,0.08437134577497041,0.0071185239878796165
2018-12-31,IT,AR(1),10.3,10.510327759805882,2013-12-31,2018-11-30,-0.2103277598058817,0.2103277598058817,0.044237766544960665
2018-12-31,JP,AR(1),2.5,2.4977165181933887,2013-12-31,2018-11-30,0.0022834818066113094,0.0022834818066113094,5.2142891611248494e-06
2018-12-31,KR,AR(1),3.7,3.9046589439679265,2013-12-31,2018-11-30,-0.20465894396792628,0.20465894396792628,0.04188528334606679
2018-12-31,US,AR(1),3.9,3.7903173778619044,2013-12-31,2018-11-30,0.10968262213809554,0.10968262213809554,0.012030277599088247
2019-01-31,AU,RW,5.049368,5.018082,2014-01-31,2018-12-31,0.03128600000000059,0.03128600000000059,0.000978813796000037
2019-01-31,CA,RW,5.7,5.6,2014-01-31,2018-12-31,0.10000000000000053,0.10000000000000053,0.010000000000000106
2019-01-31,DE,RW,3.0,3.1,2014-01-31,2018-12-31,-0.10000000000000009,0.10000000000000009,0.010000000000000018
2019-01-31,FR,RW,8.8,8.8,2014-01-31,2018-12-31,0.0,0.0,0.0
2019-01-31,GB,RW,4.0,3.9,2014-01-31,2018-12-31,0.10000000000000009,0.10000000000000009,0.010000000000000018
2019-01-31,IT,RW,10.3,10.3,2014-01-31,2018-12-31,0.0,0.0,0.0
2019-01-31,JP,RW,2.5,2.5,2014-01-31,2018-12-31,0.0,0.0,0.0
2019-01-31,KR,RW,3.9,3.7,2014-01-31,2018-12-31,0.19999999999999973,0.19999999999999973,0.0399999999999999
2019-01-31,US,RW,4.0,3.9,2014-01-31,2018-12-31,0.10000000000000009,0.10000000000000009,0.010000000000000018
2019-01-31,AU,AR(1),5.049368,5.02856920172035,2014-01-31,2018-12-31,0.020798798279650477,0.020798798279650477,0.00043259000987759164
2019-01-31,CA,AR(1),5.7,5.607186855975617,2014-01-31,2018-12-31,0.09281314402438312,0.09281314402438312,0.008614279703690884
2019-01-31,DE,AR(1),3.0,3.100864818332848,2014-01-31,2018-12-31,-0.10086481833284822,0.10086481833284822,0.010173711577318473
2019-01-31,FR,AR(1),8.8,8.811771958843346,2014-01-31,2018-12-31,-0.011771958843345587,0.011771958843345587,0.00013857901500942236
2019-01-31,GB,AR(1),4.0,3.884922433782279,2014-01-31,2018-12-31,0.11507756621772103,0.11507756621772103,0.013242846246593968
2019-01-31,IT,AR(1),10.3,10.308101001299777,2014-01-31,2018-12-31,-0.0081010012997762,0.0081010012997762,6.562622205897568e-05
2019-01-31,JP,AR(1),2.5,2.499690468368331,2014-01-31,2018-12-31,0.0003095316316690244,0.0003095316316690244,9.580983100368861e-08
2019-01-31,KR,AR(1),3.9,3.7054289800835165,2014-01-31,2018-12-31,0.1945710199164834,0.1945710199164834,0.03785788179134058
2019-01-31,US,AR(1),4.0,3.8890574688015893,2014-01-31,2018-12-31,0.11094253119841069,0.11094253119841069,0.012308245228710329
2019-02-28,AU,RW,4.992832,5.049368,2014-02-28,2019-01-31,-0.056536000000000364,0.056536000000000364,0.0031963192960000413
2019-02-28,CA,RW,5.8,5.7,2014-02-28,2019-01-31,0.09999999999999964,0.09999999999999964,0.009999999999999929
2019-02-28,DE,RW,3.0,3.0,2014-02-28,2019-01-31,0.0,0.0,0.0
2019-02-28,FR,RW,8.7,8.8,2014-02-28,2019-01-31,-0.10000000000000142,0.10000000000000142,0.010000000000000285
2019-02-28,GB,RW,3.8,4.0,2014-02-28,2019-01-31,-0.20000000000000018,0.20000000000000018,0.04000000000000007
2019-02-28,IT,RW,10.4,10.3,2014-02-28,2019-01-31,0.09999999999999964,0.09999999999999964,0.009999999999999929
2019-02-28,JP,RW,2.4,2.5,2014-02-28,2019-01-31,-0.10000000000000009,0.10000000000000009,0.010000000000000018
2019-02-28,KR,RW,3.8,3.9,2014-02-28,2019-01-31,-0.10000000000000009,0.10000000000000009,0.010000000000000018
2019-02-28,US,RW,3.8,4.0,2014-02-28,2019-01-31,-0.20000000000000018,0.20000000000000018,0.04000000000000007
2019-02-28,AU,AR(1),4.992832,5.059716465593185,2014-02-28,2019-01-31,-0.06688446559318528,0.06688446559318528,0.004473531737685986
2019-02-28,CA,AR(1),5.8,5.708440829282741,2014-02-28,2019-01-31,0.09155917071725916,0.09155917071725916,0.008383081742432208
2019-02-28,DE,AR(1),3.0,3.003842903470954,2014-02-28,2019-01-31,-0.003842903470954173,0.003842903470954173,1.4767907087071632e-05
2019-02-28,FR,AR(1),8.7,8.813400067231228,2014-02-28,2019-01-31,-0.11340006723122897,0.11340006723122897,0.012859575248047251
2019-02-28,GB,AR(1),3.8,3.9870752560633234,2014-02-28,2019-01-31,-0.18707525606332354,0.18707525606332354,0.03499715143115807
2019-02-28,IT,AR(1),10.4,10.3067083975997,2014-02-28,2019-01-31,0.09329160240030099,0.09329160240030099,0.008703323078415846
2019-02-28,JP,AR(1),2.4,2.5003539170341313,2014-02-28,2019-01-31,-0.10035391703413143,0.10035391703413143,0.010070908664093336
2019-02-28,KR,AR(1),3.8,3.9016898208558835,2014-02-28,2019-01-31,-0.10168982085588363,0.10168982085588363,0.010340819665701705
2019-02-28,US,AR(1),3.8,3.9896062897958693,2014-02-28,2019-01-31,-0.18960628979586946,0.18960628979586946,0.035950545130155234
2019-03-31,AU,RW,5.088956,4.992832,2014-03-31,2019-02-28,0.09612399999999965,0.09612399999999965,0.009239823375999934
2019-03-31,CA,RW,5.8,5.8,2014-03-31,2019-02-28,0.0,0.0,0.0
2019-03-31,DE,RW,3.0,3.0,2014-03-31,2019-02-28,0.0,0.0,0.0
2019-03-31,FR,RW,8.7,8.7,2014-03-31,2019-02-28,0.0,0.0,0.0
2019-03-31,GB,RW,3.8,3.8,2014-03-31,2019-02-28,0.0,0.0,0.0
2019-03-31,IT,RW,10.2,10.4,2014-03-31,2019-02-28,-0.20000000000000107,0.20000000000000107,0.040000000000000424
2019-03-31,JP,RW,2.5,2.4,2014-03-31,2019-02-28,0.10000000000000009,0.10000000000000009,0.010000000000000018
2019-03-31,KR,RW,3.8,3.8,2014-03-31,2019-02-28,0.0,0.0,0.0
2019-03-31,US,RW,3.8,3.8,2014-03-31,2019-02-28,0.0,0.0,0.0
2019-03-31,AU,AR(1),5.088956,5.004783374079171,2014-03-31,2019-02-28,0.08417262592082864,0.08417262592082864,0.0070850309544077525
2019-03-31,CA,AR(1),5.8,5.805377803981935,2014-03-31,2019-02-28,-0.005377803981935436,0.005377803981935436,2.8920775668120633e-05
2019-03-31,DE,AR(1),3.0,3.0025947245881124,2014-03-31,2019-02-28,-0.002594724588112385,0.002594724588112385,6.732595688154985e-06
2019-03-31,FR,AR(1),8.7,8.71430540317978,2014-03-31,2019-02-28,-0.01430540317978135,0.01430540317978135,0.0002046445601360984
2019-03-31,GB,AR(1),3.8,3.792350155628667,2014-03-31,2019-02-28,0.007649844371332648,0.007649844371332648,5.85201189056098e-05
2019-03-31,IT,AR(1),10.2,10.402971329322568,2014-03-31,2019-02-28,-0.202971329322569,0.202971329322569,0.04119736052697076
2019-03-31,JP,AR(1),2.5,2.4031278744320064,2014-03-31,2019-02-28,0.09687212556799363,0.09687212556799363,0.009384208712061125
2019-03-31,KR,AR(1),3.8,3.8006859923339276,2014-03-31,2019-02-28,-0.000685992333927743,0.000685992333927743,4.7058548220763197e-07
2019-03-31,US,AR(1),3.8,3.7900733182493505,2014-03-31,2019-02-28,0.009926681750649369,0.009926681750649369,9.853901057867521e-05
2019-04-30,AU,RW,5.21961,5.088956,2014-04-30,2019-03-31,0.13065400000000071,0.13065400000000071,0.017070467716000185
2019-04-30,CA,RW,5.7,5.8,2014-04-30,2019-03-31,-0.09999999999999964,0.09999999999999964,0.009999999999999929
2019-04-30,DE,RW,2.9,3.0,2014-04-30,2019-03-31,-0.10000000000000009,0.10000000000000009,0.010000000000000018
2019-04-30,FR,RW,8.5,8.7,2014-04-30,2019-03-31,-0.1999999999999993,0.1999999999999993,0.039999999999999716
2019-04-30,GB,RW,3.8,3.8,2014-04-30,2019-03-31,0.0,0.0,0.0
2019-04-30,IT,RW,10.4,10.2,2014-04-30,2019-03-31,0.20000000000000107,0.20000000000000107,0.040000000000000424
2019-04-30,JP,RW,2.4,2.5,2014-04-30,2019-03-31,-0.10000000000000009,0.10000000000000009,0.010000000000000018
2019-04-30,KR,RW,4.0,3.8,2014-04-30,2019-03-31,0.20000000000000018,0.20000000000000018,0.04000000000000007
2019-04-30,US,RW,3.7,3.8,2014-04-30,2019-03-31,-0.09999999999999964,0.09999999999999964,0.009999999999999929
2019-04-30,AU,AR(1),5.21961,5.098686504837522,2014-04-30,2019-03-31,0.12092349516247847,0.12092349516247847,0.014622491682309953
2019-04-30,CA,AR(1),5.7,5.807996075995194,2014-04-30,2019-03-31,-0.10799607599519412,0.10799607599519412,0.011663152430359744
2019-04-30,DE,AR(1),2.9,3.0017126069921525,2014-04-30,2019-03-31,-0.10171260699215257,0.10171260699215257,0.010345454421140083
2019-04-30,FR,AR(1),8.5,8.713645971638726,2014-04-30,2019-03-31,-0.21364597163872645,0.21364597163872645,0.04564460119745551
2019-04-30,GB,AR(1),3.8,3.7925219161183135,2014-04-30,2019-03-31,0.007478083881686359,0.007478083881686359,5.592173854153733e-05
2019-04-30,IT,AR(1),10.4,10.208977040317,2014-04-30,2019-03-31,0.19102295968299998,0.19102295968299998,0.03648977112605303
2019-04-30,JP,AR(1),2.4,2.4989310999915118,2014-04-30,2019-03-31,-0.09893109999151184,0.09893109999151184,0.009787362545530514
2019-04-30,KR,AR(1),4.0,3.8025066478787193,2014-04-30,2019-03-31,0.19749335212128072,0.19749335212128072,0.03900362413210018
2019-04-30,US,AR(1),3.7,3.788564224611909,2014-04-30,2019-03-31,-0.08856422461190894,0.08856422461190894,0.007843621881108657
2019-05-31,AU,RW,5.197409,5.21961,2014-05-31,2019-04-30,-0.022200999999999915,0.022200999999999915,0.0004928844009999962
2019-05-31,CA,RW,5.5,5.7,2014-05-31,2019-04-30,-0.20000000000000018,0.20000000000000018,0.04000000000000007
2019-05-31,DE,RW,2.9,2.9,2014-05-31,2019-04-30,0.0,0.0,0.0
2019-05-31,FR,RW,8.5,8.5,2014-05-31,2019-04-30,0.0,0.0,0.0
2019-05-31,GB,RW,3.9,3.8,2014-05-31,2019-04-30,0.10000000000000009,0.10000000000000009,0.010000000000000018
2019-05-31,IT,RW,10.0,10.4,2014-05-31,2019-04-30,-0.40000000000000036,0.40000000000000036,0.16000000000000028
2019-05-31,JP,RW,2.3,2.4,2014-05-31,2019-04-30,-0.10000000000000009,0.10000000000000009,0.010000000000000018
2019-05-31,KR,RW,3.8,4.0,2014-05-31,2019-04-30,-0.20000000000000018,0.20000000000000018,0.04000000000000007
2019-05-31,US,RW,3.6,3.7,2014-05-31,2019-04-30,-0.10000000000000009,0.10000000000000009,0.010000000000000018
2019-05-31,AU,AR(1),5.197409,5.22482626938796,2014-05-31,2019-04-30,-0.027417269387959742,0.027417269387959742,0.0007517066606919544
2019-05-31,CA,AR(1),5.5,5.70424824532455,2014-05-31,2019-04-30,-0.20424824532454977,0.20424824532454977,0.04171734571815747
2019-05-31,DE,AR(1),2.9,2.8973988930321792,2014-05-31,2019-04-30,0.0026011069678206766,0.0026011069678206766,6.765757458045275e-06
2019-05-31,FR,AR(1),8.5,8.511507466318083,2014-05-31,2019-04-30,-0.011507466318082749,0.011507466318082749,0.00013242178106180892
2019-05-31,GB,AR(1),3.9,3.7884955014073034,2014-05-31,2019-04-30,0.11150449859269651,0.11150449859269651,0.012433253206408658
2019-05-31,IT,AR(1),10.0,10.395564373223056,2014-05-31,2019-04-30,-0.39556437322305626,0.39556437322305626,0.15647117336334934
2019-05-31,JP,AR(1),2.3,2.3985241771320114,2014-05-31,2019-04-30,-0.09852417713201156,0.09852417713201156,0.00970701347953999
2019-05-31,KR,AR(1),3.8,3.99719989106053,2014-05-31,2019-04-30,-0.19719989106053015,0.19719989106053015,0.03888779703428496
2019-05-31,US,AR(1),3.6,3.691236775034667,2014-05-31,2019-04-30,-0.09123677503466698,0.09123677503466698,0.008324149118726433
2019-06-30,AU,RW,5.259503,5.197409,2014-06-30,2019-05-31,0.062093999999999205,0.062093999999999205,0.003855664835999901
2019-06-30,CA,RW,5.6,5.5,2014-06-30,2019-05-31,0.09999999999999964,0.09999999999999964,0.009999999999999929
2019-06-30,DE,RW,2.9,2.9,2014-06-30,2019-05-31,0.0,0.0,0.0
2019-06-30,FR,RW,8.5,8.5,2014-06-30,2019-05-31,0.0,0.0,0.0
2019-06-30,GB,RW,3.9,3.9,2014-06-30,2019-05-31,0.0,0.0,0.0
2019-06-30,IT,RW,9.6,10.0,2014-06-30,2019-05-31,-0.40000000000000036,0.40000000000000036,0.16000000000000028
2019-06-30,JP,RW,2.3,2.3,2014-06-30,2019-05-31,0.0,0.0,0.0
2019-06-30,KR,RW,3.9,3.8,2014-06-30,2019-05-31,0.10000000000000009,0.10000000000000009,0.010000000000000018
2019-06-30,US,RW,3.6,3.6,2014-06-30,2019-05-31,0.0,0.0,0.0
2019-06-30,AU,AR(1),5.259503,5.199839646299481,2014-06-30,2019-05-31,0.05966335370051823,0.05966335370051823,0.003559715774793142
2019-06-30,CA,AR(1),5.6,5.501481618699057,2014-06-30,2019-05-31,0.09851838130094226,0.09851838130094226,0.00970587145415785
2019-06-30,DE,AR(1),2.9,2.896795982427571,2014-06-30,2019-05-31,0.003204017572429052,0.003204017572429052,1.0265728604434155e-05
2019-06-30,FR,AR(1),8.5,8.508963692481103,2014-06-30,2019-05-31,-0.00896369248110318,0.00896369248110318,8.034778289578568e-05
2019-06-30,GB,AR(1),3.9,3.886161469182473,2014-06-30,2019-05-31,0.013838530817527062,0.013838530817527062,0.0001915049351876462
2019-06-30,IT,AR(1),9.6,9.999464735867967,2014-06-30,2019-05-31,-0.3994647358679675,0.3994647358679675,0.15957207520206504
2019-06-30,JP,AR(1),2.3,2.2983449049094795,2014-06-30,2019-05-31,0.0016550950905203088,0.0016550950905203088,2.739339758664429e-06
2019-06-30,KR,AR(1),3.9,3.8020226686191583,2014-06-30,2019-05-31,0.09797733138084164,0.09797733138084164,0.009599557464511256
2019-06-30,US,AR(1),3.6,3.5880923061673826,2014-06-30,2019-05-31,0.011907693832617472,0.011907693832617472,0.0001417931724113562
2019-07-31,AU,RW,5.274817,5.259503,2014-07-31,2019-06-30,0.01531400000000005,0.01531400000000005,0.00023451859600000151
2019-07-31,CA,RW,5.7,5.6,2014-07-31,2019-06-30,0.10000000000000053,0.10000000000000053,0.010000000000000106
2019-07-31,DE,RW,2.9,2.9,2014-07-31,2019-06-30,0.0,0.0,0.0
2019-07-31,FR,RW,8.4,8.5,2014-07-31,2019-06-30,-0.09999999999999964,0.09999999999999964,0.009999999999999929
2019-07-31,GB,RW,3.9,3.9,2014-07-31,2019-06-30,0.0,0.0,0.0
2019-07-31,IT,RW,9.6,9.6,2014-07-31,2019-06-30,0.0,0.0,0.0
2019-07-31,JP,RW,2.3,2.3,2014-07-31,2019-06-30,0.0,0.0,0.0
2019-07-31,KR,RW,4.0,3.9,2014-07-31,2019-06-30,0.10000000000000009,0.10000000000000009,0.010000000000000018
2019-07-31,US,RW,3.7,3.6,2014-07-31,2019-06-30,0.10000000000000009,0.10000000000000009,0.010000000000000018
2019-07-31,AU,AR(1),5.274817,5.256664360545803,2014-07-31,2019-06-30,0.018152639454196873,0.018152639454196873,0.00032951831915406494
2019-07-31,CA,AR(1),5.7,5.596222514865683,2014-07-31,2019-06-30,0.10377748513431762,0.10377748513431762,0.010769766420803514
2019-07-31,DE,AR(1),2.9,2.8914359001652175,2014-07-31,2019-06-30,0.008564099834782457,0.008564099834782457,7.33438059801209e-05
2019-07-31,FR,AR(1),8.4,8.500490080448143,2014-07-31,2019-06-30,-0.100490080448143,0.100490080448143,0.010098256268474253
2019-07-31,GB,AR(1),3.9,3.8840022238881193,2014-07-31,2019-06-30,0.01599777611188058,0.01599777611188058,0.0002559288405258569
2019-07-31,IT,AR(1),9.6,9.598708007129382,2014-07-31,2019-06-30,0.0012919928706178752,0.0012919928706178752,1.6692455777274176e-06
2019-07-31,JP,AR(1),2.3,2.2926931306319998,2014-07-31,2019-06-30,0.0073068693680000685,0.0073068693680000685,5.339033996101772e-05
2019-07-31,KR,AR(1),4.0,3.9019031332966208,2014-07-31,2019-06-30,0.09809686670337925,0.09809686670337925,0.009622995257020556
2019-07-31,US,AR(1),3.7,3.584613504722328,2014-07-31,2019-06-30,0.1153864952776722,0.1153864952776722,0.013314043292464267
2019-08-31,AU,RW,5.257444,5.274817,2014-08-31,2019-07-31,-0.017373000000000083,0.017373000000000083,0.00030182112900000287
2019-08-31,CA,RW,5.7,5.7,2014-08-31,2019-07-31,0.0,0.0,0.0
2019-08-31,DE,RW,2.9,2.9,2014-08-31,2019-07-31,0.0,0.0,0.0
2019-08-31,FR,RW,8.3,8.4,2014-08-31,2019-07-31,-0.09999999999999964,0.09999999999999964,0.009999999999999929
2019-08-31,GB,RW,3.9,3.9,2014-08-31,2019-07-31,0.0,0.0,0.0
2019-08-31,IT,RW,9.5,9.6,2014-08-31,2019-07-31,-0.09999999999999964,0.09999999999999964,0.009999999999999929
2019-08-31,JP,RW,2.3,2.3,2014-08-31,2019-07-31,0.0,0.0,0.0
2019-08-31,KR,RW,3.6,4.0,2014-08-31,2019-07-31,-0.3999999999999999,0.3999999999999999,0.15999999999999992
2019-08-31,US,RW,3.6,3.7,2014-08-31,2019-07-31,-0.10000000000000009,0.10000000000000009,0.010000000000000018
2019-08-31,AU,AR(1),5.257444,5.271992071275095,2014-08-31,2019-07-31,-0.014548071275095609,0.014548071275095609,0.00021164637782526198
2019-08-31,CA,AR(1),5.7,5.701632797530152,2014-08-31,2019-07-31,-0.001632797530151997,0.001632797530151997,2.6660277744704617e-06
2019-08-31,DE,AR(1),2.9,2.896084776238223,2014-08-31,2019-07-31,0.003915223761776776,0.003915223761776776,1.5328977104781488e-05
2019-08-31,FR,AR(1),8.3,8.408491570394418,2014-08-31,2019-07-31,-0.10849157039441693,0.10849157039441693,0.011770420846646723
2019-08-31,GB,AR(1),3.9,3.8899152833464514,2014-08-31,2019-07-31,0.010084716653548487,0.010084716653548487,0.00010170150998235819
2019-08-31,IT,AR(1),9.5,9.599062212002135,2014-08-31,2019-07-31,-0.09906221200213494,0.09906221200213494,0.009813321846755927
2019-08-31,JP,AR(1),2.3,2.2961412656905247,2014-08-31,2019-07-31,0.0038587343094751425,0.0038587343094751425,1.4889830471120604e-05
2019-08-31,KR,AR(1),3.6,3.9994858653694902,2014-08-31,2019-07-31,-0.39948586536949016,0.39948586536949016,0.1595889566300104
2019-08-31,US,AR(1),3.6,3.6871130279743367,2014-08-31,2019-07-31,-0.08711302797433662,0.08711302797433662,0.007588679642857555
2019-09-30,AU,RW,5.226007,5.257444,2014-09-30,2019-08-31,-0.03143699999999949,0.03143699999999949,0.0009882849689999682
2019-09-30,CA,RW,5.6,5.7,2014-09-30,2019-08-31,-0.10000000000000053,0.10000000000000053,0.010000000000000106
2019-09-30,DE,RW,2.9,2.9,2014-09-30,2019-08-31,0.0,0.0,0.0
2019-09-30,FR,RW,8.2,8.3,2014-09-30,2019-08-31,-0.10000000000000142,0.10000000000000142,0.010000000000000285
2019-09-30,GB,RW,3.8,3.9,2014-09-30,2019-08-31,-0.10000000000000009,0.10000000000000009,0.010000000000000018
2019-09-30,IT,RW,9.8,9.5,2014-09-30,2019-08-31,0.3000000000000007,0.3000000000000007,0.09000000000000043
2019-09-30,JP,RW,2.4,2.3,2014-09-30,2019-08-31,0.10000000000000009,0.10000000000000009,0.010000000000000018
2019-09-30,KR,RW,3.6,3.6,2014-09-30,2019-08-31,0.0,0.0,0.0
2019-09-30,US,RW,3.5,3.6,2014-09-30,2019-08-31,-0.10000000000000009,0.10000000000000009,0.010000000000000018
2019-09-30,AU,AR(1),5.226007,5.254215961671248,2014-09-30,2019-08-31,-0.028208961671247756,0.028208961671247756,0.000795745518569925
2019-09-30,CA,AR(1),5.6,5.6998643203534165,2014-09-30,2019-08-31,-0.09986432035341686,0.09986432035341686,0.009972882479649869
2019-09-30,DE,AR(1),2.9,2.892343477096314,2014-09-30,2019-08-31,0.007656522903686014,0.007656522903686014,5.862234297466851e-05
2019-09-30,FR,AR(1),8.2,8.304398865050413,2014-09-30,2019-08-31,-0.10439886505041329,0.10439886505041329,0.010899123023814405
2019-09-30,GB,AR(1),3.8,3.8861698803195375,2014-09-30,2019-08-31,-0.08616988031953765,0.08616988031953765,0.007425248274283442
2019-09-30,IT,AR(1),9.8,9.497311881418309,2014-09-30,2019-08-31,0.30268811858169187,0.30268811858169187,0.09162009713052435
2019-09-30,JP,AR(1),2.4,2.296656046562707,2014-09-30,2019-08-31,0.10334395343729286,0.10334395343729286,0.010679972712049355
2019-09-30,KR,AR(1),3.6,3.6048714886340174,2014-09-30,2019-08-31,-0.004871488634017318,0.004871488634017318,2.3731401511359917e-05
2019-09-30,US,AR(1),3.5,3.5854614742118875,2014-09-30,2019-08-31,-0.08546147421188754,0.08546147421188754,0.00730366357446912
2019-10-31,AU,RW,5.301924,5.226007,2014-10-31,2019-09-30,0.07591699999999957,0.07591699999999957,0.005763390888999935
2019-10-31,CA,RW,5.6,5.6,2014-10-31,2019-09-30,0.0,0.0,0.0
2019-10-31,DE,RW,2.9,2.9,2014-10-31,2019-09-30,0.0,0.0,0.0
2019-10-31,FR,RW,8.2,8.2,2014-10-31,2019-09-30,0.0,0.0,0.0
2019-10-31,GB,RW,3.8,3.8,2014-10-31,2019-09-30,0.0,0.0,0.0
2019-10-31,IT,RW,9.5,9.8,2014-10-31,2019-09-30,-0.3000000000000007,0.3000000000000007,0.09000000000000043
2019-10-31,JP,RW,2.4,2.4,2014-10-31,2019-09-30,0.0,0.0,0.0
2019-10-31,KR,RW,3.5,3.6,2014-10-31,2019-09-30,-0.10000000000000009,0.10000000000000009,0.010000000000000018
2019-10-31,US,RW,3.6,3.5,2014-10-31,2019-09-30,0.10000000000000009,0.10000000000000009,0.010000000000000018
2019-10-31,AU,AR(1),5.301924,5.222095442018171,2014-10-31,2019-09-30,0.07982855798182875,0.07982855798182875,0.006372598669458195
2019-10-31,CA,AR(1),5.6,5.603759086286002,2014-10-31,2019-09-30,-0.003759086286001967,0.003759086286001967,1.4130729705608062e-05
2019-10-31,DE,AR(1),2.9,2.894662374348137,2014-10-31,2019-09-30,0.0053376256518631315,0.0053376256518631315,2.849024759942732e-05
2019-10-31,FR,AR(1),8.2,8.208430596336338,2014-10-31,2019-09-30,-0.008430596336339136,0.008430596336339136,7.107495458629486e-05
2019-10-31,GB,AR(1),3.8,3.791265170165311,2014-10-31,2019-09-30,0.008734829834688984,0.008734829834688984,7.629725224097278e-05
2019-10-31,IT,AR(1),9.5,9.795383146031032,2014-10-31,2019-09-30,-0.2953831460310319,0.2953831460310319,0.08725120295918991
2019-10-31,JP,AR(1),2.4,2.397022484657017,2014-10-31,2019-09-30,0.0029775153429829615,0.0029775153429829615,8.865597617698943e-06
2019-10-31,KR,AR(1),3.5,3.6053892892097834,2014-10-31,2019-09-30,-0.10538928920978341,0.10538928920978341,0.01110690228014337
2019-10-31,US,AR(1),3.6,3.4928831657975152,2014-10-31,2019-09-30,0.10711683420248486,0.10711683420248486,0.01147401616956263
2019-11-30,AU,RW,5.172451,5.301924,2014-11-30,2019-10-31,-0.12947299999999995,0.12947299999999995,0.016763257728999986
2019-11-30,CA,RW,5.9,5.6,2014-11-30,2019-10-31,0.3000000000000007,0.3000000000000007,0.09000000000000043
2019-11-30,DE,RW,3.0,2.9,2014-11-30,2019-10-31,0.10000000000000009,0.10000000000000009,0.010000000000000018
2019-11-30,FR,RW,8.2,8.2,2014-11-30,2019-10-31,0.0,0.0,0.0
2019-11-30,GB,RW,3.7,3.8,2014-11-30,2019-10-31,-0.09999999999999964,0.09999999999999964,0.009999999999999929
2019-11-30,IT,RW,9.8,9.5,2014-11-30,2019-10-31,0.3000000000000007,0.3000000000000007,0.09000000000000043
2019-11-30,JP,RW,2.3,2.4,2014-11-30,2019-10-31,-0.10000000000000009,0.10000000000000009,0.010000000000000018
2019-11-30,KR,RW,3.7,3.5,2014-11-30,2019-10-31,0.20000000000000018,0.20000000000000018,0.04000000000000007
2019-11-30,US,RW,3.6,3.6,2014-11-30,2019-10-31,0.0,0.0,0.0
2019-11-30,AU,AR(1),5.172451,5.294467755423504,2014-11-30,2019-10-31,-0.12201675542350454,0.12201675542350454,0.014888088604079325
2019-11-30,CA,AR(1),5.9,5.606567985645786,2014-11-30,2019-10-31,0.29343201435421395,0.29343201435421395,0.08610234704797162
2019-11-30,DE,AR(1),3.0,2.8939111870812098,2014-11-30,2019-10-31,0.10608881291879024,0.10608881291879024,0.011254836226518076
2019-11-30,FR,AR(1),8.2,8.205998392635095,2014-11-30,2019-10-31,-0.005998392635095939,0.005998392635095939,3.598071420477321e-05
2019-11-30,GB,AR(1),3.7,3.7903698215872526,2014-11-30,2019-10-31,-0.09036982158725237,0.09036982158725237,0.008166704653711825
2019-11-30,IT,AR(1),9.8,9.498500974115466,2014-11-30,2019-10-31,0.30149902588453514,0.30149902588453514,0.09090166260932359
2019-11-30,JP,AR(1),2.3,2.394898909597443,2014-11-30,2019-10-31,-0.09489890959744329,0.09489890959744329,0.009005803042783716
2019-11-30,KR,AR(1),3.7,3.5052618472370396,2014-11-30,2019-10-31,0.19473815276296058,0.19473815276296058,0.037922948141530174
2019-11-30,US,AR(1),3.6,3.593755937404853,2014-11-30,2019-10-31,0.006244062595146982,0.006244062595146982,3.8988317692113664e-05
2019-12-31,AU,RW,5.039639,5.172451,2014-12-31,2019-11-30,-0.13281199999999949,0.13281199999999949,0.017639027343999865
2019-12-31,CA,RW,5.6,5.9,2014-12-31,2019-11-30,-0.3000000000000007,0.3000000000000007,0.09000000000000043
2019-12-31,DE,RW,3.1,3.0,2014-12-31,2019-11-30,0.10000000000000009,0.10000000000000009,0.010000000000000018
2019-12-31,FR,RW,8.2,8.2,2014-12-31,2019-11-30,0.0,0.0,0.0
2019-12-31,GB,RW,3.9,3.7,2014-12-31,2019-11-30,0.19999999999999973,0.19999999999999973,0.0399999999999999
2019-12-31,IT,RW,9.8,9.8,2014-12-31,2019-11-30,0.0,0.0,0.0
2019-12-31,JP,RW,2.2,2.3,2014-12-31,2019-11-30,-0.09999999999999964,0.09999999999999964,0.009999999999999929
2019-12-31,KR,RW,3.5,3.7,2014-12-31,2019-11-30,-0.20000000000000018,0.20000000000000018,0.04000000000000007
2019-12-31,US,RW,3.6,3.6,2014-12-31,2019-11-30,0.0,0.0,0.0
2019-12-31,AU,AR(1),5.039639,5.170560038613128,2014-12-31,2019-11-30,-0.13092103861312765,0.13092103861312765,0.017140318351540063
2019-12-31,CA,AR(1),5.6,5.905476612699251,2014-12-31,2019-11-30,-0.30547661269925097,0.30547661269925097,0.09331596090620818
2019-12-31,DE,AR(1),3.1,2.9978666334541337,2014-12-31,2019-11-30,0.10213336654586636,0.10213336654586636,0.010431224561992292
2019-12-31,FR,AR(1),8.2,8.212986982142459,2014-12-31,2019-11-30,-0.012986982142459524,0.012986982142459524,0.00016866170516856258
2019-12-31,GB,AR(1),3.9,3.700536787043414,2014-12-31,2019-11-30,0.19946321295658587,0.19946321295658587,0.03978557332296433
2019-12-31,IT,AR(1),9.8,9.799411124939832,2014-12-31,2019-11-30,0.0005888750601688031,0.0005888750601688031,3.4677383648881146e-07
2019-12-31,JP,AR(1),2.2,2.303173549187263,2014-12-31,2019-11-30,-0.10317354918726274,0.10317354918726274,0.010644781251896523
2019-12-31,KR,AR(1),3.5,3.7024393690326773,2014-12-31,2019-11-30,-0.20243936903267734,0.20243936903267734,0.04098169813434852
2019-12-31,US,AR(1),3.6,3.5975254130292513,2014-12-31,2019-11-30,0.00247458697074876,0.00247458697074876,6.123580675799524e-06
2020-01-31,AU,RW,5.248896,5.039639,2015-01-31,2019-12-31,0.20925700000000003,0.20925700000000003,0.04378849204900001
2020-01-31,CA,RW,5.5,5.6,2015-01-31,2019-12-31,-0.09999999999999964,0.09999999999999964,0.009999999999999929
2020-01-31,DE,RW,3.2,3.1,2015-01-31,2019-12-31,0.10000000000000009,0.10000000000000009,0.010000000000000018
2020-01-31,FR,RW,8.2,8.2,2015-01-31,2019-12-31,0.0,0.0,0.0
2020-01-31,GB,RW,3.9,3.9,2015-01-31,2019-12-31,0.0,0.0,0.0
2020-01-31,IT,RW,9.6,9.8,2015-01-31,2019-12-31,-0.20000000000000107,0.20000000000000107,0.040000000000000424
2020-01-31,JP,RW,2.4,2.2,2015-01-31,2019-12-31,0.19999999999999973,0.19999999999999973,0.0399999999999999
2020-01-31,KR,RW,3.4,3.5,2015-01-31,2019-12-31,-0.10000000000000009,0.10000000000000009,0.010000000000000018
2020-01-31,US,RW,3.6,3.6,2015-01-31,2019-12-31,0.0,0.0,0.0
2020-01-31,AU,AR(1),5.248896,5.039435301161398,2015-01-31,2019-12-31,0.20946069883860208,0.20946069883860208,0.04387378435795556
2020-01-31,CA,AR(1),5.5,5.607692712759364,2015-01-31,2019-12-31,-0.10769271275936365,0.10769271275936365,0.011597720381470807
2020-01-31,DE,AR(1),3.2,3.0912330144340956,2015-01-31,2019-12-31,0.10876698556590458,0.10876698556590458,0.011830257149093696
2020-01-31,FR,AR(1),8.2,8.202861267230567,2015-01-31,2019-12-31,-0.0028612672305676767,0.0028612672305676767,8.186850164720423e-06
2020-01-31,GB,AR(1),3.9,3.8922107439504723,2015-01-31,2019-12-31,0.007789256049527626,0.007789256049527626,6.0672509805102726e-05
2020-01-31,IT,AR(1),9.6,9.798217074493394,2015-01-31,2019-12-31,-0.1982170744933942,0.1982170744933942,0.03929000862071979
2020-01-31,JP,AR(1),2.4,2.200384408289372,2015-01-31,2019-12-31,0.1996155917106277,0.1996155917106277,0.03984638445398402
2020-01-31,KR,AR(1),3.4,3.5037453254198954,2015-01-31,2019-12-31,-0.10374532541989545,0.10374532541989545,0.010763092546480005
2020-01-31,US,AR(1),3.6,3.5937571727222553,2015-01-31,2019-12-31,0.0062428272777448335,0.0062428272777448335,3.897289241975497e-05
2020-02-29,AU,RW,5.113196,5.248896,2015-02-28,2020-01-31,-0.13569999999999993,0.13569999999999993,0.01841448999999998
2020-02-29,CA,RW,5.8,5.5,2015-02-28,2020-01-31,0.2999999999999998,0.2999999999999998,0.0899999999999999
2020-02-29,DE,RW,3.3,3.2,2015-02-28,2020-01-31,0.09999999999999964,0.09999999999999964,0.009999999999999929
2020-02-29,FR,RW,7.8,8.2,2015-02-28,2020-01-31,-0.39999999999999947,0.39999999999999947,0.1599999999999996
2020-02-29,GB,RW,4.1,3.9,2015-02-28,2020-01-31,0.19999999999999973,0.19999999999999973,0.0399999999999999
2020-02-29,IT,RW,9.5,9.6,2015-02-28,2020-01-31,-0.09999999999999964,0.09999999999999964,0.009999999999999929
2020-02-29,JP,RW,2.4,2.4,2015-02-28,2020-01-31,0.0,0.0,0.0
2020-02-29,KR,RW,3.4,3.4,2015-02-28,2020-01-31,0.0,0.0,0.0
2020-02-29,US,RW,3.5,3.6,2015-02-28,2020-01-31,-0.10000000000000009,0.10000000000000009,0.010000000000000018
2020-02-29,AU,AR(1),5.113196,5.241667151211525,2015-02-28,2020-01-31,-0.12847115121152441,0.12847115121152441,0.016504836693614373
2020-02-29,CA,AR(1),5.8,5.509271916412121,2015-02-28,2020-01-31,0.2907280835878785,0.2907280835878785,0.08452281858668047
2020-02-29,DE,AR(1),3.3,3.1915598651328145,2015-02-28,2020-01-31,0.10844013486718529,0.10844013486718529,0.011759262850013335
2020-02-29,FR,AR(1),7.8,8.206520834991641,2015-02-28,2020-01-31,-0.4065208349916416,0.4065208349916416,0.1652591892823015
2020-02-29,GB,AR(1),4.1,3.892886624205834,2015-02-28,2020-01-31,0.20711337579416567,0.20711337579416567,0.04289595043285529
2020-02-29,IT,AR(1),9.5,9.605376860631294,2015-02-28,2020-01-31,-0.10537686063129392,0.10537686063129392,0.011104282756507143
2020-02-29,JP,AR(1),2.4,2.394434171659433,2015-02-28,2020-01-31,0.005565828340567069,0.005565828340567069,3.0978445116659576e-05
2020-02-29,KR,AR(1),3.4,3.407650438726235,2015-02-28,2020-01-31,-0.007650438726235276,0.007650438726235276,5.852921270388043e-05
2020-02-29,US,AR(1),3.5,3.593120756738897,2015-02-28,2020-01-31,-0.09312075673889719,0.09312075673889719,0.008671475335624866
2020-03-31,AU,RW,5.198636,5.113196,2015-03-31,2020-02-29,0.0854399999999993,0.0854399999999993,0.007299993599999879
2020-03-31,CA,RW,8.5,5.8,2015-03-31,2020-02-29,2.7,2.7,7.290000000000001
2020-03-31,DE,RW,3.4,3.3,2015-03-31,2020-02-29,0.10000000000000009,0.10000000000000009,0.010000000000000018
2020-03-31,FR,RW,7.6,7.8,2015-03-31,2020-02-29,-0.20000000000000018,0.20000000000000018,0.04000000000000007
2020-03-31,GB,RW,4.1,4.1,2015-03-31,2020-02-29,0.0,0.0,0.0
2020-03-31,IT,RW,7.6,9.5,2015-03-31,2020-02-29,-1.9000000000000004,1.9000000000000004,3.610000000000001
2020-03-31,JP,RW,2.5,2.4,2015-03-31,2020-02-29,0.10000000000000009,0.10000000000000009,0.010000000000000018
2020-03-31,KR,RW,3.9,3.4,2015-03-31,2020-02-29,0.5,0.5,0.25
2020-03-31,US,RW,4.4,3.5,2015-03-31,2020-02-29,0.9000000000000004,0.9000000000000004,0.8100000000000006
2020-03-31,AU,AR(1),5.198636,5.109388484563361,2015-03-31,2020-02-29,0.08924751543663856,0.08924751543663856,0.007965119011613038
2020-03-31,CA,AR(1),8.5,5.799327455258732,2015-03-31,2020-02-29,2.700672544741268,2.700672544741268,7.293632193919277
2020-03-31,DE,AR(1),3.4,3.288036938576679,2015-03-31,2020-02-29,0.11196306142332091,0.11196306142332091,0.01253572712328233
2020-03-31,FR,AR(1),7.6,7.807937113465831,2015-03-31,2020-02-29,-0.20793711346583166,0.20793711346583166,0.04323784315650215
2020-03-31,GB,AR(1),4.1,4.088542907111185,2015-03-31,2020-02-29,0.011457092888814913,0.011457092888814913,0.00013126497746293323
2020-03-31,IT,AR(1),7.6,9.50129901133555,2015-03-31,2020-02-29,-1.901299011335551,1.901299011335551,3.6149379305055436
2020-03-31,JP,AR(1),2.5,2.393901241952184,2015-03-31,2020-02-29,0.10609875804781588,0.10609875804781588,0.011256946459288975
2020-03-31,KR,AR(1),3.9,3.408008374040291,2015-03-31,2020-02-29,0.491991625959709,0.491991625959709,0.24205576001447823
2020-03-31,US,AR(1),4.4,3.4936953518162626,2015-03-31,2020-02-29,0.9063046481837378,0.9063046481837378,0.8213881153194488
2020-04-30,AU,RW,6.301623,5.198636,2015-04-30,2020-03-31,1.1029870000000006,1.1029870000000006,1.2165803221690012
2020-04-30,CA,RW,13.7,8.5,2015-04-30,2020-03-31,5.199999999999999,5.199999999999999,27.039999999999992
2020-04-30,DE,RW,3.5,3.4,2015-04-30,2020-03-31,0.10000000000000009,0.10000000000000009,0.010000000000000018
2020-04-30,FR,RW,7.6,7.6,2015-04-30,2020-03-31,0.0,0.0,0.0
2020-04-30,GB,RW,4.1,4.1,2015-04-30,2020-03-31,0.0,0.0,0.0
2020-04-30,IT,RW,7.7,7.6,2015-04-30,2020-03-31,0.10000000000000053,0.10000000000000053,0.010000000000000106
2020-04-30,JP,RW,2.6,2.5,2015-04-30,2020-03-31,0.10000000000000009,0.10000000000000009,0.010000000000000018
2020-04-30,KR,RW,3.9,3.9,2015-04-30,2020-03-31,0.0,0.0,0.0
2020-04-30,US,RW,14.8,4.4,2015-04-30,2020-03-31,10.4,10.4,108.16000000000001
2020-04-30,AU,AR(1),6.301623,5.193688470837541,2015-04-30,2020-03-31,1.107934529162459,1.107934529162459,1.2275189209104396
2020-04-30,CA,AR(1),13.7,8.462352000654864,2015-04-30,2020-03-31,5.2376479993451355,5.2376479993451355,27.4329565650441
2020-04-30,DE,AR(1),3.5,3.3859176360375853,2015-04-30,2020-03-31,0.11408236396241467,0.11408236396241467,0.013014785767252849
2020-04-30,FR,AR(1),7.6,7.606545467576385,2015-04-30,2020-03-31,-0.006545467576385633,0.006545467576385633,4.284314579351561e-05
2020-04-30,GB,AR(1),4.1,4.0875691528179665,2015-04-30,2020-03-31,0.012430847182033133,0.012430847182033133,0.0001545259616630611
2020-04-30,IT,AR(1),7.7,7.620806700874697,2015-04-30,2020-03-31,0.07919329912530326,0.07919329912530326,0.006271578626349758
2020-04-30,JP,AR(1),2.6,2.4934019159331107,2015-04-30,2020-03-31,0.10659808406688942,0.10659808406688942,0.011363151526731624
2020-04-30,KR,AR(1),3.9,3.9010653893779237,2015-04-30,2020-03-31,-0.0010653893779237755,0.0010653893779237755,1.1350545265928093e-06
2020-04-30,US,AR(1),14.8,4.381732968393693,2015-04-30,2020-03-31,10.418267031606309,10.418267031606309,108.54028794185493
2020-05-31,AU,RW,6.991954,6.301623,2015-05-31,2020-04-30,0.6903309999999996,0.6903309999999996,0.47655688956099945
2020-05-31,CA,RW,14.2,13.7,2015-05-31,2020-04-30,0.5,0.5,0.25
2020-05-31,DE,RW,3.7,3.5,2015-05-31,2020-04-30,0.20000000000000018,0.20000000000000018,0.04000000000000007
2020-05-31,FR,RW,6.9,7.6,2015-05-31,2020-04-30,-0.6999999999999993,0.6999999999999993,0.489999999999999
2020-05-31,GB,RW,4.1,4.1,2015-05-31,2020-04-30,0.0,0.0,0.0
2020-05-31,IT,RW,8.8,7.7,2015-05-31,2020-04-30,1.1000000000000005,1.1000000000000005,1.210000000000001
2020-05-31,JP,RW,2.8,2.6,2015-05-31,2020-04-30,0.19999999999999973,0.19999999999999973,0.0399999999999999
2020-05-31,KR,RW,4.3,3.9,2015-05-31,2020-04-30,0.3999999999999999,0.3999999999999999,0.15999999999999992
2020-05-31,US,RW,13.2,14.8,2015-05-31,2020-04-30,-1.6000000000000014,1.6000000000000014,2.5600000000000045
2020-05-31,AU,AR(1),6.991954,6.330193627130396,2015-05-31,2020-04-30,0.6617603728696038,0.6617603728696038,0.437926791100517
2020-05-31,CA,AR(1),14.2,14.05001054544606,2015-05-31,2020-04-30,0.14998945455393908,0.14998945455393908,0.022496836477388156
2020-05-31,DE,AR(1),3.7,3.484239905625758,2015-05-31,2020-04-30,0.21576009437424215,0.21576009437424215,0.04655241832438188
2020-05-31,FR,AR(1),6.9,7.497086349639608,2015-05-31,2020-04-30,-0.5970863496396079,0.5970863496396079,0.35651210892595214
2020-05-31,GB,AR(1),4.1,4.063924339118222,2015-05-31,2020-04-30,0.03607566088177805,0.03607566088177805,0.001301453308057051
2020-05-31,IT,AR(1),8.8,7.519672636712525,2015-05-31,2020-04-30,1.2803273632874754,1.2803273632874754,1.639238157182659
2020-05-31,JP,AR(1),2.8,2.5812917135916846,2015-05-31,2020-04-30,0.2187082864083152,0.2187082864083152,0.047833314543661624
2020-05-31,KR,AR(1),4.3,3.9108635851727023,2015-05-31,2020-04-30,0.38913641482729755,0.38913641482729755,0.1514271493446426
2020-05-31,US,AR(1),13.2,15.297731870879003,2015-05-31,2020-04-30,-2.097731870879004,2.097731870879004,4.400479002101527
2020-06-30,AU,RW,7.423463,6.991954,2015-06-30,2020-05-31,0.43150900000000014,0.43150900000000014,0.18620001708100012
2020-06-30,CA,RW,12.6,14.2,2015-06-30,2020-05-31,-1.5999999999999996,1.5999999999999996,2.5599999999999987
2020-06-30,DE,RW,3.8,3.7,2015-06-30,2020-05-31,0.09999999999999964,0.09999999999999964,0.009999999999999929
2020-06-30,FR,RW,7.4,6.9,2015-06-30,2020-05-31,0.5,0.5,0.25
2020-06-30,GB,RW,4.4,4.1,2015-06-30,2020-05-31,0.3000000000000007,0.3000000000000007,0.09000000000000043
2020-06-30,IT,RW,9.5,8.8,2015-06-30,2020-05-31,0.6999999999999993,0.6999999999999993,0.489999999999999
2020-06-30,JP,RW,2.8,2.8,2015-06-30,2020-05-31,0.0,0.0,0.0
2020-06-30,KR,RW,4.2,4.3,2015-06-30,2020-05-31,-0.09999999999999964,0.09999999999999964,0.009999999999999929
2020-06-30,US,RW,11.0,13.2,2015-06-30,2020-05-31,-2.1999999999999993,2.1999999999999993,4.839999999999997
2020-06-30,AU,AR(1),7.423463,6.95944962956107,2015-06-30,2020-05-31,0.46401337043892976,0.46401337043892976,0.21530840794609546
2020-06-30,CA,AR(1),12.6,14.058185057090409,2015-06-30,2020-05-31,-1.4581850570904091,1.4581850570904091,2.1263036607217596
2020-06-30,DE,AR(1),3.8,3.6817790644384027,2015-06-30,2020-05-31,0.11822093556159707,0.11822093556159707,0.013976189605059287
2020-06-30,FR,AR(1),7.4,6.921386921582282,2015-06-30,2020-05-31,0.4786130784177187,0.4786130784177187,0.22907047883248538
2020-06-30,GB,AR(1),4.4,4.085771798444714,2015-06-30,2020-05-31,0.3142282015552862,0.3142282015552862,0.09873936265266957
2020-06-30,IT,AR(1),9.5,8.812053815233977,2015-06-30,2020-05-31,0.6879461847660231,0.6879461847660231,0.4732699531341272
2020-06-30,JP,AR(1),2.8,2.790013851032294,2015-06-30,2020-05-31,0.009986148967705777,0.009986148967705777,9.972317120521115e-05
2020-06-30,KR,AR(1),4.2,4.292003859981873,2015-06-30,2020-05-31,-0.09200385998187244,0.09200385998187244,0.008464710251563989
2020-06-30,US,AR(1),11.0,13.028703903338812,2015-06-30,2020-05-31,-2.028703903338812,2.028703903338812,4.115639527422132
2020-07-31,AU,RW,7.434264,7.423463,2015-07-31,2020-06-30,0.010800999999999839,0.010800999999999839,0.00011666160099999651
2020-07-31,CA,RW,10.9,12.6,2015-07-31,2020-06-30,-1.6999999999999993,1.6999999999999993,2.8899999999999975
2020-07-31,DE,RW,3.8,3.8,2015-07-31,2020-06-30,0.0,0.0,0.0
2020-07-31,FR,RW,8.6,7.4,2015-07-31,2020-06-30,1.1999999999999993,1.1999999999999993,1.4399999999999984
2020-07-31,GB,RW,4.6,4.4,2015-07-31,2020-06-30,0.1999999999999993,0.1999999999999993,0.039999999999999716
2020-07-31,IT,RW,10.2,9.5,2015-07-31,2020-06-30,0.6999999999999993,0.6999999999999993,0.489999999999999
2020-07-31,JP,RW,2.9,2.8,2015-07-31,2020-06-30,0.10000000000000009,0.10000000000000009,0.010000000000000018
2020-07-31,KR,RW,4.2,4.2,2015-07-31,2020-06-30,0.0,0.0,0.0
2020-07-31,US,RW,10.2,11.0,2015-07-31,2020-06-30,-0.8000000000000007,0.8000000000000007,0.6400000000000011
2020-07-31,AU,AR(1),7.434264,7.264931130425507,2015-07-31,2020-06-30,0.16933286957449312,0.16933286957449312,0.028673620718332297
2020-07-31,CA,AR(1),10.9,12.115778624372204,2015-07-31,2020-06-30,-1.215778624372204,1.215778624372204,1.4781176634803685
2020-07-31,DE,AR(1),3.8,3.7606355737146884,2015-07-31,2020-06-30,0.03936442628531145,0.03936442628531145,0.001549558056771719
2020-07-31,FR,AR(1),8.6,7.526186557711854,2015-07-31,2020-06-30,1.073813442288146,1.073813442288146,1.1530753088387176
2020-07-31,GB,AR(1),4.6,4.380698608657259,2015-07-31,2020-06-30,0.21930139134274107,0.21930139134274107,0.04809310024486207
2020-07-31,IT,AR(1),10.2,9.579180874556087,2015-07-31,2020-06-30,0.6208191254439122,0.6208191254439122,0.38541638651694393
2020-07-31,JP,AR(1),2.9,2.784514337946698,2015-07-31,2020-06-30,0.11548566205330202,0.11548566205330202,0.013336938139889482
2020-07-31,KR,AR(1),4.2,4.161813312230864,2015-07-31,2020-06-30,0.03818668776913636,0.03818668776913636,0.0014582231227775087
2020-07-31,US,AR(1),10.2,10.476733617992835,2015-07-31,2020-06-30,-0.2767336179928357,0.2767336179928357,0.07658149532740471
2020-08-31,AU,RW,6.792851,7.434264,2015-08-31,2020-07-31,-0.641413,0.641413,0.411410636569
2020-08-31,CA,RW,10.1,10.9,2015-08-31,2020-07-31,-0.8000000000000007,0.8000000000000007,0.6400000000000011
2020-08-31,DE,RW,3.9,3.8,2015-08-31,2020-07-31,0.10000000000000009,0.10000000000000009,0.010000000000000018
2020-08-31,FR,RW,9.1,8.6,2015-08-31,2020-07-31,0.5,0.5,0.25
2020-08-31,GB,RW,5.0,4.6,2015-08-31,2020-07-31,0.40000000000000036,0.40000000000000036,0.16000000000000028
2020-08-31,IT,RW,10.1,10.2,2015-08-31,2020-07-31,-0.09999999999999964,0.09999999999999964,0.009999999999999929
2020-08-31,JP,RW,3.0,2.9,2015-08-31,2020-07-31,0.10000000000000009,0.10000000000000009,0.010000000000000018
2020-08-31,KR,RW,3.9,4.2,2015-08-31,2020-07-31,-0.30000000000000027,0.30000000000000027,0.09000000000000016
2020-08-31,US,RW,8.4,10.2,2015-08-31,2020-07-31,-1.799999999999999,1.799999999999999,3.239999999999996
2020-08-31,AU,AR(1),6.792851,7.236376408889191,2015-08-31,2020-07-31,-0.4435254088891911,0.4435254088891911,0.1967147883303242
2020-08-31,CA,AR(1),10.1,10.478094124930916,2015-08-31,2020-07-31,-0.3780941249309162,0.3780941249309162,0.14295516730727528
2020-08-31,DE,AR(1),3.9,3.7552407595783306,2015-08-31,2020-07-31,0.14475924042166932,0.14475924042166932,0.02095523768745866
2020-08-31,FR,AR(1),9.1,8.637930816795453,2015-08-31,2020-07-31,0.46206918320454626,0.46206918320454626,0.21350793006731653
2020-08-31,GB,AR(1),5.0,4.560122255650167,2015-08-31,2020-07-31,0.4398777443498334,0.4398777443498334,0.1934924299742974
2020-08-31,IT,AR(1),10.1,10.23765993521274,2015-08-31,2020-07-31,-0.13765993521274034,0.13765993521274034,0.01895025776277587
2020-08-31,JP,AR(1),3.0,2.8739578508395365,2015-08-31,2020-07-31,0.12604214916046352,0.12604214916046352,0.015886623364988535
2020-08-31,KR,AR(1),3.9,4.153577844633666,2015-08-31,2020-07-31,-0.2535778446336665,0.2535778446336665,0.06430172328905591
2020-08-31,US,AR(1),8.4,9.644911185162766,2015-08-31,2020-07-31,-1.2449111851627652,1.2449111851627652,1.5498038589433607
2020-09-30,AU,RW,6.923532,6.792851,2015-09-30,2020-08-31,0.13068100000000005,0.13068100000000005,0.017077523761000014
2020-09-30,CA,RW,9.1,10.1,2015-09-30,2020-08-31,-1.0,1.0,1.0
2020-09-30,DE,RW,3.8,3.9,2015-09-30,2020-08-31,-0.10000000000000009,0.10000000000000009,0.010000000000000018
2020-09-30,FR,RW,9.0,9.1,2015-09-30,2020-08-31,-0.09999999999999964,0.09999999999999964,0.009999999999999929
2020-09-30,GB,RW,5.2,5.0,2015-09-30,2020-08-31,0.20000000000000018,0.20000000000000018,0.04000000000000007
2020-09-30,IT,RW,10.0,10.1,2015-09-30,2020-08-31,-0.09999999999999964,0.09999999999999964,0.009999999999999929
2020-09-30,JP,RW,3.0,3.0,2015-09-30,2020-08-31,0.0,0.0,0.0
2020-09-30,KR,RW,4.2,3.9,2015-09-30,2020-08-31,0.30000000000000027,0.30000000000000027,0.09000000000000016
2020-09-30,US,RW,7.8,8.4,2015-09-30,2020-08-31,-0.6000000000000005,0.6000000000000005,0.36000000000000065
2020-09-30,AU,AR(1),6.923532,6.644943708653148,2015-09-30,2020-08-31,0.2785882913468516,0.2785882913468516,0.07761143607555826
2020-09-30,CA,AR(1),9.1,9.710686250538473,2015-09-30,2020-08-31,-0.6106862505384729,0.6106862505384729,0.37293769659673853
2020-09-30,DE,AR(1),3.8,3.8375929227948373,2015-09-30,2020-08-31,-0.0375929227948375,0.0375929227948375,0.001413227844258613
2020-09-30,FR,AR(1),9.0,9.085507945705382,2015-09-30,2020-08-31,-0.08550794570538223,0.08550794570538223,0.0073116087787545945
2020-09-30,GB,AR(1),5.2,4.910177636137068,2015-09-30,2020-08-31,0.2898223638629318,0.2898223638629318,0.08399700259509764
2020-09-30,IT,AR(1),10.0,10.154506170075656,2015-09-30,2020-08-31,-0.15450617007565626,0.15450617007565626,0.02387215659144762
2020-09-30,JP,AR(1),3.0,2.9572012095060094,2015-09-30,2020-08-31,0.0427987904939906,0.0427987904939906,0.0018317364677485003
2020-09-30,KR,AR(1),4.2,3.885171395460615,2015-09-30,2020-08-31,0.3148286045393851,0.3148286045393851,0.09911705023621653
2020-09-30,US,AR(1),7.8,7.978011901913639,2015-09-30,2020-08-31,-0.17801190191363947,0.17801190191363947,0.0316882372229112
2020-10-31,AU,RW,6.948039,6.923532,2015-10-31,2020-09-30,0.024506999999999834,0.024506999999999834,0.0006005930489999918
2020-10-31,CA,RW,9.0,9.1,2015-10-31,2020-09-30,-0.09999999999999964,0.09999999999999964,0.009999999999999929
2020-10-31,DE,RW,3.8,3.8,2015-10-31,2020-09-30,0.0,0.0,0.0
2020-10-31,FR,RW,8.3,9.0,2015-10-31,2020-09-30,-0.6999999999999993,0.6999999999999993,0.489999999999999
2020-10-31,GB,RW,5.2,5.2,2015-10-31,2020-09-30,0.0,0.0,0.0
2020-10-31,IT,RW,10.0,10.0,2015-10-31,2020-09-30,0.0,0.0,0.0
2020-10-31,JP,RW,3.1,3.0,2015-10-31,2020-09-30,0.10000000000000009,0.10000000000000009,0.010000000000000018
2020-10-31,KR,RW,4.3,4.2,2015-10-31,2020-09-30,0.09999999999999964,0.09999999999999964,0.009999999999999929
2020-10-31,US,RW,6.9,7.8,2015-10-31,2020-09-30,-0.8999999999999995,0.8999999999999995,0.809999999999999
2020-10-31,AU,AR(1),6.948039,6.755573836698638,2015-10-31,2020-09-30,0.1924651633013612,0.1924651633013612,0.03704283908461964
2020-10-31,CA,AR(1),9.0,8.82414927274387,2015-10-31,2020-09-30,0.1758507272561296,0.1758507272561296,0.030923478276509684
2020-10-31,DE,AR(1),3.8,3.7470117840155477,2015-10-31,2020-09-30,0.052988215984452136,0.052988215984452136,0.002807751033214949
2020-10-31,FR,AR(1),8.3,8.994880574112685,2015-10-31,2020-09-30,-0.694880574112684,0.694880574112684,0.4828590122791733
2020-10-31,GB,AR(1),5.2,5.084849338138235,2015-10-31,2020-09-30,0.11515066186176526,0.11515066186176526,0.0132596749272026
2020-10-31,IT,AR(1),10.0,10.068309961916171,2015-10-31,2020-09-30,-0.06830996191617089,0.06830996191617089,0.004666250896988718
2020-10-31,JP,AR(1),3.1,2.9552520120877084,2015-10-31,2020-09-30,0.1447479879122917,0.1447479879122917,0.020951980004656947
2020-10-31,KR,AR(1),4.3,4.151144566829872,2015-10-31,2020-09-30,0.1488554331701275,0.1488554331701275,0.022157939984266295
2020-10-31,US,AR(1),6.9,7.444999397337832,2015-10-31,2020-09-30,-0.5449993973378318,0.5449993973378318,0.2970243430985998
2020-11-30,AU,RW,6.811051,6.948039,2015-11-30,2020-10-31,-0.13698799999999967,0.13698799999999967,0.01876571214399991
2020-11-30,CA,RW,8.6,9.0,2015-11-30,2020-10-31,-0.40000000000000036,0.40000000000000036,0.16000000000000028
2020-11-30,DE,RW,3.8,3.8,2015-11-30,2020-10-31,0.0,0.0,0.0
2020-11-30,FR,RW,8.1,8.3,2015-11-30,2020-10-31,-0.20000000000000107,0.20000000000000107,0.040000000000000424
2020-11-30,GB,RW,5.3,5.2,2015-11-30,2020-10-31,0.09999999999999964,0.09999999999999964,0.009999999999999929
2020-11-30,IT,RW,9.5,10.0,2015-11-30,2020-10-31,-0.5,0.5,0.25
2020-11-30,JP,RW,3.0,3.1,2015-11-30,2020-10-31,-0.10000000000000009,0.10000000000000009,0.010000000000000018
2020-11-30,KR,RW,4.1,4.3,2015-11-30,2020-10-31,-0.20000000000000018,0.20000000000000018,0.04000000000000007
2020-11-30,US,RW,6.7,6.9,2015-11-30,2020-10-31,-0.20000000000000018,0.20000000000000018,0.04000000000000007
2020-11-30,AU,AR(1),6.811051,6.781367980479411,2015-11-30,2020-10-31,0.02968301952058905,0.02968301952058905,0.0008810816478596706
2020-11-30,CA,AR(1),8.6,8.739315435177048,2015-11-30,2020-10-31,-0.13931543517704803,0.13931543517704803,0.019408790478570272
2020-11-30,DE,AR(1),3.8,3.747078181131175,2015-11-30,2020-10-31,0.052921818868824744,0.052921818868824744,0.0028007189123846945
2020-11-30,FR,AR(1),8.1,8.376579899622289,2015-11-30,2020-10-31,-0.27657989962228946,0.27657989962228946,0.07649644087507572
2020-11-30,GB,AR(1),5.3,5.0853418284553005,2015-11-30,2020-10-31,0.21465817154469935,0.21465817154469935,0.04607813061091357
2020-11-30,IT,AR(1),9.5,10.06394798516899,2015-11-30,2020-10-31,-0.5639479851689906,0.5639479851689906,0.318037329976164
2020-11-30,JP,AR(1),3.0,3.0452086040714494,2015-11-30,2020-10-31,-0.04520860407144944,0.04520860407144944,0.0020438178820890752
2020-11-30,KR,AR(1),4.1,4.240057844696252,2015-11-30,2020-10-31,-0.14005784469625215,0.14005784469625215,0.01961619986095949
2020-11-30,US,AR(1),6.7,6.655967640669651,2015-11-30,2020-10-31,0.0440323593303491,0.0440323593303491,0.0019388486681969816
2020-12-31,AU,RW,6.559897,6.811051,2015-12-31,2020-11-30,-0.25115399999999966,0.25115399999999966,0.06307833171599983
2020-12-31,CA,RW,8.9,8.6,2015-12-31,2020-11-30,0.3000000000000007,0.3000000000000007,0.09000000000000043
2020-12-31,DE,RW,3.8,3.8,2015-12-31,2020-11-30,0.0,0.0,0.0
2020-12-31,FR,RW,7.9,8.1,2015-12-31,2020-11-30,-0.1999999999999993,0.1999999999999993,0.039999999999999716
2020-12-31,GB,RW,5.2,5.3,2015-12-31,2020-11-30,-0.09999999999999964,0.09999999999999964,0.009999999999999929
2020-12-31,IT,RW,9.8,9.5,2015-12-31,2020-11-30,0.3000000000000007,0.3000000000000007,0.09000000000000043
2020-12-31,JP,RW,3.1,3.0,2015-12-31,2020-11-30,0.10000000000000009,0.10000000000000009,0.010000000000000018
2020-12-31,KR,RW,4.1,4.1,2015-12-31,2020-11-30,0.0,0.0,0.0
2020-12-31,US,RW,6.7,6.7,2015-12-31,2020-11-30,0.0,0.0,0.0
2020-12-31,AU,AR(1),6.559897,6.664649930324045,2015-12-31,2020-11-30,-0.10475293032404487,0.10475293032404487,0.0109731764114742
2020-12-31,CA,AR(1),8.9,8.390996739023402,2015-12-31,2020-11-30,0.5090032609765984,0.5090032609765984,0.25908431968481116
2020-12-31,DE,AR(1),3.8,3.7462584585665573,2015-12-31,2020-11-30,0.05374154143344256,0.05374154143344256,0.002888153275642424
2020-12-31,FR,AR(1),7.9,8.195874242870861,2015-12-31,2020-11-30,-0.2958742428708607,0.2958742428708607,0.08754156759440508
2020-12-31,GB,AR(1),5.2,5.173763168319924,2015-12-31,2020-11-30,0.026236831680075845,0.026236831680075845,0.0006883713366086315
2020-12-31,IT,AR(1),9.8,9.625097236682894,2015-12-31,2020-11-30,0.17490276331710675,0.17490276331710675,0.030590976615959862
2020-12-31,JP,AR(1),3.1,2.955466245948289,2015-12-31,2020-11-30,0.14453375405171087,0.14453375405171087,0.02089000606028045
2020-12-31,KR,AR(1),4.1,4.0644577219002205,2015-12-31,2020-11-30,0.03554227809977917,0.03554227809977917,0.0012632535325220419
2020-12-31,US,AR(1),6.7,6.483294134498623,2015-12-31,2020-11-30,0.21670586550137738,0.21670586550137738,0.046961432142701064
2021-01-31,AU,RW,6.276704,6.559897,2016-01-31,2020-12-31,-0.2831930000000007,0.2831930000000007,0.08019827524900039
2021-01-31,CA,RW,9.2,8.9,2016-01-31,2020-12-31,0.29999999999999893,0.29999999999999893,0.08999999999999936
2021-01-31,DE,RW,3.9,3.8,2016-01-31,2020-12-31,0.10000000000000009,0.10000000000000009,0.010000000000000018
2021-01-31,FR,RW,8.0,7.9,2016-01-31,2020-12-31,0.09999999999999964,0.09999999999999964,0.009999999999999929
2021-01-31,GB,RW,5.0,5.2,2016-01-31,2020-12-31,-0.20000000000000018,0.20000000000000018,0.04000000000000007
2021-01-31,IT,RW,10.1,9.8,2016-01-31,2020-12-31,0.29999999999999893,0.29999999999999893,0.08999999999999936
2021-01-31,JP,RW,3.0,3.1,2016-01-31,2020-12-31,-0.10000000000000009,0.10000000000000009,0.010000000000000018
2021-01-31,KR,RW,4.6,4.1,2016-01-31,2020-12-31,0.5,0.5,0.25
2021-01-31,US,RW,6.4,6.7,2016-01-31,2020-12-31,-0.2999999999999998,0.2999999999999998,0.0899999999999999
2021-01-31,AU,AR(1),6.276704,6.448574545706502,2016-01-31,2020-12-31,-0.1718705457065024,0.1718705457065024,0.02953948448145093
2021-01-31,CA,AR(1),9.2,8.656712032137847,2016-01-31,2020-12-31,0.5432879678621525,0.5432879678621525,0.29516181602378727
2021-01-31,DE,AR(1),3.9,3.7456542136940953,2016-01-31,2020-12-31,0.15434578630590456,0.15434578630590456,0.023822621750387955
2021-01-31,FR,AR(1),8.0,8.015602110073344,2016-01-31,2020-12-31,-0.015602110073343667,0.015602110073343667,0.00024342583874073192
2021-01-31,GB,AR(1),5.0,5.087009736105644,2016-01-31,2020-12-31,-0.08700973610564411,0.08700973610564411,0.007570694177173828
2021-01-31,IT,AR(1),10.1,9.87890348221099,2016-01-31,2020-12-31,0.22109651778900918,0.22109651778900918,0.04888367017842565
2021-01-31,JP,AR(1),3.0,3.043084417929238,2016-01-31,2020-12-31,-0.043084417929237784,0.043084417929237784,0.0018562670683012262
2021-01-31,KR,AR(1),4.6,4.067542879178392,2016-01-31,2020-12-31,0.5324571208216078,0.5324571208216078,0.2835105855136362
2021-01-31,US,AR(1),6.4,6.4901647785640035,2016-01-31,2020-12-31,-0.09016477856400318,0.09016477856400318,0.008129687293495728
2021-02-28,AU,RW,5.847815,6.276704,2016-02-29,2021-01-31,-0.42888899999999985,0.42888899999999985,0.18394577432099987
2021-02-28,CA,RW,8.5,9.2,2016-02-29,2021-01-31,-0.6999999999999993,0.6999999999999993,0.489999999999999
2021-02-28,DE,RW,3.9,3.9,2016-02-29,2021-01-31,0.0,0.0,0.0
2021-02-28,FR,RW,8.2,8.0,2016-02-29,2021-01-31,0.1999999999999993,0.1999999999999993,0.039999999999999716
2021-02-28,GB,RW,4.9,5.0,2016-02-29,2021-01-31,-0.09999999999999964,0.09999999999999964,0.009999999999999929
2021-02-28,IT,RW,10.2,10.1,2016-02-29,2021-01-31,0.09999999999999964,0.09999999999999964,0.009999999999999929
2021-02-28,JP,RW,2.9,3.0,2016-02-29,2021-01-31,-0.10000000000000009,0.10000000000000009,0.010000000000000018
2021-02-28,KR,RW,4.1,4.6,2016-02-29,2021-01-31,-0.5,0.5,0.25
2021-02-28,US,RW,6.2,6.4,2016-02-29,2021-01-31,-0.20000000000000018,0.20000000000000018,0.04000000000000007
2021-02-28,AU,AR(1),5.847815,6.196306854223875,2016-02-29,2021-01-31,-0.34849185422387485,0.34849185422387485,0.12144657246039445
2021-02-28,CA,AR(1),8.5,8.926901707741234,2016-02-29,2021-01-31,-0.4269017077412336,0.4269017077412336,0.1822450680723816
2021-02-28,DE,AR(1),3.9,3.8346102990301287,2016-02-29,2021-01-31,0.06538970096987118,0.06538970096987118,0.0042758129929291715
2021-02-28,FR,AR(1),8.2,8.096424107337253,2016-02-29,2021-01-31,0.10357589266274658,0.10357589266274658,0.010727965540884801
2021-02-28,GB,AR(1),4.9,4.911363825404755,2016-02-29,2021-01-31,-0.011363825404754557,0.011363825404754557,0.00012913652782974507
2021-02-28,IT,AR(1),10.2,10.140227130946435,2016-02-29,2021-01-31,0.05977286905356394,0.05977286905356394,0.0035727958748945016
2021-02-28,JP,AR(1),2.9,2.9563526760122736,2016-02-29,2021-01-31,-0.05635267601227367,0.05635267601227367,0.0031756240937442846
2021-02-28,KR,AR(1),4.1,4.5077282986623795,2016-02-29,2021-01-31,-0.4077282986623798,0.4077282986623798,0.16624236553011879
2021-02-28,US,AR(1),6.2,6.233703070950134,2016-02-29,2021-01-31,-0.03370307095013381,0.03370307095013381,0.0011358969914697533
2021-03-31,AU,RW,5.674388,5.847815,2016-03-31,2021-02-28,-0.17342699999999933,0.17342699999999933,0.03007692432899977
2021-03-31,CA,RW,7.7,8.5,2016-03-31,2021-02-28,-0.7999999999999998,0.7999999999999998,0.6399999999999997
2021-03-31,DE,RW,3.9,3.9,2016-03-31,2021-02-28,0.0,0.0,0.0
2021-03-31,FR,RW,8.2,8.2,2016-03-31,2021-02-28,0.0,0.0,0.0
2021-03-31,GB,RW,4.8,4.9,2016-03-31,2021-02-28,-0.10000000000000053,0.10000000000000053,0.010000000000000106
2021-03-31,IT,RW,10.1,10.2,2016-03-31,2021-02-28,-0.09999999999999964,0.09999999999999964,0.009999999999999929
2021-03-31,JP,RW,2.7,2.9,2016-03-31,2021-02-28,-0.19999999999999973,0.19999999999999973,0.0399999999999999
2021-03-31,KR,RW,4.0,4.1,2016-03-31,2021-02-28,-0.09999999999999964,0.09999999999999964,0.009999999999999929
2021-03-31,US,RW,6.1,6.2,2016-03-31,2021-02-28,-0.10000000000000053,0.10000000000000053,0.010000000000000106
2021-03-31,AU,AR(1),5.674388,5.824177261395445,2016-03-31,2021-02-28,-0.14978926139544413,0.14978926139544413,0.02243682282939269
2021-03-31,CA,AR(1),7.7,8.307656557148842,2016-03-31,2021-02-28,-0.6076565571488421,0.6076565571488421,0.36924649144598404
2021-03-31,DE,AR(1),3.9,3.8324752206349912,2016-03-31,2021-02-28,0.06752477936500867,0.06752477936500867,0.0045595958282931
2021-03-31,FR,AR(1),8.2,8.268458455095349,2016-03-31,2021-02-28,-0.06845845509534954,0.06845845509534954,0.004686560074041989
2021-03-31,GB,AR(1),4.8,4.821078913187339,2016-03-31,2021-02-28,-0.021078913187339232,0.021078913187339232,0.0004443205811593838
2021-03-31,IT,AR(1),10.1,10.224539050741834,2016-03-31,2021-02-28,-0.12453905074183425,0.12453905074183425,0.015509975159677164
2021-03-31,JP,AR(1),2.7,2.8654240089717353,2016-03-31,2021-02-28,-0.16542400897173515,0.16542400897173515,0.027365102744280712
2021-03-31,KR,AR(1),4.0,4.065229212784723,2016-03-31,2021-02-28,-0.06522921278472271,0.06522921278472271,0.004254850200514633
2021-03-31,US,AR(1),6.1,6.055141031309133,2016-03-31,2021-02-28,0.044858968690866696,0.044858968690866696,0.0020123270720081585
2021-04-30,AU,RW,5.464977,5.674388,2016-04-30,2021-03-31,-0.20941100000000024,0.20941100000000024,0.043852966921000096
2021-04-30,CA,RW,8.2,7.7,2016-04-30,2021-03-31,0.4999999999999991,0.4999999999999991,0.2499999999999991
2021-04-30,DE,RW,3.8,3.9,2016-04-30,2021-03-31,-0.10000000000000009,0.10000000000000009,0.010000000000000018
2021-04-30,FR,RW,8.2,8.2,2016-04-30,2021-03-31,0.0,0.0,0.0
2021-04-30,GB,RW,4.8,4.8,2016-04-30,2021-03-31,0.0,0.0,0.0
2021-04-30,IT,RW,10.3,10.1,2016-04-30,2021-03-31,0.20000000000000107,0.20000000000000107,0.040000000000000424
2021-04-30,JP,RW,2.9,2.7,2016-04-30,2021-03-31,0.19999999999999973,0.19999999999999973,0.0399999999999999
2021-04-30,KR,RW,3.8,4.0,2016-04-30,2021-03-31,-0.20000000000000018,0.20000000000000018,0.04000000000000007
2021-04-30,US,RW,6.1,6.1,2016-04-30,2021-03-31,0.0,0.0,0.0
2021-04-30,AU,AR(1),5.464977,5.673081934623409,2016-04-30,2021-03-31,-0.2081049346234085,0.2081049346234085,0.04330766381461313
2021-04-30,CA,AR(1),8.2,7.6094157506018325,2016-04-30,2021-03-31,0.5905842493981668,0.5905842493981668,0.34878975563719605
2021-04-30,DE,AR(1),3.8,3.833014834522508,2016-04-30,2021-03-31,-0.033014834522508085,0.033014834522508085,0.0010899792985485917
2021-04-30,FR,AR(1),8.2,8.267698877057512,2016-04-30,2021-03-31,-0.06769887705751287,0.06769887705751287,0.004583137954848243
2021-04-30,GB,AR(1),4.8,4.733932712772816,2016-04-30,2021-03-31,0.06606728722718369,0.06606728722718369,0.0043648864415591895
2021-04-30,IT,AR(1),10.3,10.135619326234508,2016-04-30,2021-03-31,0.1643806737654927,0.1643806737654927,0.027021005907597342
2021-04-30,JP,AR(1),2.9,2.6907268321514026,2016-04-30,2021-03-31,0.20927316784859729,0.20927316784859729,0.043795258781387174
2021-04-30,KR,AR(1),3.8,3.9796244680878807,2016-04-30,2021-03-31,-0.1796244680878809,0.1796244680878809,0.03226494953585415
2021-04-30,US,AR(1),6.1,5.967254935004698,2016-04-30,2021-03-31,0.13274506499530148,0.13274506499530148,0.017621252280606813
2021-05-31,AU,RW,5.113817,5.464977,2016-05-31,2021-04-30,-0.35116000000000014,0.35116000000000014,0.1233133456000001
2021-05-31,CA,RW,8.3,8.2,2016-05-31,2021-04-30,0.10000000000000142,0.10000000000000142,0.010000000000000285
2021-05-31,DE,RW,3.7,3.8,2016-05-31,2021-04-30,-0.09999999999999964,0.09999999999999964,0.009999999999999929
2021-05-31,FR,RW,8.0,8.2,2016-05-31,2021-04-30,-0.1999999999999993,0.1999999999999993,0.039999999999999716
2021-05-31,GB,RW,4.7,4.8,2016-05-31,2021-04-30,-0.09999999999999964,0.09999999999999964,0.009999999999999929
2021-05-31,IT,RW,9.9,10.3,2016-05-31,2021-04-30,-0.40000000000000036,0.40000000000000036,0.16000000000000028
2021-05-31,JP,RW,2.9,2.9,2016-05-31,2021-04-30,0.0,0.0,0.0
2021-05-31,KR,RW,3.8,3.8,2016-05-31,2021-04-30,0.0,0.0,0.0
2021-05-31,US,RW,5.8,6.1,2016-05-31,2021-04-30,-0.2999999999999998,0.2999999999999998,0.0899999999999999
2021-05-31,AU,AR(1),5.113817,5.489936946080977,2016-05-31,2021-04-30,-0.3761199460809772,0.3761199460809772,0.1414662138399572
2021-05-31,CA,AR(1),8.3,8.046469447846361,2016-05-31,2021-04-30,0.25353055215363973,0.25353055215363973,0.06427774087532943
2021-05-31,DE,AR(1),3.7,3.7451189139828016,2016-05-31,2021-04-30,-0.045118913982801434,0.045118913982801434,0.0020357163989874346
2021-05-31,FR,AR(1),8.0,8.264838258449249,2016-05-31,2021-04-30,-0.2648382584492488,0.2648382584492488,0.0701393031384311
2021-05-31,GB,AR(1),4.7,4.73501668734265,2016-05-31,2021-04-30,-0.035016687342650066,0.035016687342650066,0.0012261683924529093
2021-05-31,IT,AR(1),9.9,10.303951477534778,2016-05-31,2021-04-30,-0.4039514775347772,0.4039514775347772,0.16317679620252962
2021-05-31,JP,AR(1),2.9,2.864636255268408,2016-05-31,2021-04-30,0.03536374473159176,0.03536374473159176,0.001250594441441184
2021-05-31,KR,AR(1),3.8,3.806864001325379,2016-05-31,2021-04-30,-0.006864001325379121,0.006864001325379121,4.711451419480633e-05
2021-05-31,US,AR(1),5.8,5.967907855268482,2016-05-31,2021-04-30,-0.1679078552684823,0.1679078552684823,0.028193047860861596
2021-06-30,AU,RW,5.023409,5.113817,2016-06-30,2021-05-31,-0.09040800000000004,0.09040800000000004,0.008173606464000008
2021-06-30,CA,RW,7.9,8.3,2016-06-30,2021-05-31,-0.40000000000000036,0.40000000000000036,0.16000000000000028
2021-06-30,DE,RW,3.6,3.7,2016-06-30,2021-05-31,-0.10000000000000009,0.10000000000000009,0.010000000000000018
2021-06-30,FR,RW,7.9,8.0,2016-06-30,2021-05-31,-0.09999999999999964,0.09999999999999964,0.009999999999999929
2021-06-30,GB,RW,4.6,4.7,2016-06-30,2021-05-31,-0.10000000000000053,0.10000000000000053,0.010000000000000106
2021-06-30,IT,RW,9.5,9.9,2016-06-30,2021-05-31,-0.40000000000000036,0.40000000000000036,0.16000000000000028
2021-06-30,JP,RW,2.9,2.9,2016-06-30,2021-05-31,0.0,0.0,0.0
2021-06-30,KR,RW,3.7,3.8,2016-06-30,2021-05-31,-0.09999999999999964,0.09999999999999964,0.009999999999999929
2021-06-30,US,RW,5.9,5.8,2016-06-30,2021-05-31,0.10000000000000053,0.10000000000000053,0.010000000000000106
2021-06-30,AU,AR(1),5.023409,5.180566759663999,2016-06-30,2021-05-31,-0.15715775966399903,0.15715775966399903,0.02469856142260728
2021-06-30,CA,AR(1),7.9,8.140061230384607,2016-06-30,2021-05-31,-0.24006123038460636,0.24006123038460636,0.05762939433377105
2021-06-30,DE,AR(1),3.6,3.6572292804327535,2016-06-30,2021-05-31,-0.05722928043275344,0.05722928043275344,0.0032751905388507356
2021-06-30,FR,AR(1),7.9,8.086547646162714,2016-06-30,2021-05-31,-0.18654764616271358,0.18654764616271358,0.034800024288848985
2021-06-30,GB,AR(1),4.6,4.647400510709389,2016-06-30,2021-05-31,-0.04740051070938911,0.04740051070938911,0.0022468084155109116
2021-06-30,IT,AR(1),9.5,9.954974391776826,2016-06-30,2021-05-31,-0.4549743917768261,0.4549743917768261,0.20700169717269282
2021-06-30,JP,AR(1),2.9,2.8640327019697116,2016-06-30,2021-05-31,0.03596729803028831,0.03596729803028831,0.0012936465275995813
2021-06-30,KR,AR(1),3.7,3.808988212625114,2016-06-30,2021-05-31,-0.1089882126251136,0.1089882126251136,0.011878430491216972
2021-06-30,US,AR(1),5.9,5.712973138413729,2016-06-30,2021-05-31,0.18702686158627113,0.18702686158627113,0.03497904695481022
2021-07-31,AU,RW,4.721186,5.023409,2016-07-31,2021-06-30,-0.3022229999999997,0.3022229999999997,0.0913387417289998
2021-07-31,CA,RW,7.4,7.9,2016-07-31,2021-06-30,-0.5,0.5,0.25
2021-07-31,DE,RW,3.5,3.6,2016-07-31,2021-06-30,-0.10000000000000009,0.10000000000000009,0.010000000000000018
2021-07-31,FR,RW,8.0,7.9,2016-07-31,2021-06-30,0.09999999999999964,0.09999999999999964,0.009999999999999929
2021-07-31,GB,RW,4.5,4.6,2016-07-31,2021-06-30,-0.09999999999999964,0.09999999999999964,0.009999999999999929
2021-07-31,IT,RW,9.1,9.5,2016-07-31,2021-06-30,-0.40000000000000036,0.40000000000000036,0.16000000000000028
2021-07-31,JP,RW,2.8,2.9,2016-07-31,2021-06-30,-0.10000000000000009,0.10000000000000009,0.010000000000000018
2021-07-31,KR,RW,3.3,3.7,2016-07-31,2021-06-30,-0.40000000000000036,0.40000000000000036,0.16000000000000028
2021-07-31,US,RW,5.4,5.9,2016-07-31,2021-06-30,-0.5,0.5,0.25
2021-07-31,AU,AR(1),4.721186,5.1006220132262,2016-07-31,2021-06-30,-0.3794360132261998,0.3794360132261998,0.14397168813299288
2021-07-31,CA,AR(1),7.4,7.793864431118445,2016-07-31,2021-06-30,-0.3938644311184447,0.3938644311184447,0.15512919010025608
2021-07-31,DE,AR(1),3.5,3.568871004860162,2016-07-31,2021-06-30,-0.06887100486016218,0.06887100486016218,0.004743215310448482
2021-07-31,FR,AR(1),8.0,7.996269964635088,2016-07-31,2021-06-30,0.003730035364911899,0.003730035364911899,1.3913163823493442e-05
2021-07-31,GB,AR(1),4.5,4.559247366077674,2016-07-31,2021-06-30,-0.059247366077674,0.059247366077674,0.003510250387141916
2021-07-31,IT,AR(1),9.1,9.59787613993576,2016-07-31,2021-06-30,-0.4978761399357605,0.4978761399357605,0.24788065071733298
2021-07-31,JP,AR(1),2.8,2.8649126825909157,2016-07-31,2021-06-30,-0.06491268259091587,0.06491268259091587,0.004213656361148992
2021-07-31,KR,AR(1),3.3,3.7204838424152555,2016-07-31,2021-06-30,-0.4204838424152557,0.4204838424152557,0.1768066617322976
2021-07-31,US,AR(1),5.4,5.80094103581283,2016-07-31,2021-06-30,-0.4009410358128296,0.4009410358128296,0.1607537141986647
2021-08-31,AU,RW,4.572714,4.721186,2016-08-31,2021-07-31,-0.14847199999999994,0.14847199999999994,0.02204393478399998
2021-08-31,CA,RW,7.1,7.4,2016-08-31,2021-07-31,-0.3000000000000007,0.3000000000000007,0.09000000000000043
2021-08-31,DE,RW,3.4,3.5,2016-08-31,2021-07-31,-0.10000000000000009,0.10000000000000009,0.010000000000000018
2021-08-31,FR,RW,7.9,8.0,2016-08-31,2021-07-31,-0.09999999999999964,0.09999999999999964,0.009999999999999929
2021-08-31,GB,RW,4.4,4.5,2016-08-31,2021-07-31,-0.09999999999999964,0.09999999999999964,0.009999999999999929
2021-08-31,IT,RW,9.1,9.1,2016-08-31,2021-07-31,0.0,0.0,0.0
2021-08-31,JP,RW,2.8,2.8,2016-08-31,2021-07-31,0.0,0.0,0.0
2021-08-31,KR,RW,3.4,3.3,2016-08-31,2021-07-31,0.10000000000000009,0.10000000000000009,0.010000000000000018
2021-08-31,US,RW,5.1,5.4,2016-08-31,2021-07-31,-0.3000000000000007,0.3000000000000007,0.09000000000000043
2021-08-31,AU,AR(1),4.572714,4.835079326842292,2016-08-31,2021-07-31,-0.26236532684229186,0.26236532684229186,0.06883556472906263
2021-08-31,CA,AR(1),7.1,7.357985487198519,2016-08-31,2021-07-31,-0.25798548719851944,0.25798548719851944,0.06655651160505743
2021-08-31,DE,AR(1),3.4,3.481990145884442,2016-08-31,2021-07-31,-0.08199014588444209,0.08199014588444209,0.006722384022152096
2021-08-31,FR,AR(1),7.9,8.081305026842225,2016-08-31,2021-07-31,-0.1813050268422245,0.1813050268422245,0.032871512758259745
2021-08-31,GB,AR(1),4.4,4.469216608174072,2016-08-31,2021-07-31,-0.06921660817407194,0.06921660817407194,0.004790938847123002
2021-08-31,IT,AR(1),9.1,9.243356626762967,2016-08-31,2021-07-31,-0.14335662676296757,0.14335662676296757,0.02055112243685679
2021-08-31,JP,AR(1),2.8,2.7784703034674045,2016-08-31,2021-07-31,0.021529696532595288,0.021529696532595288,0.0004635278327856456
2021-08-31,KR,AR(1),3.4,3.3708575660644433,2016-08-31,2021-07-31,0.0291424339355566,0.0291424339355566,0.000849281455688281
2021-08-31,US,AR(1),5.1,5.366990414256296,2016-08-31,2021-07-31,-0.26699041425629666,0.26699041425629666,0.0712838813047489
2021-09-30,AU,RW,4.700182,4.572714,2016-09-30,2021-08-31,0.12746799999999947,0.12746799999999947,0.016248091023999864
2021-09-30,CA,RW,7.0,7.1,2016-09-30,2021-08-31,-0.09999999999999964,0.09999999999999964,0.009999999999999929
2021-09-30,DE,RW,3.4,3.4,2016-09-30,2021-08-31,0.0,0.0,0.0
2021-09-30,FR,RW,7.7,7.9,2016-09-30,2021-08-31,-0.20000000000000018,0.20000000000000018,0.04000000000000007
2021-09-30,GB,RW,4.3,4.4,2016-09-30,2021-08-31,-0.10000000000000053,0.10000000000000053,0.010000000000000106
2021-09-30,IT,RW,9.1,9.1,2016-09-30,2021-08-31,0.0,0.0,0.0
2021-09-30,JP,RW,2.7,2.8,2016-09-30,2021-08-31,-0.09999999999999964,0.09999999999999964,0.009999999999999929
2021-09-30,KR,RW,3.1,3.4,2016-09-30,2021-08-31,-0.2999999999999998,0.2999999999999998,0.0899999999999999
2021-09-30,US,RW,4.7,5.1,2016-09-30,2021-08-31,-0.39999999999999947,0.39999999999999947,0.1599999999999996
2021-09-30,AU,AR(1),4.700182,4.704460974086757,2016-09-30,2021-08-31,-0.004278974086757259,0.004278974086757259,1.8309619235140117e-05
2021-09-30,CA,AR(1),7.0,7.09812486325807,2016-09-30,2021-08-31,-0.0981248632580698,0.0981248632580698,0.009628488789414896
2021-09-30,DE,AR(1),3.4,3.393560655784945,2016-09-30,2021-08-31,0.006439344215054987,0.006439344215054987,4.1465153919962134e-05
2021-09-30,FR,AR(1),7.7,7.988118718876232,2016-09-30,2021-08-31,-0.2881187188762322,0.2881187188762322,0.08301239616688132
2021-09-30,GB,AR(1),4.3,4.383863387741945,2016-09-30,2021-08-31,-0.08386338774194524,0.08386338774194524,0.007033067803555851
2021-09-30,IT,AR(1),9.1,9.237542627462197,2016-09-30,2021-08-31,-0.1375426274621976,0.1375426274621976,0.01891797436920487
2021-09-30,JP,AR(1),2.7,2.776296857457007,2016-09-30,2021-08-31,-0.07629685745700687,0.07629685745700687,0.005821210457814825
2021-09-30,KR,AR(1),3.1,3.452747815731126,2016-09-30,2021-08-31,-0.3527478157311261,0.3527478157311261,0.12443102150308051
2021-09-30,US,AR(1),4.7,5.104280327892472,2016-09-30,2021-08-31,-0.40428032789247226,0.40428032789247226,0.16344258352084487
2021-10-31,AU,RW,5.235433,4.700182,2016-10-31,2021-09-30,0.5352509999999997,0.5352509999999997,0.28649363300099967
2021-10-31,CA,RW,6.5,7.0,2016-10-31,2021-09-30,-0.5,0.5,0.25
2021-10-31,DE,RW,3.4,3.4,2016-10-31,2021-09-30,0.0,0.0,0.0
2021-10-31,FR,RW,7.5,7.7,2016-10-31,2021-09-30,-0.20000000000000018,0.20000000000000018,0.04000000000000007
2021-10-31,GB,RW,4.2,4.3,2016-10-31,2021-09-30,-0.09999999999999964,0.09999999999999964,0.009999999999999929
2021-10-31,IT,RW,9.1,9.1,2016-10-31,2021-09-30,0.0,0.0,0.0
2021-10-31,JP,RW,2.7,2.7,2016-10-31,2021-09-30,0.0,0.0,0.0
2021-10-31,KR,RW,3.3,3.1,2016-10-31,2021-09-30,0.19999999999999973,0.19999999999999973,0.0399999999999999
2021-10-31,US,RW,4.5,4.7,2016-10-31,2021-09-30,-0.20000000000000018,0.20000000000000018,0.04000000000000007
2021-10-31,AU,AR(1),5.235433,4.813006418501742,2016-10-31,2021-09-30,0.4224265814982573,0.4224265814982573,0.17844421675630381
2021-10-31,CA,AR(1),6.5,7.009496386455432,2016-10-31,2021-09-30,-0.5094963864554316,0.5094963864554316,0.25958656781114253
2021-10-31,DE,AR(1),3.4,3.3940455623174883,2016-10-31,2021-09-30,0.005954437682511582,0.005954437682511582,3.54553281149139e-05
2021-10-31,FR,AR(1),7.5,7.808865455762868,2016-10-31,2021-09-30,-0.3088654557628683,0.3088654557628683,0.09539786976360434
2021-10-31,GB,AR(1),4.2,4.295465221248838,2016-10-31,2021-09-30,-0.09546522124883783,0.09546522124883783,0.009113608468089557
2021-10-31,IT,AR(1),9.1,9.2285416634361,2016-10-31,2021-09-30,-0.12854166343610096,0.12854166343610096,0.016522959238919856
2021-10-31,JP,AR(1),2.7,2.689776987449508,2016-10-31,2021-09-30,0.010223012550492072,0.010223012550492072,0.00010450998560751842
2021-10-31,KR,AR(1),3.3,3.189465050046745,2016-10-31,2021-09-30,0.11053494995325464,0.11053494995325464,0.012217975161168506
2021-10-31,US,AR(1),4.5,4.753402776700921,2016-10-31,2021-09-30,-0.2534027767009208,0.2534027767009208,0.06421296723973674
2021-11-30,AU,RW,4.633631,5.235433,2016-11-30,2021-10-31,-0.6018019999999993,0.6018019999999993,0.36216564720399913
2021-11-30,CA,RW,6.1,6.5,2016-11-30,2021-10-31,-0.40000000000000036,0.40000000000000036,0.16000000000000028
2021-11-30,DE,RW,3.4,3.4,2016-11-30,2021-10-31,0.0,0.0,0.0
2021-11-30,FR,RW,7.4,7.5,2016-11-30,2021-10-31,-0.09999999999999964,0.09999999999999964,0.009999999999999929
2021-11-30,GB,RW,4.2,4.2,2016-11-30,2021-10-31,0.0,0.0,0.0
2021-11-30,IT,RW,9.1,9.1,2016-11-30,2021-10-31,0.0,0.0,0.0
2021-11-30,JP,RW,2.8,2.7,2016-11-30,2021-10-31,0.09999999999999964,0.09999999999999964,0.009999999999999929
2021-11-30,KR,RW,3.1,3.3,2016-11-30,2021-10-31,-0.19999999999999973,0.19999999999999973,0.0399999999999999
2021-11-30,US,RW,4.1,4.5,2016-11-30,2021-10-31,-0.40000000000000036,0.40000000000000036,0.16000000000000028
2021-11-30,AU,AR(1),4.633631,5.28005561789278,2016-11-30,2021-10-31,-0.6464246178927802,0.6464246178927802,0.41786478661782683
2021-11-30,CA,AR(1),6.1,6.5744896386596565,2016-11-30,2021-10-31,-0.4744896386596569,0.4744896386596569,0.22514041719537176
2021-11-30,DE,AR(1),3.4,3.3947613049843324,2016-11-30,2021-10-31,0.005238695015667538,0.005238695015667538,2.744392546717991e-05
2021-11-30,FR,AR(1),7.4,7.626378822804949,2016-11-30,2021-10-31,-0.22637882280494903,0.22637882280494903,0.05124737141455451
2021-11-30,GB,AR(1),4.2,4.20694734611226,2016-11-30,2021-10-31,-0.00694734611226,0.00694734611226,4.826561800353414e-05
2021-11-30,IT,AR(1),9.1,9.226140127789286,2016-11-30,2021-10-31,-0.12614012778928618,0.12614012778928618,0.01591133183869745
2021-11-30,JP,AR(1),2.8,2.689032624608357,2016-11-30,2021-10-31,0.1109673753916427,0.1109673753916427,0.012313758401309749
2021-11-30,KR,AR(1),3.1,3.3644686464446907,2016-11-30,2021-10-31,-0.2644686464446906,0.2644686464446906,0.06994366495228675
2021-11-30,US,AR(1),4.1,4.579979624019966,2016-11-30,2021-10-31,-0.4799796240199665,0.4799796240199665,0.23038043947434841
2021-12-31,AU,RW,4.210193,4.633631,2016-12-31,2021-11-30,-0.423438,0.423438,0.179299739844
2021-12-31,CA,RW,5.9,6.1,2016-12-31,2021-11-30,-0.1999999999999993,0.1999999999999993,0.039999999999999716
2021-12-31,DE,RW,3.3,3.4,2016-12-31,2021-11-30,-0.10000000000000009,0.10000000000000009,0.010000000000000018
2021-12-31,FR,RW,7.4,7.4,2016-12-31,2021-11-30,0.0,0.0,0.0
2021-12-31,GB,RW,4.1,4.2,2016-12-31,2021-11-30,-0.10000000000000053,0.10000000000000053,0.010000000000000106
2021-12-31,IT,RW,8.9,9.1,2016-12-31,2021-11-30,-0.1999999999999993,0.1999999999999993,0.039999999999999716
2021-12-31,JP,RW,2.7,2.8,2016-12-31,2021-11-30,-0.09999999999999964,0.09999999999999964,0.009999999999999929
2021-12-31,KR,RW,3.2,3.1,2016-12-31,2021-11-30,0.10000000000000009,0.10000000000000009,0.010000000000000018
2021-12-31,US,RW,3.9,4.1,2016-12-31,2021-11-30,-0.19999999999999973,0.19999999999999973,0.0399999999999999
2021-12-31,AU,AR(1),4.210193,4.750392568952895,2016-12-31,2021-11-30,-0.5401995689528949,0.5401995689528949,0.2918155742968934
2021-12-31,CA,AR(1),5.9,6.225504161791751,2016-12-31,2021-11-30,-0.32550416179175024,0.32550416179175024,0.10595295934374992
2021-12-31,DE,AR(1),3.3,3.394047424802369,2016-12-31,2021-11-30,-0.09404742480236905,0.09404742480236905,0.008844918111957261
2021-12-31,FR,AR(1),7.4,7.532417130558197,2016-12-31,2021-11-30,-0.13241713055819648,0.13241713055819648,0.01753429646526645
2021-12-31,GB,AR(1),4.1,4.207146013628118,2016-12-31,2021-11-30,-0.10714601362811838,0.10714601362811838,0.011480268236396928
2021-12-31,IT,AR(1),8.9,9.216223692127706,2016-12-31,2021-11-30,-0.3162236921277053,0.3162236921277053,0.09999742346287774
2021-12-31,JP,AR(1),2.7,2.7757100123188487,2016-12-31,2021-11-30,-0.07571001231884855,0.07571001231884855,0.0057320059653202
2021-12-31,KR,AR(1),3.2,3.190020395750926,2016-12-31,2021-11-30,0.009979604249074292,0.009979604249074292,9.959250096814166e-05
2021-12-31,US,AR(1),3.9,4.232648135844775,2016-12-31,2021-11-30,-0.3326481358447748,0.3326481358447748,0.11065478228100376
2022-01-31,AU,RW,4.166702,4.210193,2017-01-31,2021-12-31,-0.04349100000000039,0.04349100000000039,0.001891467081000034
2022-01-31,CA,RW,6.4,5.9,2017-01-31,2021-12-31,0.5,0.5,0.25
2022-01-31,DE,RW,3.3,3.3,2017-01-31,2021-12-31,0.0,0.0,0.0
2022-01-31,FR,RW,7.3,7.4,2017-01-31,2021-12-31,-0.10000000000000053,0.10000000000000053,0.010000000000000106
2022-01-31,GB,RW,3.9,4.1,2017-01-31,2021-12-31,-0.19999999999999973,0.19999999999999973,0.0399999999999999
2022-01-31,IT,RW,8.5,8.9,2017-01-31,2021-12-31,-0.40000000000000036,0.40000000000000036,0.16000000000000028
2022-01-31,JP,RW,2.8,2.7,2017-01-31,2021-12-31,0.09999999999999964,0.09999999999999964,0.009999999999999929
2022-01-31,KR,RW,3.2,3.2,2017-01-31,2021-12-31,0.0,0.0,0.0
2022-01-31,US,RW,4.0,3.9,2017-01-31,2021-12-31,0.10000000000000009,0.10000000000000009,0.010000000000000018
2022-01-31,AU,AR(1),4.166702,4.374522714410116,2017-01-31,2021-12-31,-0.20782071441011585,0.20782071441011585,0.04318944933793093
2022-01-31,CA,AR(1),6.4,6.045700389867884,2017-01-31,2021-12-31,0.3542996101321165,0.3542996101321165,0.12552821373976977
2022-01-31,DE,AR(1),3.3,3.3058231069129143,2017-01-31,2021-12-31,-0.005823106912914433,0.005823106912914433,3.390857411923186e-05
2022-01-31,FR,AR(1),7.3,7.525867750254196,2017-01-31,2021-12-31,-0.2258677502541966,0.2258677502541966,0.05101624060489212
2022-01-31,GB,AR(1),3.9,4.118278732633013,2017-01-31,2021-12-31,-0.21827873263301312,0.21827873263301312,0.047645605119874423
2022-01-31,IT,AR(1),8.5,9.034535804360154,2017-01-31,2021-12-31,-0.5345358043601536,0.5345358043601536,0.2857285261429564
2022-01-31,JP,AR(1),2.8,2.687930316841747,2017-01-31,2021-12-31,0.11206968315825261,0.11206968315825261,0.012559613883191129
2022-01-31,KR,AR(1),3.2,3.278422261267389,2017-01-31,2021-12-31,-0.07842226126738883,0.07842226126738883,0.006150051062290594
2022-01-31,US,AR(1),4.0,4.054689469727819,2017-01-31,2021-12-31,-0.05468946972781907,0.05468946972781907,0.002990938099110039
2022-02-28,AU,RW,4.032009,4.166702,2017-02-28,2022-01-31,-0.1346929999999995,0.1346929999999995,0.018142204248999868
2022-02-28,CA,RW,5.5,6.4,2017-02-28,2022-01-31,-0.9000000000000004,0.9000000000000004,0.8100000000000006
2022-02-28,DE,RW,3.2,3.3,2017-02-28,2022-01-31,-0.09999999999999964,0.09999999999999964,0.009999999999999929
2022-02-28,FR,RW,7.3,7.3,2017-02-28,2022-01-31,0.0,0.0,0.0
2022-02-28,GB,RW,3.8,3.9,2017-02-28,2022-01-31,-0.10000000000000009,0.10000000000000009,0.010000000000000018
2022-02-28,IT,RW,8.3,8.5,2017-02-28,2022-01-31,-0.1999999999999993,0.1999999999999993,0.039999999999999716
2022-02-28,JP,RW,2.7,2.8,2017-02-28,2022-01-31,-0.09999999999999964,0.09999999999999964,0.009999999999999929
2022-02-28,KR,RW,2.9,3.2,2017-02-28,2022-01-31,-0.30000000000000027,0.30000000000000027,0.09000000000000016
2022-02-28,US,RW,3.9,4.0,2017-02-28,2022-01-31,-0.10000000000000009,0.10000000000000009,0.010000000000000018
2022-02-28,AU,AR(1),4.032009,4.333667324855911,2017-02-28,2022-01-31,-0.3016583248559108,0.3016583248559108,0.09099774495487423
2022-02-28,CA,AR(1),5.5,6.480287315621827,2017-02-28,2022-01-31,-0.980287315621827,0.980287315621827,0.9609632211690475
2022-02-28,DE,AR(1),3.2,3.3047908842536597,2017-02-28,2022-01-31,-0.10479088425365957,0.10479088425365957,0.010981129422663877
2022-02-28,FR,AR(1),7.3,7.435838332491505,2017-02-28,2022-01-31,-0.13583833249150512,0.13583833249150512,0.018452052574072696
2022-02-28,GB,AR(1),3.8,3.9430489846671275,2017-02-28,2022-01-31,-0.14304898466712768,0.14304898466712768,0.02046301201429613
2022-02-28,IT,AR(1),8.3,8.677454478061765,2017-02-28,2022-01-31,-0.3774544780617646,0.3774544780617646,0.1424718830088791
2022-02-28,JP,AR(1),2.7,2.7749207026750335,2017-02-28,2022-01-31,-0.07492070267503337,0.07492070267503337,0.005613111689320752
2022-02-28,KR,AR(1),2.9,3.277073477000691,2017-02-28,2022-01-31,-0.37707347700069116,0.37707347700069116,0.14218440705739077
2022-02-28,US,AR(1),3.9,4.1391521158559685,2017-02-28,2022-01-31,-0.23915211585596863,0.23915211585596863,0.05719373451838664
2022-03-31,AU,RW,3.984333,4.032009,2017-03-31,2022-02-28,-0.047676000000000496,0.047676000000000496,0.002273000976000047
2022-03-31,CA,RW,5.4,5.5,2017-03-31,2022-02-28,-0.09999999999999964,0.09999999999999964,0.009999999999999929
2022-03-31,DE,RW,3.2,3.2,2017-03-31,2022-02-28,0.0,0.0,0.0
2022-03-31,FR,RW,7.4,7.3,2017-03-31,2022-02-28,0.10000000000000053,0.10000000000000053,0.010000000000000106
2022-03-31,GB,RW,3.8,3.8,2017-03-31,2022-02-28,0.0,0.0,0.0
2022-03-31,IT,RW,8.3,8.3,2017-03-31,2022-02-28,0.0,0.0,0.0
2022-03-31,JP,RW,2.6,2.7,2017-03-31,2022-02-28,-0.10000000000000009,0.10000000000000009,0.010000000000000018
2022-03-31,KR,RW,2.8,2.9,2017-03-31,2022-02-28,-0.10000000000000009,0.10000000000000009,0.010000000000000018
2022-03-31,US,RW,3.7,3.9,2017-03-31,2022-02-28,-0.19999999999999973,0.19999999999999973,0.0399999999999999
2022-03-31,AU,AR(1),3.984333,4.204047265766089,2017-03-31,2022-02-28,-0.21971426576608932,0.21971426576608932,0.04827435858113173
2022-03-31,CA,AR(1),5.4,5.690711519495916,2017-03-31,2022-02-28,-0.29071151949591556,0.29071151949591556,0.08451318756762409
2022-03-31,DE,AR(1),3.2,3.217348332837785,2017-03-31,2022-02-28,-0.01734833283778503,0.01734833283778503,0.00030096465225057037
2022-03-31,FR,AR(1),7.4,7.428170663230884,2017-03-31,2022-02-28,-0.028170663230883797,0.028170663230883797,0.0007935862668678683
2022-03-31,GB,AR(1),3.8,3.852307665312173,2017-03-31,2022-02-28,-0.052307665312173235,0.052307665312173235,0.002736091850410331
2022-03-31,IT,AR(1),8.3,8.492534518736083,2017-03-31,2022-02-28,-0.19253451873608185,0.19253451873608185,0.03706954090493465
2022-03-31,JP,AR(1),2.6,2.6886616668318455,2017-03-31,2022-02-28,-0.0886616668318454,0.0886616668318454,0.007860891165401155
2022-03-31,KR,AR(1),2.8,3.004094473698587,2017-03-31,2022-02-28,-0.20409447369858702,0.20409447369858702,0.04165455419430323
2022-03-31,US,AR(1),3.7,4.047975901467704,2017-03-31,2022-02-28,-0.34797590146770396,0.34797590146770396,0.12108722800226121
2022-04-30,AU,RW,3.85153,3.984333,2017-04-30,2022-03-31,-0.132803,0.132803,0.017636636809
2022-04-30,CA,RW,5.4,5.4,2017-04-30,2022-03-31,0.0,0.0,0.0
2022-04-30,DE,RW,3.1,3.2,2017-04-30,2022-03-31,-0.10000000000000009,0.10000000000000009,0.010000000000000018
2022-04-30,FR,RW,7.5,7.4,2017-04-30,2022-03-31,0.09999999999999964,0.09999999999999964,0.009999999999999929
2022-04-30,GB,RW,3.7,3.8,2017-04-30,2022-03-31,-0.09999999999999964,0.09999999999999964,0.009999999999999929
2022-04-30,IT,RW,8.2,8.3,2017-04-30,2022-03-31,-0.10000000000000142,0.10000000000000142,0.010000000000000285
2022-04-30,JP,RW,2.6,2.6,2017-04-30,2022-03-31,0.0,0.0,0.0
2022-04-30,KR,RW,2.8,2.8,2017-04-30,2022-03-31,0.0,0.0,0.0
2022-04-30,US,RW,3.7,3.7,2017-04-30,2022-03-31,0.0,0.0,0.0
2022-04-30,AU,AR(1),3.85153,4.156208351345513,2017-04-30,2022-03-31,-0.30467835134551313,0.30467835134551313,0.09282889777861994
2022-04-30,CA,AR(1),5.4,5.595965739431501,2017-04-30,2022-03-31,-0.19596573943150108,0.19596573943150108,0.03840257103093498
2022-04-30,DE,AR(1),3.1,3.216158746641659,2017-04-30,2022-03-31,-0.1161587466416587,0.1161587466416587,0.013492854421361057
2022-04-30,FR,AR(1),7.5,7.5090995866389605,2017-04-30,2022-03-31,-0.009099586638960488,0.009099586638960488,8.280247699994825e-05
2022-04-30,GB,AR(1),3.7,3.8513857126701874,2017-04-30,2022-03-31,-0.1513857126701872,0.1513857126701872,0.022917634000660474
2022-04-30,IT,AR(1),8.2,8.482378608058555,2017-04-30,2022-03-31,-0.28237860805855597,0.28237860805855597,0.07973767828908757
2022-04-30,JP,AR(1),2.6,2.6018645330636136,2017-04-30,2022-03-31,-0.0018645330636135604,0.0018645330636135604,3.4764835453081692e-06
2022-04-30,KR,AR(1),2.8,2.917291309163803,2017-04-30,2022-03-31,-0.11729130916380326,0.11729130916380326,0.013757251205358879
2022-04-30,US,AR(1),3.7,3.8716146223734325,2017-04-30,2022-03-31,-0.17161462237343228,0.17161462237343228,0.029451578612375764
2022-05-31,AU,RW,3.942165,3.85153,2017-05-31,2022-04-30,0.09063500000000024,0.09063500000000024,0.008214703225000045
2022-05-31,CA,RW,5.2,5.4,2017-05-31,2022-04-30,-0.20000000000000018,0.20000000000000018,0.04000000000000007
2022-05-31,DE,RW,3.1,3.1,2017-05-31,2022-04-30,0.0,0.0,0.0
2022-05-31,FR,RW,7.5,7.5,2017-05-31,2022-04-30,0.0,0.0,0.0
2022-05-31,GB,RW,3.8,3.7,2017-05-31,2022-04-30,0.09999999999999964,0.09999999999999964,0.009999999999999929
2022-05-31,IT,RW,8.1,8.2,2017-05-31,2022-04-30,-0.09999999999999964,0.09999999999999964,0.009999999999999929
2022-05-31,JP,RW,2.6,2.6,2017-05-31,2022-04-30,0.0,0.0,0.0
2022-05-31,KR,RW,2.9,2.8,2017-05-31,2022-04-30,0.10000000000000009,0.10000000000000009,0.010000000000000018
2022-05-31,US,RW,3.6,3.7,2017-05-31,2022-04-30,-0.10000000000000009,0.10000000000000009,0.010000000000000018
2022-05-31,AU,AR(1),3.942165,4.035154128428305,2017-05-31,2022-04-30,-0.09298912842830465,0.09298912842830465,0.008646978005855736
2022-05-31,CA,AR(1),5.2,5.592611602116158,2017-05-31,2022-04-30,-0.3926116021161574,0.3926116021161574,0.15414387011621591
2022-05-31,DE,AR(1),3.1,3.1265280928409505,2017-05-31,2022-04-30,-0.026528092840950368,0.026528092840950368,0.0007037397097780822
2022-05-31,FR,AR(1),7.5,7.591679296833048,2017-05-31,2022-04-30,-0.09167929683304799,0.09167929683304799,0.008405093467802122
2022-05-31,GB,AR(1),3.8,3.762053037090418,2017-05-31,2022-04-30,0.03794696290958166,0.03794696290958166,0.0014399719940611662
2022-05-31,IT,AR(1),8.1,8.387812658806741,2017-05-31,2022-04-30,-0.28781265880674134,0.28781265880674134,0.0828361265694057
2022-05-31,JP,AR(1),2.6,2.6013296599766025,2017-05-31,2022-04-30,-0.001329659976602393,0.001329659976602393,1.7679956533782765e-06
2022-05-31,KR,AR(1),2.9,2.9099002946030277,2017-05-31,2022-04-30,-0.00990029460302777,0.00990029460302777,9.80158332267408e-05
2022-05-31,US,AR(1),3.6,3.8668593629137447,2017-05-31,2022-04-30,-0.26685936291374457,0.26685936291374457,0.07121391957472963
2022-06-30,AU,RW,3.604603,3.942165,2017-06-30,2022-05-31,-0.33756200000000014,0.33756200000000014,0.1139481038440001
2022-06-30,CA,RW,4.9,5.2,2017-06-30,2022-05-31,-0.2999999999999998,0.2999999999999998,0.0899999999999999
2022-06-30,DE,RW,3.1,3.1,2017-06-30,2022-05-31,0.0,0.0,0.0
2022-06-30,FR,RW,7.5,7.5,2017-06-30,2022-05-31,0.0,0.0,0.0
2022-06-30,GB,RW,3.6,3.8,2017-06-30,2022-05-31,-0.19999999999999973,0.19999999999999973,0.0399999999999999
2022-06-30,IT,RW,8.2,8.1,2017-06-30,2022-05-31,0.09999999999999964,0.09999999999999964,0.009999999999999929
2022-06-30,JP,RW,2.6,2.6,2017-06-30,2022-05-31,0.0,0.0,0.0
2022-06-30,KR,RW,2.9,2.9,2017-06-30,2022-05-31,0.0,0.0,0.0
2022-06-30,US,RW,3.6,3.6,2017-06-30,2022-05-31,0.0,0.0,0.0
2022-06-30,AU,AR(1),3.604603,4.11064194130954,2017-06-30,2022-05-31,-0.5060389413095399,0.5060389413095399,0.25607541012167995
2022-06-30,CA,AR(1),4.9,5.409775982569707,2017-06-30,2022-05-31,-0.5097759825697068,0.5097759825697068,0.25987155240491
2022-06-30,DE,AR(1),3.1,3.1251252275894834,2017-06-30,2022-05-31,-0.025125227589483323,0.025125227589483323,0.0006312770614233339
2022-06-30,FR,AR(1),7.5,7.5861929731212,2017-06-30,2022-05-31,-0.08619297312120011,0.08619297312120011,0.007429228615471925
2022-06-30,GB,AR(1),3.6,3.8483323595035945,2017-06-30,2022-05-31,-0.24833235950359445,0.24833235950359445,0.061668960776622476
2022-06-30,IT,AR(1),8.2,8.285687777912415,2017-06-30,2022-05-31,-0.08568777791241544,0.08568777791241544,0.0073423952835674315
2022-06-30,JP,AR(1),2.6,2.5975156534486863,2017-06-30,2022-05-31,0.0024843465513137986,0.0024843465513137986,6.171977787024764e-06
2022-06-30,KR,AR(1),2.9,3.0000610556671585,2017-06-30,2022-05-31,-0.10006105566715862,0.10006105566715862,0.010012214861226216
2022-06-30,US,AR(1),3.6,3.7753113160801752,2017-06-30,2022-05-31,-0.17531131608017514,0.17531131608017514,0.030734057545763076
2022-07-31,AU,RW,3.446002,3.604603,2017-07-31,2022-06-30,-0.158601,0.158601,0.025154277200999997
2022-07-31,CA,RW,4.8,4.9,2017-07-31,2022-06-30,-0.10000000000000053,0.10000000000000053,0.010000000000000106
2022-07-31,DE,RW,3.1,3.1,2017-07-31,2022-06-30,0.0,0.0,0.0
2022-07-31,FR,RW,7.3,7.5,2017-07-31,2022-06-30,-0.20000000000000018,0.20000000000000018,0.04000000000000007
2022-07-31,GB,RW,3.6,3.6,2017-07-31,2022-06-30,0.0,0.0,0.0
2022-07-31,IT,RW,8.0,8.2,2017-07-31,2022-06-30,-0.1999999999999993,0.1999999999999993,0.039999999999999716
2022-07-31,JP,RW,2.5,2.6,2017-07-31,2022-06-30,-0.10000000000000009,0.10000000000000009,0.010000000000000018
2022-07-31,KR,RW,3.0,2.9,2017-07-31,2022-06-30,0.10000000000000009,0.10000000000000009,0.010000000000000018
2022-07-31,US,RW,3.5,3.6,2017-07-31,2022-06-30,-0.10000000000000009,0.10000000000000009,0.010000000000000018
2022-07-31,AU,AR(1),3.446002,3.8018638752099445,2017-07-31,2022-06-30,-0.3558618752099445,0.3558618752099445,0.12663767422793812
2022-07-31,CA,AR(1),4.8,5.13683906498653,2017-07-31,2022-06-30,-0.33683906498653027,0.33683906498653027,0.11346055570099996
2022-07-31,DE,AR(1),3.1,3.1249540211317184,2017-07-31,2022-06-30,-0.024954021131718296,0.024954021131718296,0.0006227031706422432
2022-07-31,FR,AR(1),7.3,7.579167481078603,2017-07-31,2022-06-30,-0.2791674810786029,0.2791674810786029,0.07793448249177211
2022-07-31,GB,AR(1),3.6,3.669858780106038,2017-07-31,2022-06-30,-0.06985878010603797,0.06985878010603797,0.004880249157903766
2022-07-31,IT,AR(1),8.0,8.366612466754912,2017-07-31,2022-06-30,-0.366612466754912,0.366612466754912,0.13440470078012146
2022-07-31,JP,AR(1),2.5,2.5998932674624218,2017-07-31,2022-06-30,-0.09989326746242178,0.09989326746242178,0.009978664884318932
2022-07-31,KR,AR(1),3.0,2.9929293862068143,2017-07-31,2022-06-30,0.007070613793185743,0.007070613793185743,4.999357941238848e-05
2022-07-31,US,AR(1),3.5,3.7709589383729782,2017-07-31,2022-06-30,-0.27095893837297824,0.27095893837297824,0.07341874628421143
2022-08-31,AU,RW,3.526324,3.446002,2017-08-31,2022-07-31,0.08032199999999978,0.08032199999999978,0.006451623683999965
2022-08-31,CA,RW,5.2,4.8,2017-08-31,2022-07-31,0.40000000000000036,0.40000000000000036,0.16000000000000028
2022-08-31,DE,RW,3.1,3.1,2017-08-31,2022-07-31,0.0,0.0,0.0
2022-08-31,FR,RW,7.2,7.3,2017-08-31,2022-07-31,-0.09999999999999964,0.09999999999999964,0.009999999999999929
2022-08-31,GB,RW,3.7,3.6,2017-08-31,2022-07-31,0.10000000000000009,0.10000000000000009,0.010000000000000018
2022-08-31,IT,RW,8.1,8.0,2017-08-31,2022-07-31,0.09999999999999964,0.09999999999999964,0.009999999999999929
2022-08-31,JP,RW,2.5,2.5,2017-08-31,2022-07-31,0.0,0.0,0.0
2022-08-31,KR,RW,2.8,3.0,2017-08-31,2022-07-31,-0.20000000000000018,0.20000000000000018,0.04000000000000007
2022-08-31,US,RW,3.6,3.5,2017-08-31,2022-07-31,0.10000000000000009,0.10000000000000009,0.010000000000000018
2022-08-31,AU,AR(1),3.526324,3.6530451469800025,2017-08-31,2022-07-31,-0.1267211469800027,0.1267211469800027,0.016058249091927445
2022-08-31,CA,AR(1),5.2,5.043553056710345,2017-08-31,2022-07-31,0.15644694328965514,0.15644694328965514,0.02447564606467657
2022-08-31,DE,AR(1),3.1,3.1235958133251205,2017-08-31,2022-07-31,-0.023595813325120396,0.023595813325120396,0.0005567624064739292
2022-08-31,FR,AR(1),7.2,7.393509499078443,2017-08-31,2022-07-31,-0.19350949907844317,0.19350949907844317,0.03744592623359
2022-08-31,GB,AR(1),3.7,3.667058106458824,2017-08-31,2022-07-31,0.03294189354117627,0.03294189354117627,0.001085168350078191
2022-08-31,IT,AR(1),8.1,8.17548676375985,2017-08-31,2022-07-31,-0.07548676375984975,0.07548676375984975,0.005698251502935366
2022-08-31,JP,AR(1),2.5,2.5104486785972053,2017-08-31,2022-07-31,-0.01044867859720533,0.01044867859720533,0.00010917488442769674
2022-08-31,KR,AR(1),2.8,3.0801525627727395,2017-08-31,2022-07-31,-0.2801525627727397,0.2801525627727397,0.07848545842813386
2022-08-31,US,AR(1),3.6,3.677553078922562,2017-08-31,2022-07-31,-0.0775530789225618,0.0775530789225618,0.0060144800503690995
2022-09-30,AU,RW,3.59594,3.526324,2017-09-30,2022-08-31,0.06961600000000034,0.06961600000000034,0.004846387456000048
2022-09-30,CA,RW,5.1,5.2,2017-09-30,2022-08-31,-0.10000000000000053,0.10000000000000053,0.010000000000000106
2022-09-30,DE,RW,3.1,3.1,2017-09-30,2022-08-31,0.0,0.0,0.0
2022-09-30,FR,RW,7.1,7.2,2017-09-30,2022-08-31,-0.10000000000000053,0.10000000000000053,0.010000000000000106
2022-09-30,GB,RW,3.8,3.7,2017-09-30,2022-08-31,0.09999999999999964,0.09999999999999964,0.009999999999999929
2022-09-30,IT,RW,8.0,8.1,2017-09-30,2022-08-31,-0.09999999999999964,0.09999999999999964,0.009999999999999929
2022-09-30,JP,RW,2.6,2.5,2017-09-30,2022-08-31,0.10000000000000009,0.10000000000000009,0.010000000000000018
2022-09-30,KR,RW,2.9,2.8,2017-09-30,2022-08-31,0.10000000000000009,0.10000000000000009,0.010000000000000018
2022-09-30,US,RW,3.5,3.6,2017-09-30,2022-08-31,-0.10000000000000009,0.10000000000000009,0.010000000000000018
2022-09-30,AU,AR(1),3.59594,3.721731525485413,2017-09-30,2022-08-31,-0.12579152548541295,0.12579152548541295,0.015823507883947294
2022-09-30,CA,AR(1),5.1,5.398426112684738,2017-09-30,2022-08-31,-0.29842611268473807,0.29842611268473807,0.08905814473212398
2022-09-30,DE,AR(1),3.1,3.1228184381951127,2017-09-30,2022-08-31,-0.022818438195112645,0.022818438195112645,0.0005206811216641756
2022-09-30,FR,AR(1),7.1,7.301667883995983,2017-09-30,2022-08-31,-0.20166788399598357,0.20166788399598357,0.040669935435417484
2022-09-30,GB,AR(1),3.8,3.7546975322506686,2017-09-30,2022-08-31,0.04530246774933122,0.04530246774933122,0.0020523135841791955
2022-09-30,IT,AR(1),8.0,8.256092759062582,2017-09-30,2022-08-31,-0.25609275906258233,0.25609275906258233,0.06558350124428584
2022-09-30,JP,AR(1),2.6,2.509848613959169,2017-09-30,2022-08-31,0.09015138604083095,0.09015138604083095,0.008127272405082929
2022-09-30,KR,AR(1),2.9,2.8945464505421676,2017-09-30,2022-08-31,0.005453549457832274,0.005453549457832274,2.974120168902269e-05
2022-09-30,US,AR(1),3.5,3.7635772958373486,2017-09-30,2022-08-31,-0.26357729583734857,0.26357729583734857,0.06947299088092916
2022-10-31,AU,RW,3.435673,3.59594,2017-10-31,2022-09-30,-0.16026700000000016,0.16026700000000016,0.02568551128900005
2022-10-31,CA,RW,5.1,5.1,2017-10-31,2022-09-30,0.0,0.0,0.0
2022-10-31,DE,RW,3.1,3.1,2017-10-31,2022-09-30,0.0,0.0,0.0
2022-10-31,FR,RW,7.2,7.1,2017-10-31,2022-09-30,0.10000000000000053,0.10000000000000053,0.010000000000000106
2022-10-31,GB,RW,3.9,3.8,2017-10-31,2022-09-30,0.10000000000000009,0.10000000000000009,0.010000000000000018
2022-10-31,IT,RW,7.8,8.0,2017-10-31,2022-09-30,-0.20000000000000018,0.20000000000000018,0.04000000000000007
2022-10-31,JP,RW,2.6,2.6,2017-10-31,2022-09-30,0.0,0.0,0.0
2022-10-31,KR,RW,2.9,2.9,2017-10-31,2022-09-30,0.0,0.0,0.0
2022-10-31,US,RW,3.6,3.5,2017-10-31,2022-09-30,0.10000000000000009,0.10000000000000009,0.010000000000000018
2022-10-31,AU,AR(1),3.435673,3.7765865943734047,2017-10-31,2022-09-30,-0.34091359437340474,0.34091359437340474,0.11622207882859434
2022-10-31,CA,AR(1),5.1,5.303259757843712,2017-10-31,2022-09-30,-0.2032597578437123,0.2032597578437123,0.04131452915868457
2022-10-31,DE,AR(1),3.1,3.123115664764004,2017-10-31,2022-09-30,-0.023115664764004062,0.023115664764004062,0.000534333957481819
2022-10-31,FR,AR(1),7.2,7.208493469188973,2017-10-31,2022-09-30,-0.008493469188972647,0.008493469188972647,7.213901886402767e-05
2022-10-31,GB,AR(1),3.9,3.843108473174793,2017-10-31,2022-09-30,0.05689152682520682,0.05689152682520682,0.0032366458245032268
2022-10-31,IT,AR(1),7.8,8.160970511423415,2017-10-31,2022-09-30,-0.36097051142341474,0.36097051142341474,0.1302997101172816
2022-10-31,JP,AR(1),2.6,2.5981245159507256,2017-10-31,2022-09-30,0.0018754840492745117,0.0018754840492745117,3.517440419083119e-06
2022-10-31,KR,AR(1),2.9,2.9841343045152167,2017-10-31,2022-09-30,-0.08413430451521675,0.08413430451521675,0.007078581196259222
2022-10-31,US,AR(1),3.6,3.6711887331919133,2017-10-31,2022-09-30,-0.07118873319191321,0.07118873319191321,0.005067835733469406
2022-11-30,AU,RW,3.516584,3.435673,2017-11-30,2022-10-31,0.08091099999999996,0.08091099999999996,0.006546589920999993
2022-11-30,CA,RW,5.0,5.1,2017-11-30,2022-10-31,-0.09999999999999964,0.09999999999999964,0.009999999999999929
2022-11-30,DE,RW,3.1,3.1,2017-11-30,2022-10-31,0.0,0.0,0.0
2022-11-30,FR,RW,7.1,7.2,2017-11-30,2022-10-31,-0.10000000000000053,0.10000000000000053,0.010000000000000106
2022-11-30,GB,RW,3.9,3.9,2017-11-30,2022-10-31,0.0,0.0,0.0
2022-11-30,IT,RW,7.8,7.8,2017-11-30,2022-10-31,0.0,0.0,0.0
2022-11-30,JP,RW,2.5,2.6,2017-11-30,2022-10-31,-0.10000000000000009,0.10000000000000009,0.010000000000000018
2022-11-30,KR,RW,2.8,2.9,2017-11-30,2022-10-31,-0.10000000000000009,0.10000000000000009,0.010000000000000018
2022-11-30,US,RW,3.6,3.6,2017-11-30,2022-10-31,0.0,0.0,0.0
2022-11-30,AU,AR(1),3.516584,3.62686382796872,2017-11-30,2022-10-31,-0.11027982796872005,0.11027982796872005,0.012161640456810488
2022-11-30,CA,AR(1),5.0,5.295531553843656,2017-11-30,2022-10-31,-0.2955315538436558,0.2955315538436558,0.08733889931724563
2022-11-30,DE,AR(1),3.1,3.1220182004818264,2017-11-30,2022-10-31,-0.022018200481826344,0.022018200481826344,0.00048480115245789785
2022-11-30,FR,AR(1),7.1,7.294213585578204,2017-11-30,2022-10-31,-0.19421358557820412,0.19421358557820412,0.037718916823142414
2022-11-30,GB,AR(1),3.9,3.929152917305451,2017-11-30,2022-10-31,-0.029152917305450998,0.029152917305450998,0.0008498925874184643
2022-11-30,IT,AR(1),7.8,7.975297954077268,2017-11-30,2022-10-31,-0.17529795407726834,0.17529795407726834,0.030729372703676077
2022-11-30,JP,AR(1),2.5,2.5993567500182513,2017-11-30,2022-10-31,-0.09935675001825128,0.09935675001825128,0.009871763774189276
2022-11-30,KR,AR(1),2.8,2.9808210016790904,2017-11-30,2022-10-31,-0.18082100167909054,0.18082100167909054,0.03269623464822966
2022-11-30,US,AR(1),3.6,3.7574309696525274,2017-11-30,2022-10-31,-0.15743096965252734,0.15743096965252734,0.024784510205734984
2022-12-31,AU,RW,3.526499,3.516584,2017-12-31,2022-11-30,0.009914999999999896,0.009914999999999896,9.830722499999794e-05
2022-12-31,CA,RW,5.0,5.0,2017-12-31,2022-11-30,0.0,0.0,0.0
2022-12-31,DE,RW,3.1,3.1,2017-12-31,2022-11-30,0.0,0.0,0.0
2022-12-31,FR,RW,7.2,7.1,2017-12-31,2022-11-30,0.10000000000000053,0.10000000000000053,0.010000000000000106
2022-12-31,GB,RW,3.9,3.9,2017-12-31,2022-11-30,0.0,0.0,0.0
2022-12-31,IT,RW,7.9,7.8,2017-12-31,2022-11-30,0.10000000000000053,0.10000000000000053,0.010000000000000106
2022-12-31,JP,RW,2.5,2.5,2017-12-31,2022-11-30,0.0,0.0,0.0
2022-12-31,KR,RW,2.7,2.8,2017-12-31,2022-11-30,-0.09999999999999964,0.09999999999999964,0.009999999999999929
2022-12-31,US,RW,3.5,3.6,2017-12-31,2022-11-30,-0.10000000000000009,0.10000000000000009,0.010000000000000018
2022-12-31,AU,AR(1),3.526499,3.6915463468241954,2017-12-31,2022-11-30,-0.16504734682419553,0.16504734682419553,0.027240626693706287
2022-12-31,CA,AR(1),5.0,5.20238962529598,2017-12-31,2022-11-30,-0.2023896252959796,0.2023896252959796,0.04096156042744702
2022-12-31,DE,AR(1),3.1,3.121056550102799,2017-12-31,2022-11-30,-0.021056550102799054,0.021056550102799054,0.00044337830223168686
2022-12-31,FR,AR(1),7.2,7.200837960212681,2017-12-31,2022-11-30,-0.0008379602126806773,0.0008379602126806773,7.02177318035846e-07
2022-12-31,GB,AR(1),3.9,3.9262067447099116,2017-12-31,2022-11-30,-0.02620674470991169,0.02620674470991169,0.0006867934682904843
2022-12-31,IT,AR(1),7.9,7.967491138461523,2017-12-31,2022-11-30,-0.06749113846152266,0.06749113846152266,0.004555053770832423
2022-12-31,JP,AR(1),2.5,2.5095939473378235,2017-12-31,2022-11-30,-0.009593947337823483,0.009593947337823483,9.20438255209303e-05
2022-12-31,KR,AR(1),2.7,2.8884182453692477,2017-12-31,2022-11-30,-0.18841824536924756,0.18841824536924756,0.03550143518802598
2022-12-31,US,AR(1),3.5,3.7540148735152914,2017-12-31,2022-11-30,-0.2540148735152914,0.2540148735152914,0.06452355596698948
2023-01-31,AU,RW,3.661857,3.526499,2018-01-31,2022-12-31,0.1353580000000001,0.1353580000000001,0.018321788164000024
2023-01-31,CA,RW,5.1,5.0,2018-01-31,2022-12-31,0.09999999999999964,0.09999999999999964,0.009999999999999929
2023-01-31,DE,RW,3.1,3.1,2018-01-31,2022-12-31,0.0,0.0,0.0
2023-01-31,FR,RW,7.1,7.2,2018-01-31,2022-12-31,-0.10000000000000053,0.10000000000000053,0.010000000000000106
2023-01-31,GB,RW,4.0,3.9,2018-01-31,2022-12-31,0.10000000000000009,0.10000000000000009,0.010000000000000018
2023-01-31,IT,RW,7.9,7.9,2018-01-31,2022-12-31,0.0,0.0,0.0
2023-01-31,JP,RW,2.5,2.5,2018-01-31,2022-12-31,0.0,0.0,0.0
2023-01-31,KR,RW,2.7,2.7,2018-01-31,2022-12-31,0.0,0.0,0.0
2023-01-31,US,RW,3.5,3.5,2018-01-31,2022-12-31,0.0,0.0,0.0
2023-01-31,AU,AR(1),3.661857,3.6925777197848135,2018-01-31,2022-12-31,-0.03072071978481361,0.03072071978481361,0.0009437626240970384
2023-01-31,CA,AR(1),5.1,5.2019702804477825,2018-01-31,2022-12-31,-0.10197028044778289,0.10197028044778289,0.010397938094599494
2023-01-31,DE,AR(1),3.1,3.120296836856217,2018-01-31,2022-12-31,-0.02029683685621686,0.02029683685621686,0.0004119615863678831
2023-01-31,FR,AR(1),7.1,7.285843451317759,2018-01-31,2022-12-31,-0.18584345131775937,0.18584345131775937,0.034537788397696396
2023-01-31,GB,AR(1),4.0,3.9266609120486673,2018-01-31,2022-12-31,0.0733390879513327,0.0733390879513327,0.005378621821533314
2023-01-31,IT,AR(1),7.9,8.04956393519905,2018-01-31,2022-12-31,-0.14956393519904942,0.14956393519904942,0.022369370712225455
2023-01-31,JP,AR(1),2.5,2.509114316548297,2018-01-31,2022-12-31,-0.009114316548297197,0.009114316548297197,8.307076614256412e-05
2023-01-31,KR,AR(1),2.7,2.798032691667065,2018-01-31,2022-12-31,-0.09803269166706485,0.09803269166706485,0.009610408635489807
2023-01-31,US,AR(1),3.5,3.663865561249873,2018-01-31,2022-12-31,-0.16386556124987317,0.16386556124987317,0.026851922163735935
2023-02-28,AU,RW,3.61105,3.661857,2018-02-28,2023-01-31,-0.050806999999999825,0.050806999999999825,0.002581351248999982
2023-02-28,CA,RW,5.2,5.1,2018-02-28,2023-01-31,0.10000000000000053,0.10000000000000053,0.010000000000000106
2023-02-28,DE,RW,3.0,3.1,2018-02-28,2023-01-31,-0.10000000000000009,0.10000000000000009,0.010000000000000018
2023-02-28,FR,RW,7.1,7.1,2018-02-28,2023-01-31,0.0,0.0,0.0
2023-02-28,GB,RW,4.0,4.0,2018-02-28,2023-01-31,0.0,0.0,0.0
2023-02-28,IT,RW,7.8,7.9,2018-02-28,2023-01-31,-0.10000000000000053,0.10000000000000053,0.010000000000000106
2023-02-28,JP,RW,2.6,2.5,2018-02-28,2023-01-31,0.10000000000000009,0.10000000000000009,0.010000000000000018
2023-02-28,KR,RW,2.7,2.7,2018-02-28,2023-01-31,0.0,0.0,0.0
2023-02-28,US,RW,3.6,3.5,2018-02-28,2023-01-31,0.10000000000000009,0.10000000000000009,0.010000000000000018
2023-02-28,AU,AR(1),3.61105,3.811281447816881,2018-02-28,2023-01-31,-0.20023144781688096,0.20023144781688096,0.040092632694844324
2023-02-28,CA,AR(1),5.2,5.291301553502455,2018-02-28,2023-01-31,-0.09130155350245506,0.09130155350245506,0.008335973671961663
2023-02-28,DE,AR(1),3.0,3.1213674429971867,2018-02-28,2023-01-31,-0.12136744299718671,0.12136744299718671,0.014730056219675366
2023-02-28,FR,AR(1),7.1,7.189307158931653,2018-02-28,2023-01-31,-0.08930715893165342,0.08930715893165342,0.007975768636443604
2023-02-28,GB,AR(1),4.0,4.01715023728222,2018-02-28,2023-01-31,-0.01715023728221965,0.01715023728221965,0.0002941306388364368
2023-02-28,IT,AR(1),7.8,8.041923157582307,2018-02-28,2023-01-31,-0.2419231575823071,0.2419231575823071,0.05852681417459379
2023-02-28,JP,AR(1),2.6,2.5137158258522843,2018-02-28,2023-01-31,0.08628417414771583,0.08628417414771583,0.007444958708353353
2023-02-28,KR,AR(1),2.7,2.799587236480561,2018-02-28,2023-01-31,-0.099587236480561,0.099587236480561,0.00991761766983518
2023-02-28,US,AR(1),3.6,3.66437128166056,2018-02-28,2023-01-31,-0.06437128166055972,0.06437128166055972,0.004143661902623112
2023-03-31,AU,RW,3.59653,3.61105,2018-03-31,2023-02-28,-0.014520000000000088,0.014520000000000088,0.00021083040000000256
2023-03-31,CA,RW,5.1,5.2,2018-03-31,2023-02-28,-0.10000000000000053,0.10000000000000053,0.010000000000000106
2023-03-31,DE,RW,3.0,3.0,2018-03-31,2023-02-28,0.0,0.0,0.0
2023-03-31,FR,RW,7.1,7.1,2018-03-31,2023-02-28,0.0,0.0,0.0
2023-03-31,GB,RW,3.9,4.0,2018-03-31,2023-02-28,-0.10000000000000009,0.10000000000000009,0.010000000000000018
2023-03-31,IT,RW,7.9,7.8,2018-03-31,2023-02-28,0.10000000000000053,0.10000000000000053,0.010000000000000106
2023-03-31,JP,RW,2.7,2.6,2018-03-31,2023-02-28,0.10000000000000009,0.10000000000000009,0.010000000000000018
2023-03-31,KR,RW,2.7,2.7,2018-03-31,2023-02-28,0.0,0.0,0.0
2023-03-31,US,RW,3.5,3.6,2018-03-31,2023-02-28,-0.10000000000000009,0.10000000000000009,0.010000000000000018
2023-03-31,AU,AR(1),3.59653,3.7594805817775554,2018-03-31,2023-02-28,-0.1629505817775554,0.1629505817775554,0.026552892101643768
2023-03-31,CA,AR(1),5.1,5.376005971770934,2018-03-31,2023-02-28,-0.27600597177093444,0.27600597177093444,0.07617929645321786
2023-03-31,DE,AR(1),3.0,3.0310361874068086,2018-03-31,2023-02-28,-0.03103618740680858,0.03103618740680858,0.0009632449287505435
2023-03-31,FR,AR(1),7.1,7.182392118246426,2018-03-31,2023-02-28,-0.08239211824642645,0.08239211824642645,0.006788461149133118
2023-03-31,GB,AR(1),3.9,4.016576162471534,2018-03-31,2023-02-28,-0.1165761624715338,0.1165761624715338,0.013590001656589445
2023-03-31,IT,AR(1),7.9,7.94770129334231,2018-03-31,2023-02-28,-0.04770129334230955,0.04770129334230955,0.0022754133865290653
2023-03-31,JP,AR(1),2.7,2.601865761624718,2018-03-31,2023-02-28,0.09813423837528212,0.09813423837528212,0.009630328741496694
2023-03-31,KR,AR(1),2.7,2.7922382753859485,2018-03-31,2023-02-28,-0.09223827538594831,0.09223827538594831,0.008507899446174038
2023-03-31,US,AR(1),3.5,3.7499471583153463,2018-03-31,2023-02-28,-0.2499471583153463,0.2499471583153463,0.06247358194991679
2023-04-30,AU,RW,3.703707,3.59653,2018-04-30,2023-03-31,0.10717700000000008,0.10717700000000008,0.011486909329000016
2023-04-30,CA,RW,5.1,5.1,2018-04-30,2023-03-31,0.0,0.0,0.0
2023-04-30,DE,RW,3.0,3.0,2018-04-30,2023-03-31,0.0,0.0,0.0
2023-04-30,FR,RW,7.3,7.1,2018-04-30,2023-03-31,0.20000000000000018,0.20000000000000018,0.04000000000000007
2023-04-30,GB,RW,4.0,3.9,2018-04-30,2023-03-31,0.10000000000000009,0.10000000000000009,0.010000000000000018
2023-04-30,IT,RW,7.9,7.9,2018-04-30,2023-03-31,0.0,0.0,0.0
2023-04-30,JP,RW,2.6,2.7,2018-04-30,2023-03-31,-0.10000000000000009,0.10000000000000009,0.010000000000000018
2023-04-30,KR,RW,2.6,2.7,2018-04-30,2023-03-31,-0.10000000000000009,0.10000000000000009,0.010000000000000018
2023-04-30,US,RW,3.4,3.5,2018-04-30,2023-03-31,-0.10000000000000009,0.10000000000000009,0.010000000000000018
2023-04-30,AU,AR(1),3.703707,3.7430196911248,2018-04-30,2023-03-31,-0.03931269112479985,0.03931269112479985,0.0015454876834739167
2023-04-30,CA,AR(1),5.1,5.287619557280804,2018-04-30,2023-03-31,-0.18761955728080437,0.18761955728080437,0.03520109827424503
2023-04-30,DE,AR(1),3.0,3.030366847320688,2018-04-30,2023-03-31,-0.030366847320688173,0.030366847320688173,0.0009221454161979864
2023-04-30,FR,AR(1),7.3,7.177778861741852,2018-04-30,2023-03-31,0.12222113825814773,0.12222113825814773,0.014938006637117264
2023-04-30,GB,AR(1),4.0,3.9263930442509483,2018-04-30,2023-03-31,0.07360695574905174,0.07360695574905174,0.005417983934642861
2023-04-30,IT,AR(1),7.9,8.02941720859877,2018-04-30,2023-03-31,-0.12941720859877037,0.12941720859877037,0.016748813881497644
2023-04-30,JP,AR(1),2.6,2.6918093044310876,2018-04-30,2023-03-31,-0.09180930443108748,0.09180930443108748,0.008428948380120099
2023-04-30,KR,AR(1),2.6,2.7850299457558583,2018-04-30,2023-03-31,-0.18502994575585818,0.18502994575585818,0.03423608082641582
2023-04-30,US,AR(1),3.4,3.660553297130625,2018-04-30,2023-03-31,-0.26055329713062525,0.26055329713062525,0.06788802064563988
2023-05-31,AU,RW,3.590103,3.703707,2018-05-31,2023-04-30,-0.11360400000000004,0.11360400000000004,0.012905868816000008
2023-05-31,CA,RW,5.2,5.1,2018-05-31,2023-04-30,0.10000000000000053,0.10000000000000053,0.010000000000000106
2023-05-31,DE,RW,3.0,3.0,2018-05-31,2023-04-30,0.0,0.0,0.0
2023-05-31,FR,RW,7.3,7.3,2018-05-31,2023-04-30,0.0,0.0,0.0
2023-05-31,GB,RW,4.2,4.0,2018-05-31,2023-04-30,0.20000000000000018,0.20000000000000018,0.04000000000000007
2023-05-31,IT,RW,7.8,7.9,2018-05-31,2023-04-30,-0.10000000000000053,0.10000000000000053,0.010000000000000106
2023-05-31,JP,RW,2.5,2.6,2018-05-31,2023-04-30,-0.10000000000000009,0.10000000000000009,0.010000000000000018
2023-05-31,KR,RW,2.5,2.6,2018-05-31,2023-04-30,-0.10000000000000009,0.10000000000000009,0.010000000000000018
2023-05-31,US,RW,3.6,3.4,2018-05-31,2023-04-30,0.20000000000000018,0.20000000000000018,0.04000000000000007
2023-05-31,AU,AR(1),3.590103,3.8345778914767457,2018-05-31,2023-04-30,-0.24447489147674561,0.24447489147674561,0.059767972562566545
2023-05-31,CA,AR(1),5.2,5.285569812374385,2018-05-31,2023-04-30,-0.0855698123743851,0.0855698123743851,0.00732219278978747
2023-05-31,DE,AR(1),3.0,3.0313216705142425,2018-05-31,2023-04-30,-0.031321670514242506,0.031321670514242506,0.0009810470438027684
2023-05-31,FR,AR(1),7.3,7.354277742875316,2018-05-31,2023-04-30,-0.05427774287531584,0.05427774287531584,0.0029460733716388993
2023-05-31,GB,AR(1),4.2,4.015479383041065,2018-05-31,2023-04-30,0.1845206169589355,0.1845206169589355,0.0340478580829062
2023-05-31,IT,AR(1),7.8,8.022878962051042,2018-05-31,2023-04-30,-0.22287896205104207,0.22287896205104207,0.04967503172494985
2023-05-31,JP,AR(1),2.5,2.602458781040328,2018-05-31,2023-04-30,-0.1024587810403279,0.1024587810403279,0.010497801812269857
2023-05-31,KR,AR(1),2.5,2.6956486985541934,2018-05-31,2023-04-30,-0.19564869855419342,0.19564869855419342,0.03827841324594965
2023-05-31,US,AR(1),3.6,3.569215877040315,2018-05-31,2023-04-30,0.030784122959685245,0.030784122959685245,0.0009476622263970202
2023-06-30,AU,RW,3.518124,3.590103,2018-06-30,2023-05-31,-0.07197900000000024,0.07197900000000024,0.0051809764410000346
2023-06-30,CA,RW,5.4,5.2,2018-06-30,2023-05-31,0.20000000000000018,0.20000000000000018,0.04000000000000007
2023-06-30,DE,RW,3.0,3.0,2018-06-30,2023-05-31,0.0,0.0,0.0
2023-06-30,FR,RW,7.3,7.3,2018-06-30,2023-05-31,0.0,0.0,0.0
2023-06-30,GB,RW,4.4,4.2,2018-06-30,2023-05-31,0.20000000000000018,0.20000000000000018,0.04000000000000007
2023-06-30,IT,RW,7.5,7.8,2018-06-30,2023-05-31,-0.2999999999999998,0.2999999999999998,0.0899999999999999
2023-06-30,JP,RW,2.5,2.5,2018-06-30,2023-05-31,0.0,0.0,0.0
2023-06-30,KR,RW,2.6,2.5,2018-06-30,2023-05-31,0.10000000000000009,0.10000000000000009,0.010000000000000018
2023-06-30,US,RW,3.6,3.6,2018-06-30,2023-05-31,0.0,0.0,0.0
2023-06-30,AU,AR(1),3.518124,3.729820974807846,2018-06-30,2023-05-31,-0.21169697480784633,0.21169697480784633,0.04481560914279392
2023-06-30,CA,AR(1),5.4,5.371314371102484,2018-06-30,2023-05-31,0.02868562889751658,0.02868562889751658,0.0008228653052460383
2023-06-30,DE,AR(1),3.0,3.0307417146043028,2018-06-30,2023-05-31,-0.03074171460430275,0.03074171460430275,0.000945053016812401
2023-06-30,FR,AR(1),7.3,7.35174072193132,2018-06-30,2023-05-31,-0.05174072193132062,0.05174072193132062,0.0026771023059742427
2023-06-30,GB,AR(1),4.4,4.198015262267923,2018-06-30,2023-05-31,0.2019847377320776,0.2019847377320776,0.04079783427669617
2023-06-30,IT,AR(1),7.5,7.92952659896542,2018-06-30,2023-05-31,-0.42952659896541956,0.42952659896541956,0.18449309921880036
2023-06-30,JP,AR(1),2.5,2.517802763675991,2018-06-30,2023-05-31,-0.017802763675990985,0.017802763675990985,0.00031693839450318403
2023-06-30,KR,AR(1),2.6,2.6028155893829603,2018-06-30,2023-05-31,-0.0028155893829602263,0.0028155893829602263,7.927543573438348e-06
2023-06-30,US,AR(1),3.6,3.7501028651835324,2018-06-30,2023-05-31,-0.15010286518353233,0.15010286518353233,0.022530870136305683
2023-07-31,AU,RW,3.711599,3.518124,2018-07-31,2023-06-30,0.19347500000000029,0.19347500000000029,0.03743257562500011
2023-07-31,CA,RW,5.4,5.4,2018-07-31,2023-06-30,0.0,0.0,0.0
2023-07-31,DE,RW,3.0,3.0,2018-07-31,2023-06-30,0.0,0.0,0.0
2023-07-31,FR,RW,7.4,7.3,2018-07-31,2023-06-30,0.10000000000000053,0.10000000000000053,0.010000000000000106
2023-07-31,GB,RW,4.3,4.4,2018-07-31,2023-06-30,-0.10000000000000053,0.10000000000000053,0.010000000000000106
2023-07-31,IT,RW,7.8,7.5,2018-07-31,2023-06-30,0.2999999999999998,0.2999999999999998,0.0899999999999999
2023-07-31,JP,RW,2.6,2.5,2018-07-31,2023-06-30,0.10000000000000009,0.10000000000000009,0.010000000000000018
2023-07-31,KR,RW,2.9,2.6,2018-07-31,2023-06-30,0.2999999999999998,0.2999999999999998,0.0899999999999999
2023-07-31,US,RW,3.5,3.6,2018-07-31,2023-06-30,-0.10000000000000009,0.10000000000000009,0.010000000000000018
2023-07-31,AU,AR(1),3.711599,3.6615806278511926,2018-07-31,2023-06-30,0.050018372148807444,0.050018372148807444,0.0025018375524165962
2023-07-31,CA,AR(1),5.4,5.546607715575634,2018-07-31,2023-06-30,-0.1466077155756338,0.1466077155756338,0.021493822266305935
2023-07-31,DE,AR(1),3.0,3.030058087319327,2018-07-31,2023-06-30,-0.0300580873193268,0.0300580873193268,0.0009034886132962745
2023-07-31,FR,AR(1),7.4,7.349189438591264,2018-07-31,2023-06-30,0.05081056140873663,0.05081056140873663,0.0025817131506709963
2023-07-31,GB,AR(1),4.3,4.378352304124937,2018-07-31,2023-06-30,-0.07835230412493743,0.07835230412493743,0.006139083561686688
2023-07-31,IT,AR(1),7.8,7.650816124958502,2018-07-31,2023-06-30,0.14918387504149777,0.14918387504149777,0.02225582857239722
2023-07-31,JP,AR(1),2.6,2.5149451263414084,2018-07-31,2023-06-30,0.08505487365859166,0.08505487365859166,0.007234331533078989
2023-07-31,KR,AR(1),2.9,2.6924900827183453,2018-07-31,2023-06-30,0.20750991728165458,0.20750991728165458,0.043060365770239126
2023-07-31,US,AR(1),3.5,3.745059262263842,2018-07-31,2023-06-30,-0.24505926226384211,0.24505926226384211,0.060054042021298555
2023-08-31,AU,RW,3.678611,3.711599,2018-08-31,2023-07-31,-0.03298800000000002,0.03298800000000002,0.0010882081440000012
2023-08-31,CA,RW,5.4,5.4,2018-08-31,2023-07-31,0.0,0.0,0.0
2023-08-31,DE,RW,3.1,3.0,2018-08-31,2023-07-31,0.10000000000000009,0.10000000000000009,0.010000000000000018
2023-08-31,FR,RW,7.4,7.4,2018-08-31,2023-07-31,0.0,0.0,0.0
2023-08-31,GB,RW,4.1,4.3,2018-08-31,2023-07-31,-0.20000000000000018,0.20000000000000018,0.04000000000000007
2023-08-31,IT,RW,7.6,7.8,2018-08-31,2023-07-31,-0.20000000000000018,0.20000000000000018,0.04000000000000007
2023-08-31,JP,RW,2.6,2.6,2018-08-31,2023-07-31,0.0,0.0,0.0
2023-08-31,KR,RW,2.7,2.9,2018-08-31,2023-07-31,-0.19999999999999973,0.19999999999999973,0.0399999999999999
2023-08-31,US,RW,3.7,3.5,2018-08-31,2023-07-31,0.20000000000000018,0.20000000000000018,0.04000000000000007
2023-08-31,AU,AR(1),3.678611,3.833424731133108,2018-08-31,2023-07-31,-0.15481373113310815,0.15481373113310815,0.0239672913473543
2023-08-31,CA,AR(1),5.4,5.547711709070453,2018-08-31,2023-07-31,-0.14771170907045228,0.14771170907045228,0.021818748996513933
2023-08-31,DE,AR(1),3.1,3.029796832704658,2018-08-31,2023-07-31,0.07020316729534226,0.07020316729534226,0.004928484698297813
2023-08-31,FR,AR(1),7.4,7.436065008671537,2018-08-31,2023-07-31,-0.03606500867153706,0.03606500867153706,0.0013006848504780431
2023-08-31,GB,AR(1),4.1,4.289121044680018,2018-08-31,2023-07-31,-0.189121044680018,0.189121044680018,0.035766769540861366
2023-08-31,IT,AR(1),7.6,7.921533350914886,2018-08-31,2023-07-31,-0.3215333509148861,0.3215333509148861,0.1033836957505553
2023-08-31,JP,AR(1),2.6,2.603430995035555,2018-08-31,2023-07-31,-0.0034309950355551067,0.0034309950355551067,1.1771726934003787e-05
2023-08-31,KR,AR(1),2.7,2.9573374631243694,2018-08-31,2023-07-31,-0.2573374631243692,0.2573374631243692,0.06622256992728609
2023-08-31,US,AR(1),3.7,3.6582983923647667,2018-08-31,2023-07-31,0.04170160763523345,0.04170160763523345,0.001739024079362961
2023-09-30,AU,RW,3.556344,3.678611,2018-09-30,2023-08-31,-0.1222669999999999,0.1222669999999999,0.014949219288999976
2023-09-30,CA,RW,5.5,5.4,2018-09-30,2023-08-31,0.09999999999999964,0.09999999999999964,0.009999999999999929
2023-09-30,DE,RW,3.1,3.1,2018-09-30,2023-08-31,0.0,0.0,0.0
2023-09-30,FR,RW,7.4,7.4,2018-09-30,2023-08-31,0.0,0.0,0.0
2023-09-30,GB,RW,4.0,4.1,2018-09-30,2023-08-31,-0.09999999999999964,0.09999999999999964,0.009999999999999929
2023-09-30,IT,RW,7.7,7.6,2018-09-30,2023-08-31,0.10000000000000053,0.10000000000000053,0.010000000000000106
2023-09-30,JP,RW,2.6,2.6,2018-09-30,2023-08-31,0.0,0.0,0.0
2023-09-30,KR,RW,2.8,2.7,2018-09-30,2023-08-31,0.09999999999999964,0.09999999999999964,0.009999999999999929
2023-09-30,US,RW,3.7,3.7,2018-09-30,2023-08-31,0.0,0.0,0.0
2023-09-30,AU,AR(1),3.556344,3.800939122946423,2018-09-30,2023-08-31,-0.24459512294642272,0.24459512294642272,0.059826774169175645
2023-09-30,CA,AR(1),5.5,5.544472433138412,2018-09-30,2023-08-31,-0.04447243313841209,0.04447243313841209,0.001977797309250534
2023-09-30,DE,AR(1),3.1,3.1192290986251314,2018-09-30,2023-08-31,-0.019229098625131336,0.019229098625131336,0.0003697582339350278
2023-09-30,FR,AR(1),7.4,7.43436740793183,2018-09-30,2023-08-31,-0.03436740793182924,0.03436740793182924,0.0011811187279527594
2023-09-30,GB,AR(1),4.0,4.108202076095846,2018-09-30,2023-08-31,-0.10820207609584642,0.10820207609584642,0.011707689271451339
2023-09-30,IT,AR(1),7.7,7.737593836895592,2018-09-30,2023-08-31,-0.03759383689559215,0.03759383689559215,0.0014132965725323855
2023-09-30,JP,AR(1),2.6,2.603619541927585,2018-09-30,2023-08-31,-0.003619541927585068,0.003619541927585068,1.310108376554623e-05
2023-09-30,KR,AR(1),2.8,2.762071345857277,2018-09-30,2023-08-31,0.03792865414272262,0.03792865414272262,0.0014385828050782696
2023-09-30,US,AR(1),3.7,3.8369874768583316,2018-09-30,2023-08-31,-0.13698747685833146,0.13698747685833146,0.018765568816011897
2023-10-31,AU,RW,3.778222,3.556344,2018-10-31,2023-09-30,0.2218779999999998,0.2218779999999998,0.04922984688399991
2023-10-31,CA,RW,5.7,5.5,2018-10-31,2023-09-30,0.20000000000000018,0.20000000000000018,0.04000000000000007
2023-10-31,DE,RW,3.1,3.1,2018-10-31,2023-09-30,0.0,0.0,0.0
2023-10-31,FR,RW,7.5,7.4,2018-10-31,2023-09-30,0.09999999999999964,0.09999999999999964,0.009999999999999929
2023-10-31,GB,RW,4.0,4.0,2018-10-31,2023-09-30,0.0,0.0,0.0
2023-10-31,IT,RW,7.7,7.7,2018-10-31,2023-09-30,0.0,0.0,0.0
2023-10-31,JP,RW,2.5,2.6,2018-10-31,2023-09-30,-0.10000000000000009,0.10000000000000009,0.010000000000000018
2023-10-31,KR,RW,2.6,2.8,2018-10-31,2023-09-30,-0.19999999999999973,0.19999999999999973,0.0399999999999999
2023-10-31,US,RW,3.9,3.7,2018-10-31,2023-09-30,0.19999999999999973,0.19999999999999973,0.0399999999999999
2023-10-31,AU,AR(1),3.778222,3.691344133961503,2018-10-31,2023-09-30,0.08687786603849679,0.08687786603849679,0.007547763607402993
2023-10-31,CA,AR(1),5.7,5.636299765105772,2018-10-31,2023-09-30,0.06370023489422838,0.06370023489422838,0.004057719925579871
2023-10-31,DE,AR(1),3.1,3.120659000139603,2018-10-31,2023-09-30,-0.020659000139602757,0.020659000139602757,0.00042679428676810675
2023-10-31,FR,AR(1),7.5,7.431325009814577,2018-10-31,2023-09-30,0.06867499018542311,0.06867499018542311,0.004716254276967961
2023-10-31,GB,AR(1),4.0,4.018212748562007,2018-10-31,2023-09-30,-0.018212748562007164,0.018212748562007164,0.00033170421018289403
2023-10-31,IT,AR(1),7.7,7.821938667783487,2018-10-31,2023-09-30,-0.12193866778348639,0.12193866778348639,0.01486903870081146
2023-10-31,JP,AR(1),2.5,2.6071438585050535,2018-10-31,2023-09-30,-0.10714385850505348,0.10714385850505348,0.01147980641535092
2023-10-31,KR,AR(1),2.6,2.856486720653905,2018-10-31,2023-09-30,-0.25648672065390477,0.25648672065390477,0.06578543787179418
2023-10-31,US,AR(1),3.9,3.838181425462058,2018-10-31,2023-09-30,0.06181857453794182,0.06181857453794182,0.003821536157903068
2023-11-30,AU,RW,3.932314,3.778222,2018-11-30,2023-10-31,0.1540919999999999,0.1540919999999999,0.023744344463999967
2023-11-30,CA,RW,5.8,5.7,2018-11-30,2023-10-31,0.09999999999999964,0.09999999999999964,0.009999999999999929
2023-11-30,DE,RW,3.2,3.1,2018-11-30,2023-10-31,0.10000000000000009,0.10000000000000009,0.010000000000000018
2023-11-30,FR,RW,7.6,7.5,2018-11-30,2023-10-31,0.09999999999999964,0.09999999999999964,0.009999999999999929
2023-11-30,GB,RW,3.9,4.0,2018-11-30,2023-10-31,-0.10000000000000009,0.10000000000000009,0.010000000000000018
2023-11-30,IT,RW,7.5,7.7,2018-11-30,2023-10-31,-0.20000000000000018,0.20000000000000018,0.04000000000000007
2023-11-30,JP,RW,2.6,2.5,2018-11-30,2023-10-31,0.10000000000000009,0.10000000000000009,0.010000000000000018
2023-11-30,KR,RW,2.8,2.6,2018-11-30,2023-10-31,0.19999999999999973,0.19999999999999973,0.0399999999999999
2023-11-30,US,RW,3.7,3.9,2018-11-30,2023-10-31,-0.19999999999999973,0.19999999999999973,0.0399999999999999
2023-11-30,AU,AR(1),3.932314,3.889660136874505,2018-11-30,2023-10-31,0.042653863125494684,0.042653863125494684,0.0018193520395284352
2023-11-30,CA,AR(1),5.8,5.8201225870180275,2018-11-30,2023-10-31,-0.020122587018027716,0.020122587018027716,0.00040491850829809756
2023-11-30,DE,AR(1),3.2,3.1208576869721685,2018-11-30,2023-10-31,0.0791423130278317,0.0791423130278317,0.006263505711395299
2023-11-30,FR,AR(1),7.6,7.520442248541292,2018-11-30,2023-10-31,0.07955775145870803,0.07955775145870803,0.006329435817165559
2023-11-30,GB,AR(1),3.9,4.019873833813104,2018-11-30,2023-10-31,-0.11987383381310446,0.11987383381310446,0.014369736033051786
2023-11-30,IT,AR(1),7.5,7.813412126016862,2018-11-30,2023-10-31,-0.3134121260168623,0.3134121260168623,0.09822716073440958
2023-11-30,JP,AR(1),2.6,2.5162276934208236,2018-11-30,2023-10-31,0.08377230657917645,0.08377230657917645,0.0070177993495955295
2023-11-30,KR,AR(1),2.8,2.6766261476276174,2018-11-30,2023-10-31,0.12337385237238241,0.12337385237238241,0.015221107449202409
2023-11-30,US,AR(1),3.7,4.017564568804461,2018-11-30,2023-10-31,-0.3175645688044604,0.3175645688044604,0.10084725535996285
2023-12-31,AU,RW,3.987057,3.932314,2018-12-31,2023-11-30,0.05474300000000021,0.05474300000000021,0.0029967960490000227
2023-12-31,CA,RW,5.8,5.8,2018-12-31,2023-11-30,0.0,0.0,0.0
2023-12-31,DE,RW,3.2,3.2,2018-12-31,2023-11-30,0.0,0.0,0.0
2023-12-31,FR,RW,7.6,7.6,2018-12-31,2023-11-30,0.0,0.0,0.0
2023-12-31,GB,RW,4.1,3.9,2018-12-31,2023-11-30,0.19999999999999973,0.19999999999999973,0.0399999999999999
2023-12-31,IT,RW,7.1,7.5,2018-12-31,2023-11-30,-0.40000000000000036,0.40000000000000036,0.16000000000000028
2023-12-31,JP,RW,2.5,2.6,2018-12-31,2023-11-30,-0.10000000000000009,0.10000000000000009,0.010000000000000018
2023-12-31,KR,RW,2.8,2.8,2018-12-31,2023-11-30,0.0,0.0,0.0
2023-12-31,US,RW,3.8,3.7,2018-12-31,2023-11-30,0.09999999999999964,0.09999999999999964,0.009999999999999929
2023-12-31,AU,AR(1),3.987057,4.023746766539295,2018-12-31,2023-11-30,-0.03668976653929512,0.03668976653929512,0.00134613896870798
2023-12-31,CA,AR(1),5.8,5.908338991441181,2018-12-31,2023-11-30,-0.10833899144118142,0.10833899144118142,0.011737337066492382
2023-12-31,DE,AR(1),3.2,3.2107033645296985,2018-12-31,2023-11-30,-0.010703364529698334,0.010703364529698334,0.00011456201225560443
2023-12-31,FR,AR(1),7.6,7.6093661101164045,2018-12-31,2023-11-30,-0.009366110116404869,0.009366110116404869,8.772401871262162e-05
2023-12-31,GB,AR(1),4.1,3.9299617758539522,2018-12-31,2023-11-30,0.1700382241460474,0.1700382241460474,0.02891299767074146
2023-12-31,IT,AR(1),7.1,7.629358807585881,2018-12-31,2023-11-30,-0.529358807585881,0.529358807585881,0.28022074716874584
2023-12-31,JP,AR(1),2.5,2.6046134159698267,2018-12-31,2023-11-30,-0.10461341596982665,0.10461341596982665,0.010943966800875981
2023-12-31,KR,AR(1),2.8,2.8551389492922046,2018-12-31,2023-11-30,-0.05513894929220475,0.05513894929220475,0.003040303729048327
2023-12-31,US,AR(1),3.8,3.8378128003497327,2018-12-31,2023-11-30,-0.03781280034973289,0.03781280034973289,0.0014298078702887596
2024-01-31,AU,RW,4.092523,3.987057,2019-01-31,2023-12-31,0.10546599999999984,0.10546599999999984,0.011123077155999965
2024-01-31,CA,RW,5.7,5.8,2019-01-31,2023-12-31,-0.09999999999999964,0.09999999999999964,0.009999999999999929
2024-01-31,DE,RW,3.2,3.2,2019-01-31,2023-12-31,0.0,0.0,0.0
2024-01-31,FR,RW,7.6,7.6,2019-01-31,2023-12-31,0.0,0.0,0.0
2024-01-31,GB,RW,4.2,4.1,2019-01-31,2023-12-31,0.10000000000000053,0.10000000000000053,0.010000000000000106
2024-01-31,IT,RW,7.1,7.1,2019-01-31,2023-12-31,0.0,0.0,0.0
2024-01-31,JP,RW,2.5,2.5,2019-01-31,2023-12-31,0.0,0.0,0.0
2024-01-31,KR,RW,2.8,2.8,2019-01-31,2023-12-31,0.0,0.0,0.0
2024-01-31,US,RW,3.7,3.8,2019-01-31,2023-12-31,-0.09999999999999964,0.09999999999999964,0.009999999999999929
2024-01-31,AU,AR(1),4.092523,4.07159456683703,2019-01-31,2023-12-31,0.020928433162969995,0.020928433162969995,0.00043799931465690226
2024-01-31,CA,AR(1),5.7,5.909620100566836,2019-01-31,2023-12-31,-0.2096201005668359,0.2096201005668359,0.04394058656165039
2024-01-31,DE,AR(1),3.2,3.2108495307475016,2019-01-31,2023-12-31,-0.01084953074750139,0.01084953074750139,0.00011771231744097807
2024-01-31,FR,AR(1),7.6,7.6053994112874195,2019-01-31,2023-12-31,-0.005399411287419831,0.005399411287419831,2.9153642250716673e-05
2024-01-31,GB,AR(1),4.2,4.111148536806384,2019-01-31,2023-12-31,0.08885146319361592,0.08885146319361592,0.007894582511646485
2024-01-31,IT,AR(1),7.1,7.266078504172593,2019-01-31,2023-12-31,-0.16607850417259318,0.16607850417259318,0.02758206954820605
2024-01-31,JP,AR(1),2.5,2.514848886598797,2019-01-31,2023-12-31,-0.014848886598796796,0.014848886598796796,0.00022048943322392706
2024-01-31,KR,AR(1),2.8,2.8559229715179426,2019-01-31,2023-12-31,-0.05592297151794279,0.05592297151794279,0.0031273787433966404
2024-01-31,US,AR(1),3.7,3.925135009683596,2019-01-31,2023-12-31,-0.225135009683596,0.225135009683596,0.050685772585232866
2024-02-29,AU,RW,3.741341,4.092523,2019-02-28,2024-01-31,-0.3511820000000001,0.3511820000000001,0.12332879712400008
2024-02-29,CA,RW,5.9,5.7,2019-02-28,2024-01-31,0.20000000000000018,0.20000000000000018,0.04000000000000007
2024-02-29,DE,RW,3.2,3.2,2019-02-28,2024-01-31,0.0,0.0,0.0
2024-02-29,FR,RW,7.5,7.6,2019-02-28,2024-01-31,-0.09999999999999964,0.09999999999999964,0.009999999999999929
2024-02-29,GB,RW,4.3,4.2,2019-02-28,2024-01-31,0.09999999999999964,0.09999999999999964,0.009999999999999929
2024-02-29,IT,RW,7.3,7.1,2019-02-28,2024-01-31,0.20000000000000018,0.20000000000000018,0.04000000000000007
2024-02-29,JP,RW,2.6,2.5,2019-02-28,2024-01-31,0.10000000000000009,0.10000000000000009,0.010000000000000018
2024-02-29,KR,RW,2.7,2.8,2019-02-28,2024-01-31,-0.09999999999999964,0.09999999999999964,0.009999999999999929
2024-02-29,US,RW,3.9,3.7,2019-02-28,2024-01-31,0.19999999999999973,0.19999999999999973,0.0399999999999999
2024-02-29,AU,AR(1),3.741341,4.16375364678792,2019-02-28,2024-01-31,-0.4224126467879201,0.4224126467879201,0.17843244416637616
2024-02-29,CA,AR(1),5.9,5.818176307627138,2019-02-28,2024-01-31,0.08182369237286213,0.08182369237286213,0.006695116633528777
2024-02-29,DE,AR(1),3.2,3.2126938329473633,2019-02-28,2024-01-31,-0.012693832947363148,0.012693832947363148,0.0001611333948955622
2024-02-29,FR,AR(1),7.5,7.603011228217823,2019-02-28,2024-01-31,-0.10301122821782283,0.10301122821782283,0.010611313138944378
2024-02-29,GB,AR(1),4.3,4.199823145978071,2019-02-28,2024-01-31,0.100176854021929,0.100176854021929,0.010035402081730871
2024-02-29,IT,AR(1),7.3,7.259423022477242,2019-02-28,2024-01-31,0.040576977522757574,0.040576977522757574,0.0016464911048823733
2024-02-29,JP,AR(1),2.6,2.5148207910555485,2019-02-28,2024-01-31,0.08517920894445163,0.08517920894445163,0.007255497636402549
2024-02-29,KR,AR(1),2.7,2.8507003513201443,2019-02-28,2024-01-31,-0.15070035132014414,0.15070035132014414,0.02271059588801487
2024-02-29,US,AR(1),3.9,3.8330673693069555,2019-02-28,2024-01-31,0.06693263069304445,0.06693263069304445,0.004479977051491476
2024-03-31,AU,RW,3.90005,3.741341,2019-03-31,2024-02-29,0.158709,0.158709,0.025188546680999995
2024-03-31,CA,RW,6.1,5.9,2019-03-31,2024-02-29,0.1999999999999993,0.1999999999999993,0.039999999999999716
2024-03-31,DE,RW,3.3,3.2,2019-03-31,2024-02-29,0.09999999999999964,0.09999999999999964,0.009999999999999929
2024-03-31,FR,RW,7.4,7.5,2019-03-31,2024-02-29,-0.09999999999999964,0.09999999999999964,0.009999999999999929
2024-03-31,GB,RW,4.4,4.3,2019-03-31,2024-02-29,0.10000000000000053,0.10000000000000053,0.010000000000000106
2024-03-31,IT,RW,6.9,7.3,2019-03-31,2024-02-29,-0.39999999999999947,0.39999999999999947,0.1599999999999996
2024-03-31,JP,RW,2.6,2.6,2019-03-31,2024-02-29,0.0,0.0,0.0
2024-03-31,KR,RW,2.8,2.7,2019-03-31,2024-02-29,0.09999999999999964,0.09999999999999964,0.009999999999999929
2024-03-31,US,RW,3.9,3.9,2019-03-31,2024-02-29,0.0,0.0,0.0
2024-03-31,AU,AR(1),3.90005,3.8477506525418064,2019-03-31,2024-02-29,0.052299347458193424,0.052299347458193424,0.002735221744552843
2024-03-31,CA,AR(1),6.1,5.997090465597486,2019-03-31,2024-02-29,0.10290953440251371,0.10290953440251371,0.010590372270942153
2024-03-31,DE,AR(1),3.3,3.213150596597821,2019-03-31,2024-02-29,0.08684940340217873,0.08684940340217873,0.007542818871314374
2024-03-31,FR,AR(1),7.4,7.512593314038099,2019-03-31,2024-02-29,-0.11259331403809902,0.11259331403809902,0.012677254366081987
2024-03-31,GB,AR(1),4.4,4.293411093171313,2019-03-31,2024-02-29,0.10658890682868716,0.10658890682868716,0.011361195058934551
2024-03-31,IT,AR(1),6.9,7.432701537440409,2019-03-31,2024-02-29,-0.5327015374404089,0.5327015374404089,0.2837709279913754
2024-03-31,JP,AR(1),2.6,2.6064748575779695,2019-03-31,2024-02-29,-0.006474857577969395,0.006474857577969395,4.19237806549877e-05
2024-03-31,KR,AR(1),2.8,2.7607938085784363,2019-03-31,2024-02-29,0.03920619142156356,0.03920619142156356,0.0015371254457842843
2024-03-31,US,AR(1),3.9,4.01652864686117,2019-03-31,2024-02-29,-0.11652864686117015,0.11652864686117015,0.0135789255392953
2024-04-30,AU,RW,4.081468,3.90005,2019-04-30,2024-03-31,0.1814180000000003,0.1814180000000003,0.03291249072400011
2024-04-30,CA,RW,6.2,6.1,2019-04-30,2024-03-31,0.10000000000000053,0.10000000000000053,0.010000000000000106
2024-04-30,DE,RW,3.4,3.3,2019-04-30,2024-03-31,0.10000000000000009,0.10000000000000009,0.010000000000000018
2024-04-30,FR,RW,7.4,7.4,2019-04-30,2024-03-31,0.0,0.0,0.0
2024-04-30,GB,RW,4.4,4.4,2019-04-30,2024-03-31,0.0,0.0,0.0
2024-04-30,IT,RW,6.8,6.9,2019-04-30,2024-03-31,-0.10000000000000053,0.10000000000000053,0.010000000000000106
2024-04-30,JP,RW,2.6,2.6,2019-04-30,2024-03-31,0.0,0.0,0.0
2024-04-30,KR,RW,2.8,2.8,2019-04-30,2024-03-31,0.0,0.0,0.0
2024-04-30,US,RW,3.9,3.9,2019-04-30,2024-03-31,0.0,0.0,0.0
2024-04-30,AU,AR(1),4.081468,3.986004371046945,2019-04-30,2024-03-31,0.09546362895305505,0.09546362895305505,0.00911330445288657
2024-04-30,CA,AR(1),6.2,6.1768250674612135,2019-04-30,2024-03-31,0.023174932538786663,0.023174932538786663,0.0005370774981773128
2024-04-30,DE,AR(1),3.4,3.303434330954523,2019-04-30,2024-03-31,0.09656566904547681,0.09656566904547681,0.009324928438200559
2024-04-30,FR,AR(1),7.4,7.420214980299819,2019-04-30,2024-03-31,-0.020214980299818386,0.020214980299818386,0.00040864542852204545
2024-04-30,GB,AR(1),4.4,4.38436216938033,2019-04-30,2024-03-31,0.015637830619670723,0.015637830619670723,0.00024454174648951124
2024-04-30,IT,AR(1),6.8,7.069673508025813,2019-04-30,2024-03-31,-0.26967350802581347,0.26967350802581347,0.07272380093094848
2024-04-30,JP,AR(1),2.6,2.605189422018987,2019-04-30,2024-03-31,-0.005189422018986978,0.005189422018986978,2.6930100891146882e-05
2024-04-30,KR,AR(1),2.8,2.8483085987205885,2019-04-30,2024-03-31,-0.04830859872058868,0.04830859872058868,0.002333720710346862
2024-04-30,US,AR(1),3.9,4.016351924247786,2019-04-30,2024-03-31,-0.11635192424778618,0.11635192424778618,0.013537770276162573
2024-05-31,AU,RW,4.005112,4.081468,2019-05-31,2024-04-30,-0.07635600000000053,0.07635600000000053,0.005830238736000082
2024-05-31,CA,RW,6.3,6.2,2019-05-31,2024-04-30,0.09999999999999964,0.09999999999999964,0.009999999999999929
2024-05-31,DE,RW,3.4,3.4,2019-05-31,2024-04-30,0.0,0.0,0.0
2024-05-31,FR,RW,7.4,7.4,2019-05-31,2024-04-30,0.0,0.0,0.0
2024-05-31,GB,RW,4.2,4.4,2019-05-31,2024-04-30,-0.20000000000000018,0.20000000000000018,0.04000000000000007
2024-05-31,IT,RW,6.5,6.8,2019-05-31,2024-04-30,-0.2999999999999998,0.2999999999999998,0.0899999999999999
2024-05-31,JP,RW,2.6,2.6,2019-05-31,2024-04-30,0.0,0.0,0.0
2024-05-31,KR,RW,2.8,2.8,2019-05-31,2024-04-30,0.0,0.0,0.0
2024-05-31,US,RW,3.9,3.9,2019-05-31,2024-04-30,0.0,0.0,0.0
2024-05-31,AU,AR(1),4.005112,4.1452310299888895,2019-05-31,2024-04-30,-0.14011902998888992,0.14011902998888992,0.019633342565027433
2024-05-31,CA,AR(1),6.3,6.2694405835644265,2019-05-31,2024-04-30,0.03055941643557336,0.03055941643557336,0.0009338779328827913
2024-05-31,DE,AR(1),3.4,3.395520522801007,2019-05-31,2024-04-30,0.004479477198993109,0.004479477198993109,2.006571597629915e-05
2024-05-31,FR,AR(1),7.4,7.421287819235858,2019-05-31,2024-04-30,-0.021287819235857874,0.021287819235857874,0.00045317124781856053
2024-05-31,GB,AR(1),4.2,4.385359979745525,2019-05-31,2024-04-30,-0.18535997974552476,0.18535997974552476,0.03435832209126135
2024-05-31,IT,AR(1),6.5,6.971616190392054,2019-05-31,2024-04-30,-0.47161619039205416,0.47161619039205416,0.22242183103991428
2024-05-31,JP,AR(1),2.6,2.6070786164120143,2019-05-31,2024-04-30,-0.007078616412014238,0.007078616412014238,5.0106810308437324e-05
2024-05-31,KR,AR(1),2.8,2.8434726921755256,2019-05-31,2024-04-30,-0.04347269217552574,0.04347269217552574,0.001889874964988017
2024-05-31,US,AR(1),3.9,4.019042868448343,2019-05-31,2024-04-30,-0.11904286844834333,0.11904286844834333,0.014171204528409576
2024-06-30,AU,RW,4.033387,4.005112,2019-06-30,2024-05-31,0.028275000000000716,0.028275000000000716,0.0007994756250000404
2024-06-30,CA,RW,6.4,6.3,2019-06-30,2024-05-31,0.10000000000000053,0.10000000000000053,0.010000000000000106
2024-06-30,DE,RW,3.4,3.4,2019-06-30,2024-05-31,0.0,0.0,0.0
2024-06-30,FR,RW,7.5,7.4,2019-06-30,2024-05-31,0.09999999999999964,0.09999999999999964,0.009999999999999929
2024-06-30,GB,RW,4.2,4.2,2019-06-30,2024-05-31,0.0,0.0,0.0
2024-06-30,IT,RW,6.7,6.5,2019-06-30,2024-05-31,0.20000000000000018,0.20000000000000018,0.04000000000000007
2024-06-30,JP,RW,2.5,2.6,2019-06-30,2024-05-31,-0.10000000000000009,0.10000000000000009,0.010000000000000018
2024-06-30,KR,RW,2.8,2.8,2019-06-30,2024-05-31,0.0,0.0,0.0
2024-06-30,US,RW,4.1,3.9,2019-06-30,2024-05-31,0.19999999999999973,0.19999999999999973,0.0399999999999999
2024-06-30,AU,AR(1),4.033387,4.074161843819731,2019-06-30,2024-05-31,-0.0407748438197304,0.0407748438197304,0.0016625878885234064
2024-06-30,CA,AR(1),6.4,6.363263261628652,2019-06-30,2024-05-31,0.03673673837134839,0.03673673837134839,0.001349587946164901
2024-06-30,DE,AR(1),3.4,3.3965851149109056,2019-06-30,2024-05-31,0.003414885089094266,0.003414885089094266,1.1661440171718353e-05
2024-06-30,FR,AR(1),7.5,7.418869358337689,2019-06-30,2024-05-31,0.08113064166231077,0.08113064166231077,0.006582181016538275
2024-06-30,GB,AR(1),4.2,4.2051958036403745,2019-06-30,2024-05-31,-0.005195803640374308,0.005195803640374308,2.6996375469326912e-05
2024-06-30,IT,AR(1),6.7,6.699931668319713,2019-06-30,2024-05-31,6.833168028741454e-05,6.833168028741454e-05,4.6692185309014374e-09
2024-06-30,JP,AR(1),2.5,2.6091118764478507,2019-06-30,2024-05-31,-0.1091118764478507,0.1091118764478507,0.011905401581971035
2024-06-30,KR,AR(1),2.8,2.8440324618492125,2019-06-30,2024-05-31,-0.04403246184921272,0.04403246184921272,0.001938857696502374
2024-06-30,US,AR(1),4.1,4.02032834418017,2019-06-30,2024-05-31,0.07967165581982982,0.07967165581982982,0.006347572741073423
2024-07-31,AU,RW,4.191932,4.033387,2019-07-31,2024-06-30,0.15854500000000016,0.15854500000000016,0.02513651702500005
2024-07-31,CA,RW,6.4,6.4,2019-07-31,2024-06-30,0.0,0.0,0.0
2024-07-31,DE,RW,3.4,3.4,2019-07-31,2024-06-30,0.0,0.0,0.0
2024-07-31,FR,RW,7.5,7.5,2019-07-31,2024-06-30,0.0,0.0,0.0
2024-07-31,GB,RW,4.1,4.2,2019-07-31,2024-06-30,-0.10000000000000053,0.10000000000000053,0.010000000000000106
2024-07-31,IT,RW,6.4,6.7,2019-07-31,2024-06-30,-0.2999999999999998,0.2999999999999998,0.0899999999999999
2024-07-31,JP,RW,2.7,2.5,2019-07-31,2024-06-30,0.20000000000000018,0.20000000000000018,0.04000000000000007
2024-07-31,KR,RW,2.7,2.8,2019-07-31,2024-06-30,-0.09999999999999964,0.09999999999999964,0.009999999999999929
2024-07-31,US,RW,4.2,4.1,2019-07-31,2024-06-30,0.10000000000000053,0.10000000000000053,0.010000000000000106
2024-07-31,AU,AR(1),4.191932,4.096535771034205,2019-07-31,2024-06-30,0.09539622896579569,0.09539622896579569,0.009100440500894516
2024-07-31,CA,AR(1),6.4,6.4532337275628375,2019-07-31,2024-06-30,-0.053233727562837174,0.053233727562837174,0.0028338297502343702
2024-07-31,DE,AR(1),3.4,3.3975228816947984,2019-07-31,2024-06-30,0.0024771183052014756,0.0024771183052014756,6.1361150979642306e-06
2024-07-31,FR,AR(1),7.5,7.506723219605801,2019-07-31,2024-06-30,-0.006723219605801134,0.006723219605801134,4.520168186782876e-05
2024-07-31,GB,AR(1),4.1,4.205786214664622,2019-07-31,2024-06-30,-0.10578621466462224,0.10578621466462224,0.011190723213069537
2024-07-31,IT,AR(1),6.4,6.880455134071314,2019-07-31,2024-06-30,-0.48045513407131324,0.48045513407131324,0.23083713585548357
2024-07-31,JP,AR(1),2.7,2.519843841290371,2019-07-31,2024-06-30,0.1801561587096292,0.1801561587096292,0.03245624152100911
2024-07-31,KR,AR(1),2.7,2.8406327665132265,2019-07-31,2024-06-30,-0.14063276651322631,0.14063276651322631,0.01977757501716363
2024-07-31,US,AR(1),4.2,4.201106663758586,2019-07-31,2024-06-30,-0.001106663758585924,0.001106663758585924,1.2247046745675243e-06
2024-08-31,AU,RW,4.125323,4.191932,2019-08-31,2024-07-31,-0.06660900000000058,0.06660900000000058,0.004436758881000077
2024-08-31,CA,RW,6.6,6.4,2019-08-31,2024-07-31,0.1999999999999993,0.1999999999999993,0.039999999999999716
2024-08-31,DE,RW,3.4,3.4,2019-08-31,2024-07-31,0.0,0.0,0.0
2024-08-31,FR,RW,7.5,7.5,2019-08-31,2024-07-31,0.0,0.0,0.0
2024-08-31,GB,RW,4.3,4.1,2019-08-31,2024-07-31,0.20000000000000018,0.20000000000000018,0.04000000000000007
2024-08-31,IT,RW,6.4,6.4,2019-08-31,2024-07-31,0.0,0.0,0.0
2024-08-31,JP,RW,2.5,2.7,2019-08-31,2024-07-31,-0.20000000000000018,0.20000000000000018,0.04000000000000007
2024-08-31,KR,RW,2.6,2.7,2019-08-31,2024-07-31,-0.10000000000000009,0.10000000000000009,0.010000000000000018
2024-08-31,US,RW,4.2,4.2,2019-08-31,2024-07-31,0.0,0.0,0.0
2024-08-31,AU,AR(1),4.125323,4.236108764091679,2019-08-31,2024-07-31,-0.11078576409167873,0.11078576409167873,0.012273485525377091
2024-08-31,CA,AR(1),6.6,6.452972438767789,2019-08-31,2024-07-31,0.1470275612322105,0.1470275612322105,0.02161710376189141
2024-08-31,DE,AR(1),3.4,3.398545235679038,2019-08-31,2024-07-31,0.001454764320961921,0.001454764320961921,2.1163392295437992e-06
2024-08-31,FR,AR(1),7.5,7.5063380528863615,2019-08-31,2024-07-31,-0.006338052886361467,0.006338052886361467,4.017091439031493e-05
2024-08-31,GB,AR(1),4.3,4.116449384190087,2019-08-31,2024-07-31,0.18355061580991272,0.18355061580991272,0.03369082856419818
2024-08-31,IT,AR(1),6.4,6.604093634974611,2019-08-31,2024-07-31,-0.20409363497461097,0.20409363497461097,0.04165421183714975
2024-08-31,JP,AR(1),2.5,2.700010760261746,2019-08-31,2024-07-31,-0.2000107602617458,0.2000107602617458,0.040004304220481554
2024-08-31,KR,AR(1),2.6,2.7466542549603084,2019-08-31,2024-07-31,-0.14665425496030826,0.14665425496030826,0.0215074704979631
2024-08-31,US,AR(1),4.2,4.289966067770148,2019-08-31,2024-07-31,-0.08996606777014815,0.08996606777014815,0.00809389335002289
2024-09-30,AU,RW,4.012471,4.125323,2019-09-30,2024-08-31,-0.11285200000000017,0.11285200000000017,0.01273557390400004
2024-09-30,CA,RW,6.5,6.6,2019-09-30,2024-08-31,-0.09999999999999964,0.09999999999999964,0.009999999999999929
2024-09-30,DE,RW,3.4,3.4,2019-09-30,2024-08-31,0.0,0.0,0.0
2024-09-30,FR,RW,7.5,7.5,2019-09-30,2024-08-31,0.0,0.0,0.0
2024-09-30,GB,RW,4.2,4.3,2019-09-30,2024-08-31,-0.09999999999999964,0.09999999999999964,0.009999999999999929
2024-09-30,IT,RW,6.1,6.4,2019-09-30,2024-08-31,-0.3000000000000007,0.3000000000000007,0.09000000000000043
2024-09-30,JP,RW,2.4,2.5,2019-09-30,2024-08-31,-0.10000000000000009,0.10000000000000009,0.010000000000000018
2024-09-30,KR,RW,2.6,2.6,2019-09-30,2024-08-31,0.0,0.0,0.0
2024-09-30,US,RW,4.1,4.2,2019-09-30,2024-08-31,-0.10000000000000053,0.10000000000000053,0.010000000000000106
2024-09-30,AU,AR(1),4.012471,4.174265949257106,2019-09-30,2024-08-31,-0.16179494925710625,0.16179494925710625,0.026177605605109584
2024-09-30,CA,AR(1),6.5,6.634151615744452,2019-09-30,2024-08-31,-0.134151615744452,0.134151615744452,0.017996656006847103
2024-09-30,DE,AR(1),3.4,3.3995392240629223,2019-09-30,2024-08-31,0.00046077593707760656,0.00046077593707760656,2.1231446418974644e-07
2024-09-30,FR,AR(1),7.5,7.506209131712025,2019-09-30,2024-08-31,-0.0062091317120254175,0.0062091317120254175,3.855331661727969e-05
2024-09-30,GB,AR(1),4.2,4.2967000094935335,2019-09-30,2024-08-31,-0.0967000094935333,0.0967000094935333,0.009350891836049431
2024-09-30,IT,AR(1),6.1,6.5990631598653025,2019-09-30,2024-08-31,-0.4990631598653028,0.4990631598653028,0.2490640375347408
2024-09-30,JP,AR(1),2.4,2.520921551874159,2019-09-30,2024-08-31,-0.12092155187415887,0.12092155187415887,0.014622021707654895
2024-09-30,KR,AR(1),2.6,2.6607214949129605,2019-09-30,2024-08-31,-0.060721494912960416,0.060721494912960416,0.0036870999444646776
2024-09-30,US,AR(1),4.1,4.29246920249142,2019-09-30,2024-08-31,-0.19246920249142008,0.19246920249142008,0.037044393907683264
2024-10-31,AU,RW,4.090812,4.012471,2019-10-31,2024-09-30,0.078341,0.078341,0.006137312280999999
2024-10-31,CA,RW,6.6,6.5,2019-10-31,2024-09-30,0.09999999999999964,0.09999999999999964,0.009999999999999929
2024-10-31,DE,RW,3.4,3.4,2019-10-31,2024-09-30,0.0,0.0,0.0
2024-10-31,FR,RW,7.4,7.5,2019-10-31,2024-09-30,-0.09999999999999964,0.09999999999999964,0.009999999999999929
2024-10-31,GB,RW,4.4,4.2,2019-10-31,2024-09-30,0.20000000000000018,0.20000000000000018,0.04000000000000007
2024-10-31,IT,RW,6.1,6.1,2019-10-31,2024-09-30,0.0,0.0,0.0
2024-10-31,JP,RW,2.5,2.4,2019-10-31,2024-09-30,0.10000000000000009,0.10000000000000009,0.010000000000000018
2024-10-31,KR,RW,2.8,2.6,2019-10-31,2024-09-30,0.19999999999999973,0.19999999999999973,0.0399999999999999
2024-10-31,US,RW,4.1,4.1,2019-10-31,2024-09-30,0.0,0.0,0.0
2024-10-31,AU,AR(1),4.090812,4.070930293025032,2019-10-31,2024-09-30,0.019881706974967273,0.019881706974967273,0.0003952822722384623
2024-10-31,CA,AR(1),6.6,6.547575169595946,2019-10-31,2024-09-30,0.052424830404053324,0.052424830404053324,0.0027483628428937538
2024-10-31,DE,AR(1),3.4,3.4005308975019695,2019-10-31,2024-09-30,-0.0005308975019695517,0.0005308975019695517,2.818521575975101e-07
2024-10-31,FR,AR(1),7.4,7.506278935745474,2019-10-31,2024-09-30,-0.10627893574547365,0.10627893574547365,0.011295212183190515
2024-10-31,GB,AR(1),4.4,4.209202458311861,2019-10-31,2024-09-30,0.19079754168813956,0.19079754168813956,0.036403701914237356
2024-10-31,IT,AR(1),6.1,6.3176605360961595,2019-10-31,2024-09-30,-0.21766053609615987,0.21766053609615987,0.047376108973667716
2024-10-31,JP,AR(1),2.5,2.4296492561591814,2019-10-31,2024-09-30,0.07035074384081863,0.07035074384081863,0.00494922715895648
2024-10-31,KR,AR(1),2.8,2.658626839105993,2019-10-31,2024-09-30,0.14137316089400676,0.14137316089400676,0.019986370621162722
2024-10-31,US,AR(1),4.1,4.2051897171426385,2019-10-31,2024-09-30,-0.1051897171426388,0.1051897171426388,0.01106487659254836
2024-11-30,AU,RW,3.93646,4.090812,2019-11-30,2024-10-31,-0.15435199999999982,0.15435199999999982,0.023824539903999947
2024-11-30,CA,RW,7.0,6.6,2019-11-30,2024-10-31,0.40000000000000036,0.40000000000000036,0.16000000000000028
2024-11-30,DE,RW,3.4,3.4,2019-11-30,2024-10-31,0.0,0.0,0.0
2024-11-30,FR,RW,7.4,7.4,2019-11-30,2024-10-31,0.0,0.0,0.0
2024-11-30,GB,RW,4.4,4.4,2019-11-30,2024-10-31,0.0,0.0,0.0
2024-11-30,IT,RW,6.2,6.1,2019-11-30,2024-10-31,0.10000000000000053,0.10000000000000053,0.010000000000000106
2024-11-30,JP,RW,2.5,2.5,2019-11-30,2024-10-31,0.0,0.0,0.0
2024-11-30,KR,RW,2.8,2.8,2019-11-30,2024-10-31,0.0,0.0,0.0
2024-11-30,US,RW,4.2,4.1,2019-11-30,2024-10-31,0.10000000000000053,0.10000000000000053,0.010000000000000106
2024-11-30,AU,AR(1),3.93646,4.13769033958617,2019-11-30,2024-10-31,-0.2012303395861701,0.2012303395861701,0.04049364956996533
2024-11-30,CA,AR(1),7.0,6.63926493333813,2019-11-30,2024-10-31,0.36073506666186983,0.36073506666186983,0.13012978831954367
2024-11-30,DE,AR(1),3.4,3.4015148908031523,2019-11-30,2024-10-31,-0.001514890803152369,0.001514890803152369,2.2948941454756294e-06
2024-11-30,FR,AR(1),7.4,7.414914500005997,2019-11-30,2024-10-31,-0.0149145000059967,0.0149145000059967,0.00022244231042887558
2024-11-30,GB,AR(1),4.4,4.389934297696891,2019-11-30,2024-10-31,0.010065702303108992,0.010065702303108992,0.00010131836285481367
2024-11-30,IT,AR(1),6.2,6.315096971322066,2019-11-30,2024-10-31,-0.11509697132206576,0.11509697132206576,0.013247312807512427
2024-11-30,JP,AR(1),2.5,2.519589429888866,2019-11-30,2024-10-31,-0.01958942988886614,0.01958942988886614,0.000383745763370802
2024-11-30,KR,AR(1),2.8,2.838205370125533,2019-11-30,2024-10-31,-0.03820537012553338,0.03820537012553338,0.0014596503064289983
2024-11-30,US,AR(1),4.2,4.204570779330778,2019-11-30,2024-10-31,-0.004570779330777874,0.004570779330777874,2.0892023690666232e-05
2024-12-31,AU,RW,3.998586,3.93646,2019-12-31,2024-11-30,0.062126000000000126,0.062126000000000126,0.003859639876000016
2024-12-31,CA,RW,6.7,7.0,2019-12-31,2024-11-30,-0.2999999999999998,0.2999999999999998,0.0899999999999999
2024-12-31,DE,RW,3.5,3.4,2019-12-31,2024-11-30,0.10000000000000009,0.10000000000000009,0.010000000000000018
2024-12-31,FR,RW,7.3,7.4,2019-12-31,2024-11-30,-0.10000000000000053,0.10000000000000053,0.010000000000000106
2024-12-31,GB,RW,4.4,4.4,2019-12-31,2024-11-30,0.0,0.0,0.0
2024-12-31,IT,RW,6.4,6.2,2019-12-31,2024-11-30,0.20000000000000018,0.20000000000000018,0.04000000000000007
2024-12-31,JP,RW,2.5,2.5,2019-12-31,2024-11-30,0.0,0.0,0.0
2024-12-31,KR,RW,3.1,2.8,2019-12-31,2024-11-30,0.30000000000000027,0.30000000000000027,0.09000000000000016
2024-12-31,US,RW,4.1,4.2,2019-12-31,2024-11-30,-0.10000000000000053,0.10000000000000053,0.010000000000000106
2024-12-31,AU,AR(1),3.998586,3.9989929260575203,2019-12-31,2024-11-30,-0.0004069260575203515,0.0004069260575203515,1.655888162890564e-07
2024-12-31,CA,AR(1),6.7,6.996020875772049,2019-12-31,2024-11-30,-0.29602087577204905,0.29602087577204905,0.0876283588928509
2024-12-31,DE,AR(1),3.5,3.400794967308434,2019-12-31,2024-11-30,0.09920503269156589,0.09920503269156589,0.009841638511334657
2024-12-31,FR,AR(1),7.3,7.413480760402595,2019-12-31,2024-11-30,-0.11348076040259514,0.11348076040259514,0.012877882981551205
2024-12-31,GB,AR(1),4.4,4.392681505408381,2019-12-31,2024-11-30,0.007318494591618929,0.007318494591618929,5.356036308755552e-05
2024-12-31,IT,AR(1),6.4,6.394636028835357,2019-12-31,2024-11-30,0.005363971164642933,0.005363971164642933,2.8772186655120866e-05
2024-12-31,JP,AR(1),2.5,2.5215356013438543,2019-12-31,2024-11-30,-0.02153560134385435,0.02153560134385435,0.0004637821252414213
2024-12-31,KR,AR(1),3.1,2.8337351046733312,2019-12-31,2024-11-30,0.26626489532666886,0.26626489532666886,0.07089699448332193
2024-12-31,US,AR(1),4.1,4.295922533942138,2019-12-31,2024-11-30,-0.195922533942138,0.195922533942138,0.038385639306308214
2025-01-31,AU,RW,4.126966,3.998586,2020-01-31,2024-12-31,0.12838000000000038,0.12838000000000038,0.016481424400000097
2025-01-31,CA,RW,6.7,6.7,2020-01-31,2024-12-31,0.0,0.0,0.0
2025-01-31,DE,RW,3.5,3.5,2020-01-31,2024-12-31,0.0,0.0,0.0
2025-01-31,FR,RW,7.3,7.3,2020-01-31,2024-12-31,0.0,0.0,0.0
2025-01-31,GB,RW,4.5,4.4,2020-01-31,2024-12-31,0.09999999999999964,0.09999999999999964,0.009999999999999929
2025-01-31,IT,RW,6.5,6.4,2020-01-31,2024-12-31,0.09999999999999964,0.09999999999999964,0.009999999999999929
2025-01-31,JP,RW,2.5,2.5,2020-01-31,2024-12-31,0.0,0.0,0.0
2025-01-31,KR,RW,2.8,3.1,2020-01-31,2024-12-31,-0.30000000000000027,0.30000000000000027,0.09000000000000016
2025-01-31,US,RW,4.0,4.1,2020-01-31,2024-12-31,-0.09999999999999964,0.09999999999999964,0.009999999999999929
2025-01-31,AU,AR(1),4.126966,4.055324847706184,2020-01-31,2024-12-31,0.07164115229381629,0.07164115229381629,0.005132454701985779
2025-01-31,CA,AR(1),6.7,6.733541926679881,2020-01-31,2024-12-31,-0.033541926679880874,0.033541926679880874,0.0011250608453985044
2025-01-31,DE,AR(1),3.5,3.489680445526371,2020-01-31,2024-12-31,0.0103195544736292,0.0103195544736292,0.00010649320453420043
2025-01-31,FR,AR(1),7.3,7.322330183668795,2020-01-31,2024-12-31,-0.022330183668795023,0.022330183668795023,0.00049863710268212
2025-01-31,GB,AR(1),4.5,4.390557055395815,2020-01-31,2024-12-31,0.10944294460418469,0.10944294460418469,0.011977758123634639
2025-01-31,IT,AR(1),6.5,6.569487091538463,2020-01-31,2024-12-31,-0.06948709153846266,0.06948709153846266,0.004828455890474689
2025-01-31,JP,AR(1),2.5,2.5237638489340517,2020-01-31,2024-12-31,-0.0237638489340517,0.0237638489340517,0.0005647205161604302
2025-01-31,KR,AR(1),2.8,3.105184185291683,2020-01-31,2024-12-31,-0.305184185291683,0.305184185291683,0.09313738695214831
2025-01-31,US,AR(1),4.0,4.208078003982758,2020-01-31,2024-12-31,-0.20807800398275766,0.20807800398275766,0.04329645574144851
2025-02-28,AU,RW,4.074125,4.126966,2020-02-29,2025-01-31,-0.052840999999999916,0.052840999999999916,0.002792171280999991
2025-02-28,CA,RW,6.6,6.7,2020-02-29,2025-01-31,-0.10000000000000053,0.10000000000000053,0.010000000000000106
2025-02-28,DE,RW,3.6,3.5,2020-02-29,2025-01-31,0.10000000000000009,0.10000000000000009,0.010000000000000018
2025-02-28,FR,RW,7.5,7.3,2020-02-29,2025-01-31,0.20000000000000018,0.20000000000000018,0.04000000000000007
2025-02-28,GB,RW,4.6,4.5,2020-02-29,2025-01-31,0.09999999999999964,0.09999999999999964,0.009999999999999929
2025-02-28,IT,RW,6.1,6.5,2020-02-29,2025-01-31,-0.40000000000000036,0.40000000000000036,0.16000000000000028
2025-02-28,JP,RW,2.4,2.5,2020-02-29,2025-01-31,-0.10000000000000009,0.10000000000000009,0.010000000000000018
2025-02-28,KR,RW,2.8,2.8,2020-02-29,2025-01-31,0.0,0.0,0.0
2025-02-28,US,RW,4.2,4.0,2020-02-29,2025-01-31,0.20000000000000018,0.20000000000000018,0.04000000000000007
2025-02-28,AU,AR(1),4.074125,4.1653079921146645,2020-02-29,2025-01-31,-0.09118299211466407,0.09118299211466407,0.00831433805098289
2025-02-28,CA,AR(1),6.6,6.737448990547592,2020-02-29,2025-01-31,-0.1374489905475924,0.1374489905475924,0.018892225002552148
2025-02-28,DE,AR(1),3.6,3.4887407133533794,2020-02-29,2025-01-31,0.11125928664662066,0.11125928664662066,0.012378628865114902
2025-02-28,FR,AR(1),7.5,7.320691117029167,2020-02-29,2025-01-31,0.17930888297083314,0.17930888297083314,0.032151675512247936
2025-02-28,GB,AR(1),4.6,4.4812488223931695,2020-02-29,2025-01-31,0.11875117760683018,0.11875117760683018,0.014101842183008926
2025-02-28,IT,AR(1),6.1,6.656729799986983,2020-02-29,2025-01-31,-0.5567297999869831,0.5567297999869831,0.30994807019354625
2025-02-28,JP,AR(1),2.4,2.5210984970492167,2020-02-29,2025-01-31,-0.12109849704921682,0.12109849704921682,0.014664845987579176
2025-02-28,KR,AR(1),2.8,2.836795020104913,2020-02-29,2025-01-31,-0.03679502010491298,0.03679502010491298,0.0013538735045209504
2025-02-28,US,AR(1),4.2,4.119688537259037,2020-02-29,2025-01-31,0.0803114627409629,0.0803114627409629,0.006449931047593073
2025-03-31,AU,RW,4.082637,4.074125,2020-03-31,2025-02-28,0.008511999999999631,0.008511999999999631,7.245414399999371e-05
2025-03-31,CA,RW,6.8,6.6,2020-03-31,2025-02-28,0.20000000000000018,0.20000000000000018,0.04000000000000007
2025-03-31,DE,RW,3.6,3.6,2020-03-31,2025-02-28,0.0,0.0,0.0
2025-03-31,FR,RW,7.6,7.5,2020-03-31,2025-02-28,0.09999999999999964,0.09999999999999964,0.009999999999999929
2025-03-31,GB,RW,4.6,4.6,2020-03-31,2025-02-28,0.0,0.0,0.0
2025-03-31,IT,RW,6.3,6.1,2020-03-31,2025-02-28,0.20000000000000018,0.20000000000000018,0.04000000000000007
2025-03-31,JP,RW,2.5,2.4,2020-03-31,2025-02-28,0.10000000000000009,0.10000000000000009,0.010000000000000018
2025-03-31,KR,RW,2.8,2.8,2020-03-31,2025-02-28,0.0,0.0,0.0
2025-03-31,US,RW,4.2,4.2,2020-03-31,2025-02-28,0.0,0.0,0.0
2025-03-31,AU,AR(1),4.082637,4.117351278213755,2020-03-31,2025-02-28,-0.03471427821375528,0.03471427821375528,0.0012050811119020044
2025-03-31,CA,AR(1),6.8,6.644768735216555,2020-03-31,2025-02-28,0.15523126478344462,0.15523126478344462,0.024096745566267893
2025-03-31,DE,AR(1),3.6,3.5776904946139494,2020-03-31,2025-02-28,0.0223095053860507,0.0223095053860507,0.0004977140305702252
2025-03-31,FR,AR(1),7.6,7.50502003435028,2020-03-31,2025-02-28,0.09497996564971967,0.09497996564971967,0.009021193874821927
2025-03-31,GB,AR(1),4.6,4.569235552241077,2020-03-31,2025-02-28,0.03076444775892284,0.03076444775892284,0.0009464512459114926
2025-03-31,IT,AR(1),6.3,6.290887123163697,2020-03-31,2025-02-28,0.00911287683630313,0.00911287683630313,8.304452423363014e-05
2025-03-31,JP,AR(1),2.5,2.431238930621446,2020-03-31,2025-02-28,0.06876106937855386,0.06876106937855386,0.004728084662082297
2025-03-31,KR,AR(1),2.8,2.8351883902071258,2020-03-31,2025-02-28,-0.03518839020712594,0.03518839020712594,0.0012382228053689568
2025-03-31,US,AR(1),4.2,4.300864619510303,2020-03-31,2025-02-28,-0.10086461951030312,0.10086461951030312,0.010173671468958222
2025-04-30,AU,RW,4.054703,4.082637,2020-04-30,2025-03-31,-0.027934000000000125,0.027934000000000125,0.000780308356000007
2025-04-30,CA,RW,6.9,6.8,2020-04-30,2025-03-31,0.10000000000000053,0.10000000000000053,0.010000000000000106
2025-04-30,DE,RW,3.7,3.6,2020-04-30,2025-03-31,0.10000000000000009,0.10000000000000009,0.010000000000000018
2025-04-30,FR,RW,7.5,7.6,2020-04-30,2025-03-31,-0.09999999999999964,0.09999999999999964,0.009999999999999929
2025-04-30,GB,RW,4.7,4.6,2020-04-30,2025-03-31,0.10000000000000053,0.10000000000000053,0.010000000000000106
2025-04-30,IT,RW,6.2,6.3,2020-04-30,2025-03-31,-0.09999999999999964,0.09999999999999964,0.009999999999999929
2025-04-30,JP,RW,2.5,2.5,2020-04-30,2025-03-31,0.0,0.0,0.0
2025-04-30,KR,RW,2.7,2.8,2020-04-30,2025-03-31,-0.09999999999999964,0.09999999999999964,0.009999999999999929
2025-04-30,US,RW,4.2,4.2,2020-04-30,2025-03-31,0.0,0.0,0.0
2025-04-30,AU,AR(1),4.054703,4.117900678211094,2020-04-30,2025-03-31,-0.06319767821109412,0.06319767821109412,0.003993946531273
2025-04-30,CA,AR(1),6.9,6.780501006125528,2020-04-30,2025-03-31,0.1194989938744726,0.1194989938744726,0.01428000953701124
2025-04-30,DE,AR(1),3.7,3.5783027048665588,2020-04-30,2025-03-31,0.12169729513344141,0.12169729513344141,0.014810231642795942
2025-04-30,FR,AR(1),7.5,7.5977914151352826,2020-04-30,2025-03-31,-0.09779141513528256,0.09779141513528256,0.00956316087416117
2025-04-30,GB,AR(1),4.7,4.572627878020433,2020-04-30,2025-03-31,0.12737212197956715,0.12737212197956715,0.016223657457577735
2025-04-30,IT,AR(1),6.2,6.481891238364613,2020-04-30,2025-03-31,-0.2818912383646124,0.2818912383646124,0.07946267026673472
2025-04-30,JP,AR(1),2.5,2.5182208251339047,2020-04-30,2025-03-31,-0.01822082513390466,0.01822082513390466,0.0003319984685603318
2025-04-30,KR,AR(1),2.7,2.822893584141357,2020-04-30,2025-03-31,-0.12289358414135698,0.12289358414135698,0.015102833023108789
2025-04-30,US,AR(1),4.2,4.281513135219488,2020-04-30,2025-03-31,-0.08151313521948822,0.08151313521948822,0.006644391213310571
2025-05-31,AU,RW,4.101358,4.054703,2020-05-31,2025-04-30,0.046655000000000335,0.046655000000000335,0.0021766890250000314
2025-05-31,CA,RW,7.0,6.9,2020-05-31,2025-04-30,0.09999999999999964,0.09999999999999964,0.009999999999999929
2025-05-31,DE,RW,3.7,3.7,2020-05-31,2025-04-30,0.0,0.0,0.0
2025-05-31,FR,RW,7.6,7.5,2020-05-31,2025-04-30,0.09999999999999964,0.09999999999999964,0.009999999999999929
2025-05-31,GB,RW,4.7,4.7,2020-05-31,2025-04-30,0.0,0.0,0.0
2025-05-31,IT,RW,6.4,6.2,2020-05-31,2025-04-30,0.20000000000000018,0.20000000000000018,0.04000000000000007
2025-05-31,JP,RW,2.5,2.5,2020-05-31,2025-04-30,0.0,0.0,0.0
2025-05-31,KR,RW,2.7,2.7,2020-05-31,2025-04-30,0.0,0.0,0.0
2025-05-31,US,RW,4.3,4.2,2020-05-31,2025-04-30,0.09999999999999964,0.09999999999999964,0.009999999999999929
2025-05-31,AU,AR(1),4.101358,4.074105187303821,2020-05-31,2025-04-30,0.027252812696179518,0.027252812696179518,0.0007427157998530435
2025-05-31,CA,AR(1),7.0,6.781139027123419,2020-05-31,2025-04-30,0.21886097287658135,0.21886097287658135,0.047900125448483676
2025-05-31,DE,AR(1),3.7,3.6663553308716064,2020-05-31,2025-04-30,0.03364466912839381,0.03364466912839381,0.0011319637607590956
2025-05-31,FR,AR(1),7.6,7.5074825298187084,2020-05-31,2025-04-30,0.0925174701812912,0.0925174701812912,0.008559482288746105
2025-05-31,GB,AR(1),4.7,4.662538543232114,2020-05-31,2025-04-30,0.03746145676788615,0.03746145676788615,0.0014033607431722028
2025-05-31,IT,AR(1),6.4,6.394771323909121,2020-05-31,2025-04-30,0.00522867609087907,0.00522867609087907,2.733905366333043e-05
2025-05-31,JP,AR(1),2.5,2.517203551084418,2020-05-31,2025-04-30,-0.017203551084417956,0.017203551084417956,0.00029596216991417825
2025-05-31,KR,AR(1),2.7,2.7320360550105707,2020-05-31,2025-04-30,-0.0320360550105705,0.0320360550105705,0.001026308820640299
2025-05-31,US,AR(1),4.3,4.1108225247247345,2020-05-31,2025-04-30,0.1891774752752653,0.1891774752752653,0.035788117151523614
2025-06-30,AU,RW,4.317864,4.101358,2020-06-30,2025-05-31,0.21650599999999987,0.21650599999999987,0.04687484803599994
2025-06-30,CA,RW,6.9,7.0,2020-06-30,2025-05-31,-0.09999999999999964,0.09999999999999964,0.009999999999999929
2025-06-30,DE,RW,3.7,3.7,2020-06-30,2025-05-31,0.0,0.0,0.0
2025-06-30,FR,RW,7.7,7.6,2020-06-30,2025-05-31,0.10000000000000053,0.10000000000000053,0.010000000000000106
2025-06-30,GB,RW,4.7,4.7,2020-06-30,2025-05-31,0.0,0.0,0.0
2025-06-30,IT,RW,5.9,6.4,2020-06-30,2025-05-31,-0.5,0.5,0.25
2025-06-30,JP,RW,2.5,2.5,2020-06-30,2025-05-31,0.0,0.0,0.0
2025-06-30,KR,RW,2.7,2.7,2020-06-30,2025-05-31,0.0,0.0,0.0
2025-06-30,US,RW,4.1,4.3,2020-06-30,2025-05-31,-0.20000000000000018,0.20000000000000018,0.04000000000000007
2025-06-30,AU,AR(1),4.317864,4.105690053270445,2020-06-30,2025-05-31,0.21217394672955514,0.21217394672955514,0.045017783670796105
2025-06-30,CA,AR(1),6.9,6.846731534440033,2020-06-30,2025-05-31,0.05326846555996756,0.05326846555996756,0.00283752942311345
2025-06-30,DE,AR(1),3.7,3.659314997531759,2020-06-30,2025-05-31,0.04068500246824103,0.04068500246824103,0.0016552694258407784
2025-06-30,FR,AR(1),7.7,7.608911952957881,2020-06-30,2025-05-31,0.09108804704211959,0.09108804704211959,0.008297032313947392
2025-06-30,GB,AR(1),4.7,4.658508043751133,2020-06-30,2025-05-31,0.04149195624886737,0.04149195624886737,0.0017215824333579237
2025-06-30,IT,AR(1),5.9,6.57571527350349,2020-06-30,2025-05-31,-0.6757152735034895,0.6757152735034895,0.4565911308458956
2025-06-30,JP,AR(1),2.5,2.5157663033431654,2020-06-30,2025-05-31,-0.015766303343165422,0.015766303343165422,0.00024857632110870915
2025-06-30,KR,AR(1),2.7,2.7286395085635995,2020-06-30,2025-05-31,-0.028639508563599314,0.028639508563599314,0.0008202214507644785
2025-06-30,US,AR(1),4.1,4.213753675641639,2020-06-30,2025-05-31,-0.11375367564163952,0.11375367564163952,0.012939898721983333
2025-07-31,AU,RW,4.235744,4.317864,2020-07-31,2025-06-30,-0.08211999999999975,0.08211999999999975,0.006743694399999959
2025-07-31,CA,RW,6.9,6.9,2020-07-31,2025-06-30,0.0,0.0,0.0
2025-07-31,DE,RW,3.8,3.7,2020-07-31,2025-06-30,0.09999999999999964,0.09999999999999964,0.009999999999999929
2025-07-31,FR,RW,7.7,7.7,2020-07-31,2025-06-30,0.0,0.0,0.0
2025-07-31,GB,RW,4.8,4.7,2020-07-31,2025-06-30,0.09999999999999964,0.09999999999999964,0.009999999999999929
2025-07-31,IT,RW,6.0,5.9,2020-07-31,2025-06-30,0.09999999999999964,0.09999999999999964,0.009999999999999929
2025-07-31,JP,RW,2.4,2.5,2020-07-31,2025-06-30,-0.10000000000000009,0.10000000000000009,0.010000000000000018
2025-07-31,KR,RW,2.7,2.7,2020-07-31,2025-06-30,0.0,0.0,0.0
2025-07-31,US,RW,4.3,4.1,2020-07-31,2025-06-30,0.20000000000000018,0.20000000000000018,0.04000000000000007
2025-07-31,AU,AR(1),4.235744,4.281811539600474,2020-07-31,2025-06-30,-0.046067539600473495,0.046067539600473495,0.002122218204841194
2025-07-31,CA,AR(1),6.9,6.7751694740078205,2020-07-31,2025-06-30,0.12483052599217981,0.12483052599217981,0.015582660219484278
2025-07-31,DE,AR(1),3.8,3.664443031614407,2020-07-31,2025-06-30,0.13555696838559284,0.13555696838559284,0.018375691677892617
2025-07-31,FR,AR(1),7.7,7.69335020878412,2020-07-31,2025-06-30,0.00664979121587983,0.00664979121587983,4.421972321479255e-05
2025-07-31,GB,AR(1),4.8,4.663166658815699,2020-07-31,2025-06-30,0.13683334118430057,0.13683334118430057,0.018723363259659207
2025-07-31,IT,AR(1),6.0,6.068406512626527,2020-07-31,2025-06-30,-0.06840651262652742,0.06840651262652742,0.004679450969723255
2025-07-31,JP,AR(1),2.4,2.5117686388713465,2020-07-31,2025-06-30,-0.11176863887134658,0.11176863887134658,0.012492228635153486
2025-07-31,KR,AR(1),2.7,2.7182454370892595,2020-07-31,2025-06-30,-0.018245437089259298,0.018245437089259298,0.00033289597457811877
2025-07-31,US,AR(1),4.3,4.042189884150693,2020-07-31,2025-06-30,0.25781011584930713,0.25781011584930713,0.06646605583423316
2025-08-31,AU,RW,4.244703,4.235744,2020-08-31,2025-07-31,0.00895899999999994,0.00895899999999994,8.02636809999989e-05
2025-08-31,CA,RW,7.1,6.9,2020-08-31,2025-07-31,0.1999999999999993,0.1999999999999993,0.039999999999999716
2025-08-31,DE,RW,3.8,3.8,2020-08-31,2025-07-31,0.0,0.0,0.0
2025-08-31,FR,RW,7.8,7.7,2020-08-31,2025-07-31,0.09999999999999964,0.09999999999999964,0.009999999999999929
2025-08-31,GB,RW,5.0,4.8,2020-08-31,2025-07-31,0.20000000000000018,0.20000000000000018,0.04000000000000007
2025-08-31,IT,RW,6.0,6.0,2020-08-31,2025-07-31,0.0,0.0,0.0
2025-08-31,JP,RW,2.6,2.4,2020-08-31,2025-07-31,0.20000000000000018,0.20000000000000018,0.04000000000000007
2025-08-31,KR,RW,2.8,2.7,2020-08-31,2025-07-31,0.09999999999999964,0.09999999999999964,0.009999999999999929
2025-08-31,US,RW,4.3,4.3,2020-08-31,2025-07-31,0.0,0.0,0.0
2025-08-31,AU,AR(1),4.244703,4.199858098964787,2020-08-31,2025-07-31,0.04484490103521299,0.04484490103521299,0.0020110651488580472
2025-08-31,CA,AR(1),7.1,6.796604020629486,2020-08-31,2025-07-31,0.30339597937051366,0.30339597937051366,0.09204912029819315
2025-08-31,DE,AR(1),3.8,3.758882672061621,2020-08-31,2025-07-31,0.04111732793837897,0.04111732793837897,0.0016906346567921995
2025-08-31,FR,AR(1),7.8,7.674761297786098,2020-08-31,2025-07-31,0.12523870221390165,0.12523870221390165,0.015684732532222335
2025-08-31,GB,AR(1),5.0,4.755552723001777,2020-08-31,2025-07-31,0.24444727699822266,0.24444727699822266,0.059754471231845796
2025-08-31,IT,AR(1),6.0,6.12469786114696,2020-08-31,2025-07-31,-0.12469786114696024,0.12469786114696024,0.015549556574626576
2025-08-31,JP,AR(1),2.6,2.4163695672462486,2020-08-31,2025-07-31,0.18363043275375146,0.18363043275375146,0.033720135833330035
2025-08-31,KR,AR(1),2.8,2.7123793890348935,2020-08-31,2025-07-31,0.08762061096510632,0.08762061096510632,0.0076773714658985096
2025-08-31,US,AR(1),4.3,4.223606742839323,2020-08-31,2025-07-31,0.07639325716067713,0.07639325716067713,0.0058359297396173475
2025-09-30,AU,RW,4.437698,4.244703,2020-09-30,2025-08-31,0.1929949999999998,0.1929949999999998,0.037247070024999926
2025-09-30,CA,RW,7.1,7.1,2020-09-30,2025-08-31,0.0,0.0,0.0
2025-09-30,DE,RW,3.8,3.8,2020-09-30,2025-08-31,0.0,0.0,0.0
2025-09-30,FR,RW,7.9,7.8,2020-09-30,2025-08-31,0.10000000000000053,0.10000000000000053,0.010000000000000106
2025-09-30,GB,RW,5.1,5.0,2020-09-30,2025-08-31,0.09999999999999964,0.09999999999999964,0.009999999999999929
2025-09-30,IT,RW,6.0,6.0,2020-09-30,2025-08-31,0.0,0.0,0.0
2025-09-30,JP,RW,2.6,2.6,2020-09-30,2025-08-31,0.0,0.0,0.0
2025-09-30,KR,RW,2.7,2.8,2020-09-30,2025-08-31,-0.09999999999999964,0.09999999999999964,0.009999999999999929
2025-09-30,US,RW,4.4,4.3,2020-09-30,2025-08-31,0.10000000000000053,0.10000000000000053,0.010000000000000106
2025-09-30,AU,AR(1),4.437698,4.211028723713412,2020-09-30,2025-08-31,0.2266692762865885,0.2266692762865885,0.051378960812285795
2025-09-30,CA,AR(1),7.1,7.00139420590131,2020-09-30,2025-08-31,0.09860579409868997,0.09860579409868997,0.009723102629833242
2025-09-30,DE,AR(1),3.8,3.7664751315018092,2020-09-30,2025-08-31,0.033524868498190585,0.033524868498190585,0.0011239168078209716
2025-09-30,FR,AR(1),7.9,7.761711662812536,2020-09-30,2025-08-31,0.13828833718746392,0.13828833718746392,0.019123664202073714
2025-09-30,GB,AR(1),5.1,4.9481202404957,2020-09-30,2025-08-31,0.15187975950429955,0.15187975950429955,0.02306746134708387
2025-09-30,IT,AR(1),6.0,6.077232205469992,2020-09-30,2025-08-31,-0.07723220546999165,0.07723220546999165,0.005964813561759009
2025-09-30,JP,AR(1),2.6,2.596733220485314,2020-09-30,2025-08-31,0.0032667795146861245,0.0032667795146861245,1.0671848397572911e-05
2025-09-30,KR,AR(1),2.7,2.801184537353963,2020-09-30,2025-08-31,-0.10118453735396304,0.10118453735396304,0.010238310599535543
2025-09-30,US,AR(1),4.4,4.24123671939076,2020-09-30,2025-08-31,0.15876328060924028,0.15876328060924028,0.025205779269808368
2025-10-31,AU,RW,4.331548,4.437698,2020-10-31,2025-09-30,-0.10615000000000041,0.10615000000000041,0.011267822500000087
2025-10-31,CA,RW,6.9,7.1,2020-10-31,2025-09-30,-0.1999999999999993,0.1999999999999993,0.039999999999999716
2025-10-31,DE,RW,3.9,3.8,2020-10-31,2025-09-30,0.10000000000000009,0.10000000000000009,0.010000000000000018
2025-10-31,FR,RW,8.0,7.9,2020-10-31,2025-09-30,0.09999999999999964,0.09999999999999964,0.009999999999999929
2025-10-31,GB,RW,5.1,5.1,2020-10-31,2025-09-30,0.0,0.0,0.0
2025-10-31,IT,RW,5.8,6.0,2020-10-31,2025-09-30,-0.20000000000000018,0.20000000000000018,0.04000000000000007
2025-10-31,JP,RW,2.6,2.6,2020-10-31,2025-09-30,0.0,0.0,0.0
2025-10-31,KR,RW,2.7,2.7,2020-10-31,2025-09-30,0.0,0.0,0.0
2025-10-31,US,RW,4.45,4.4,2020-10-31,2025-09-30,0.04999999999999982,0.04999999999999982,0.0024999999999999823
2025-10-31,AU,AR(1),4.331548,4.388004761196865,2020-10-31,2025-09-30,-0.05645676119686538,0.05645676119686538,0.0031873658848398843
2025-10-31,CA,AR(1),6.9,7.018548958960806,2020-10-31,2025-09-30,-0.11854895896080553,0.11854895896080553,0.014053855670690753
2025-10-31,DE,AR(1),3.9,3.770620438083443,2020-10-31,2025-09-30,0.12937956191655697,0.12937956191655697,0.016739071041720198
2025-10-31,FR,AR(1),8.0,7.857954815513536,2020-10-31,2025-09-30,0.14204518448646386,0.14204518448646386,0.02017683443579355
2025-10-31,GB,AR(1),5.1,5.04373824189784,2020-10-31,2025-09-30,0.05626175810215983,0.05626175810215983,0.0031653854247459473
2025-10-31,IT,AR(1),5.8,6.0623026700930165,2020-10-31,2025-09-30,-0.26230267009301667,0.26230267009301667,0.06880269073792594
2025-10-31,JP,AR(1),2.6,2.595993687365149,2020-10-31,2025-09-30,0.0040063126348512945,0.0040063126348512945,1.6050540928169123e-05
2025-10-31,KR,AR(1),2.7,2.6985961835865266,2020-10-31,2025-09-30,0.0014038164134735354,0.0014038164134735354,1.9707005227377e-06
2025-10-31,US,AR(1),4.45,4.340441644168317,2020-10-31,2025-09-30,0.10955835583168305,0.10955835583168305,0.01200303333254168
2025-11-30,AU,RW,4.322312,4.331548,2020-11-30,2025-10-31,-0.009235999999999578,0.009235999999999578,8.53036959999922e-05
2025-11-30,CA,RW,6.6,6.9,2020-11-30,2025-10-31,-0.3000000000000007,0.3000000000000007,0.09000000000000043
2025-11-30,DE,RW,3.9,3.9,2020-11-30,2025-10-31,0.0,0.0,0.0
2025-11-30,FR,RW,8.0,8.0,2020-11-30,2025-10-31,0.0,0.0,0.0
2025-11-30,GB,RW,5.2,5.1,2020-11-30,2025-10-31,0.10000000000000053,0.10000000000000053,0.010000000000000106
2025-11-30,IT,RW,5.7,5.8,2020-11-30,2025-10-31,-0.09999999999999964,0.09999999999999964,0.009999999999999929
2025-11-30,JP,RW,2.6,2.6,2020-11-30,2025-10-31,0.0,0.0,0.0
2025-11-30,KR,RW,2.8,2.7,2020-11-30,2025-10-31,0.09999999999999964,0.09999999999999964,0.009999999999999929
2025-11-30,US,RW,4.5,4.45,2020-11-30,2025-10-31,0.04999999999999982,0.04999999999999982,0.0024999999999999823
2025-11-30,AU,AR(1),4.322312,4.2844676002547475,2020-11-30,2025-10-31,0.037844399745252666,0.037844399745252666,0.00143219859207848
2025-11-30,CA,AR(1),6.6,6.831346019608431,2020-11-30,2025-10-31,-0.2313460196084316,0.2313460196084316,0.05352098078866482
2025-11-30,DE,AR(1),3.9,3.868225686150993,2020-11-30,2025-10-31,0.03177431384900675,0.03177431384900675,0.0010096070205751822
2025-11-30,FR,AR(1),8.0,7.965606017126351,2020-11-30,2025-10-31,0.03439398287364881,0.03439398287364881,0.0011829460579128475
2025-11-30,GB,AR(1),5.2,5.047958862683927,2020-11-30,2025-10-31,0.15204113731607283,0.15204113731607283,0.023116507436364914
2025-11-30,IT,AR(1),5.7,5.857267425847864,2020-11-30,2025-10-31,-0.15726742584786368,0.15726742584786368,0.024733043232813303
2025-11-30,JP,AR(1),2.6,2.5936901654876783,2020-11-30,2025-10-31,0.00630983451232181,0.00630983451232181,3.981401157288742e-05
2025-11-30,KR,AR(1),2.8,2.693461821605506,2020-11-30,2025-10-31,0.10653817839449387,0.10653817839449387,0.011350383455617
2025-11-30,US,AR(1),4.5,4.399688172189294,2020-11-30,2025-10-31,0.1003118278107058,0.1003118278107058,0.01006246279872469
2025-12-31,AU,RW,4.11812,4.322312,2020-12-31,2025-11-30,-0.20419199999999993,0.20419199999999993,0.04169437286399997
2025-12-31,CA,RW,6.8,6.6,2020-12-31,2025-11-30,0.20000000000000018,0.20000000000000018,0.04000000000000007
2025-12-31,DE,RW,3.9,3.9,2020-12-31,2025-11-30,0.0,0.0,0.0
2025-12-31,FR,RW,8.0,8.0,2020-12-31,2025-11-30,0.0,0.0,0.0
2025-12-31,GB,RW,5.2,5.2,2020-12-31,2025-11-30,0.0,0.0,0.0
2025-12-31,IT,RW,5.6,5.7,2020-12-31,2025-11-30,-0.10000000000000053,0.10000000000000053,0.010000000000000106
2025-12-31,JP,RW,2.6,2.6,2020-12-31,2025-11-30,0.0,0.0,0.0
2025-12-31,KR,RW,3.3,2.8,2020-12-31,2025-11-30,0.5,0.5,0.25
2025-12-31,US,RW,4.4,4.5,2020-12-31,2025-11-30,-0.09999999999999964,0.09999999999999964,0.009999999999999929
2025-12-31,AU,AR(1),4.11812,4.275599553597164,2020-12-31,2025-11-30,-0.15747955359716403,0.15747955359716403,0.02479980980116206
2025-12-31,CA,AR(1),6.8,6.551229679652504,2020-12-31,2025-11-30,0.24877032034749558,0.24877032034749558,0.06188667228579557
2025-12-31,DE,AR(1),3.9,3.8708910173963953,2020-12-31,2025-11-30,0.029108982603604616,0.029108982603604616,0.0008473328682169561
2025-12-31,FR,AR(1),8.0,7.970900725836829,2020-12-31,2025-11-30,0.02909927416317082,0.02909927416317082,0.0008467677568233808
2025-12-31,GB,AR(1),5.2,5.145827912533573,2020-12-31,2025-11-30,0.05417208746642732,0.05417208746642732,0.002934615060470252
2025-12-31,IT,AR(1),5.6,5.7559345981837255,2020-12-31,2025-11-30,-0.1559345981837259,0.1559345981837259,0.024315598910720052
2025-12-31,JP,AR(1),2.6,2.5947098799460613,2020-12-31,2025-11-30,0.005290120053938807,0.005290120053938807,2.7985370185085528e-05
2025-12-31,KR,AR(1),3.3,2.7894440309932076,2020-12-31,2025-11-30,0.5105559690067922,0.5105559690067922,0.26066739748846457
2025-12-31,US,AR(1),4.4,4.449223730552873,2020-12-31,2025-11-30,-0.04922373055287288,0.04922373055287288,0.002422975649541831
