date,country,actual,prediction,train_start,train_end,error,absolute_error,squared_error
2010-02-28,AU,5.298203,5.345421971166981,2005-02-28,2010-01-31,-0.047218971166980594,0.047218971166980594,0.0022296312380681448
2010-02-28,CA,8.4,8.2275249871102,2005-02-28,2010-01-31,0.17247501288979983,0.17247501288979983,0.029747630071336618
2010-02-28,DE,7.0,7.171819054335951,2005-02-28,2010-01-31,-0.17181905433595102,0.17181905433595102,0.029521787432900487
2010-02-28,FR,9.4,9.471930089338498,2005-02-28,2010-01-31,-0.07193008933849754,0.07193008933849754,0.005173937752244237
2010-02-28,GB,8.0,7.798594733434348,2005-02-28,2010-01-31,0.2014052665656516,0.2014052665656516,0.04056408140038118
2010-02-28,IT,8.6,8.403053278836506,2005-02-28,2010-01-31,0.19694672116349388,0.19694672116349388,0.03878801097705101
2010-02-28,JP,5.0,5.042302697425129,2005-02-28,2010-01-31,-0.0423026974251286,0.0423026974251286,0.001789518209441982
2010-02-28,KR,4.0,4.48268248982046,2005-02-28,2010-01-31,-0.48268248982046025,0.48268248982046025,0.2329823859792787
2010-02-28,US,9.8,9.703199131620611,2005-02-28,2010-01-31,0.09680086837938973,0.09680086837938973,0.009370408119003934
2010-03-31,AU,5.422618,5.23117062493209,2005-03-31,2010-02-28,0.1914473750679102,0.1914473750679102,0.03665209742039309
2010-03-31,CA,8.3,8.213627418695802,2005-03-31,2010-02-28,0.08637258130419845,0.08637258130419845,0.007460222801150372
2010-03-31,DE,6.9,7.182567083960886,2005-03-31,2010-02-28,-0.2825670839608856,0.2825670839608856,0.07984415693815816
2010-03-31,FR,9.3,9.249715887402797,2005-03-31,2010-02-28,0.050284112597204,0.050284112597204,0.00252849197968829
2010-03-31,GB,8.0,8.016561067682781,2005-03-31,2010-02-28,-0.016561067682781427,0.016561067682781427,0.0002742689627936674
2010-03-31,IT,8.5,8.660311283377359,2005-03-31,2010-02-28,-0.160311283377359,0.160311283377359,0.0256997075780959
2010-03-31,JP,5.1,5.097297832317209,2005-03-31,2010-02-28,0.002702167682790524,0.002702167682790524,7.301710185917509e-06
2010-03-31,KR,3.6,3.8018295602896783,2005-03-31,2010-02-28,-0.20182956028967824,0.20182956028967824,0.04073517140672486
2010-03-31,US,9.9,9.498065000645445,2005-03-31,2010-02-28,0.40193499935455534,0.40193499935455534,0.16155174370614642
2010-04-30,AU,5.498934,5.575184456927073,2005-04-30,2010-03-31,-0.076250456927073,0.076250456927073,0.005814132181587414
2010-04-30,CA,8.2,8.404362749980699,2005-04-30,2010-03-31,-0.20436274998069948,0.20436274998069948,0.04176413357967389
2010-04-30,DE,6.8,7.088571742813406,2005-04-30,2010-03-31,-0.2885717428134065,0.2885717428134065,0.08327365075036681
2010-04-30,FR,9.3,9.240546397730647,2005-04-30,2010-03-31,0.05945360226935392,0.05945360226935392,0.003534730822802526
2010-04-30,GB,7.9,7.954291717637587,2005-04-30,2010-03-31,-0.05429171763758678,0.05429171763758678,0.002947590604039451
2010-04-30,IT,8.8,8.466424483706547,2005-04-30,2010-03-31,0.33357551629345394,0.33357551629345394,0.11127262507044436
2010-04-30,JP,5.1,5.067155674412805,2005-04-30,2010-03-31,0.03284432558719441,0.03284432558719441,0.0010787497232776335
2010-04-30,KR,3.6,3.7993895886409086,2005-04-30,2010-03-31,-0.1993895886409085,0.1993895886409085,0.03975620805839071
2010-04-30,US,9.9,9.670897931284763,2005-04-30,2010-03-31,0.2291020687152372,0.2291020687152372,0.052487757889601264
2010-05-31,AU,5.229763,5.740204936306658,2005-05-31,2010-04-30,-0.5104419363066581,0.5104419363066581,0.2605509703404904
2010-05-31,CA,8.2,8.32341731560173,2005-05-31,2010-04-30,-0.1234173156017313,0.1234173156017313,0.01523183379033735
2010-05-31,DE,6.7,6.971662192616824,2005-05-31,2010-04-30,-0.2716621926168239,0.2716621926168239,0.07380034689738033
2010-05-31,FR,9.3,9.253125502241009,2005-05-31,2010-04-30,0.046874497758992106,0.046874497758992106,0.002197218540157756
2010-05-31,GB,7.9,7.82005026641896,2005-05-31,2010-04-30,0.0799497335810404,0.0799497335810404,0.00639195989967934
2010-05-31,IT,8.7,8.757461326103087,2005-05-31,2010-04-30,-0.05746132610308763,0.05746132610308763,0.00330180399752538
2010-05-31,JP,5.1,5.062996715243502,2005-05-31,2010-04-30,0.037003284756497834,0.037003284756497834,0.001369243082770465
2010-05-31,KR,3.3,4.200177282838225,2005-05-31,2010-04-30,-0.9001772828382251,0.9001772828382251,0.8103191405380098
2010-05-31,US,9.6,9.870781930980245,2005-05-31,2010-04-30,-0.2707819309802453,0.2707819309802453,0.07332285414539032
2010-06-30,AU,5.144123,5.183662028706783,2005-06-30,2010-05-31,-0.039539028706783164,0.039539028706783164,0.0015633347910758231
2010-06-30,CA,8.0,8.257043955599952,2005-06-30,2010-05-31,-0.2570439555999524,0.2570439555999524,0.06607159511047031
2010-06-30,DE,6.6,6.752979351567453,2005-06-30,2010-05-31,-0.15297935156745357,0.15297935156745357,0.02340268200599856
2010-06-30,FR,9.2,9.18389983758144,2005-06-30,2010-05-31,0.01610016241856016,0.01610016241856016,0.0002592152299040169
2010-06-30,GB,7.8,7.797126169437115,2005-06-30,2010-05-31,0.00287383056288526,0.00287383056288526,8.258902104173411e-06
2010-06-30,IT,8.6,8.670079342188377,2005-06-30,2010-05-31,-0.07007934218837697,0.07007934218837697,0.004911114201555632
2010-06-30,JP,5.2,5.125492278157548,2005-06-30,2010-05-31,0.07450772184245213,0.07450772184245213,0.005551400614152219
2010-06-30,KR,3.5,3.301866692831011,2005-06-30,2010-05-31,0.1981333071689888,0.1981333071689888,0.03925680740972087
2010-06-30,US,9.4,9.182955639508435,2005-06-30,2010-05-31,0.21704436049156506,0.21704436049156506,0.047108254421192444
2010-07-31,AU,5.28825,5.265439550585638,2005-07-31,2010-06-30,0.0228104494143615,0.0228104494143615,0.0005203166024851449
2010-07-31,CA,8.2,8.068640964128157,2005-07-31,2010-06-30,0.13135903587184217,0.13135903587184217,0.017255196305179916
2010-07-31,DE,6.5,6.641528656985405,2005-07-31,2010-06-30,-0.14152865698540484,0.14152865698540484,0.020030360748092384
2010-07-31,FR,9.2,9.105298163891469,2005-07-31,2010-06-30,0.09470183610853056,0.09470183610853056,0.008968437762326982
2010-07-31,GB,7.8,7.707023069731719,2005-07-31,2010-06-30,0.09297693026828124,0.09297693026828124,0.008644709562112832
2010-07-31,IT,8.5,8.508710428368184,2005-07-31,2010-06-30,-0.008710428368184253,0.008710428368184253,7.5871562357269e-05
2010-07-31,JP,5.0,5.160012361257637,2005-07-31,2010-06-30,-0.16001236125763718,0.16001236125763718,0.025603955755244587
2010-07-31,KR,3.8,3.896196259386679,2005-07-31,2010-06-30,-0.0961962593866792,0.0961962593866792,0.009253720319989264
2010-07-31,US,9.4,9.044069570122518,2005-07-31,2010-06-30,0.3559304298774819,0.3559304298774819,0.12668647091276908
2010-08-31,AU,5.032184,5.375873279414418,2005-08-31,2010-07-31,-0.3436892794144182,0.3436892794144182,0.11812232078440202
2010-08-31,CA,8.2,8.261038937831675,2005-08-31,2010-07-31,-0.061038937831675355,0.061038937831675355,0.003725751931619129
2010-08-31,DE,6.4,6.452197499062292,2005-08-31,2010-07-31,-0.05219749906229154,0.05219749906229154,0.0027245789083579263
2010-08-31,FR,9.2,9.121325209345846,2005-08-31,2010-07-31,0.07867479065415317,0.07867479065415317,0.0061897226844748274
2010-08-31,GB,7.8,7.862227723756099,2005-08-31,2010-07-31,-0.06222772375609953,0.06222772375609953,0.0038722896038654335
2010-08-31,IT,8.5,8.369126092782492,2005-08-31,2010-07-31,0.13087390721750758,0.13087390721750758,0.017127979590376784
2010-08-31,JP,5.1,5.065836933086028,2005-08-31,2010-07-31,0.03416306691397164,0.03416306691397164,0.0011671151409685038
2010-08-31,KR,3.5,3.9722348403788126,2005-08-31,2010-07-31,-0.4722348403788126,0.4722348403788126,0.2230057444676026
2010-08-31,US,9.5,9.262081797588031,2005-08-31,2010-07-31,0.2379182024119686,0.2379182024119686,0.05660507103894246
2010-09-30,AU,5.054316,5.197053014371734,2005-09-30,2010-08-31,-0.14273701437173436,0.14273701437173436,0.0203738552717567
2010-09-30,CA,8.2,8.363250337885926,2005-09-30,2010-08-31,-0.1632503378859269,0.1632503378859269,0.026650672819869305
2010-09-30,DE,6.4,6.352507707553698,2005-09-30,2010-08-31,0.04749229244630193,0.04749229244630193,0.0022555178418050673
2010-09-30,FR,9.2,9.145990893482326,2005-09-30,2010-08-31,0.054009106517673544,0.054009106517673544,0.002916983586837407
2010-09-30,GB,7.9,7.806236938064899,2005-09-30,2010-08-31,0.09376306193510153,0.09376306193510153,0.008791511783445685
2010-09-30,IT,8.3,8.547610662887646,2005-09-30,2010-08-31,-0.2476106628876451,0.2476106628876451,0.06131104037565903
2010-09-30,JP,5.1,5.126656510684497,2005-09-30,2010-08-31,-0.02665651068449737,0.02665651068449737,0.0007105695618727225
2010-09-30,KR,3.7,3.583373479141271,2005-09-30,2010-08-31,0.11662652085872915,0.11662652085872915,0.013601745367611587
2010-09-30,US,9.5,9.287780059250515,2005-09-30,2010-08-31,0.2122199407494847,0.2122199407494847,0.045037303251714796
2010-10-31,AU,5.284854,5.267562553418978,2005-10-31,2010-09-30,0.017291446581022107,0.017291446581022107,0.0002989941248643411
2010-10-31,CA,8.1,7.946869674890334,2005-10-31,2010-09-30,0.1531303251096654,0.1531303251096654,0.023448896468191822
2010-10-31,DE,6.3,6.398883157344146,2005-10-31,2010-09-30,-0.09888315734414643,0.09888315734414643,0.00977787880634722
2010-10-31,FR,9.2,9.282482090021594,2005-10-31,2010-09-30,-0.08248209002159435,0.08248209002159435,0.006803295174330394
2010-10-31,GB,7.9,7.783187447412757,2005-10-31,2010-09-30,0.11681255258724299,0.11681255258724299,0.01364517244194741
2010-10-31,IT,8.5,8.25037306036422,2005-10-31,2010-09-30,0.24962693963577998,0.24962693963577998,0.06231360899192534
2010-10-31,JP,5.1,5.0611152438263085,2005-10-31,2010-09-30,0.03888475617369114,0.03888475617369114,0.001512024262687411
2010-10-31,KR,3.7,3.8067559896837135,2005-10-31,2010-09-30,-0.10675598968371336,0.10675598968371336,0.011396841333349114
2010-10-31,US,9.4,9.385013902098423,2005-10-31,2010-09-30,0.014986097901577011,0.014986097901577011,0.0002245831303156509
2010-11-30,AU,5.109206,5.243110463663406,2005-11-30,2010-10-31,-0.1339044636634057,0.1339044636634057,0.017930405388984334
2010-11-30,CA,7.9,7.99809567582797,2005-11-30,2010-10-31,-0.09809567582796941,0.09809567582796941,0.009622761616146062
2010-11-30,DE,6.2,6.398678506163378,2005-11-30,2010-10-31,-0.198678506163378,0.198678506163378,0.039473148811311434
2010-11-30,FR,9.2,9.17520560474687,2005-11-30,2010-10-31,0.024794395253129764,0.024794395253129764,0.0006147620359684238
2010-11-30,GB,7.9,7.7442953254183164,2005-11-30,2010-10-31,0.1557046745816839,0.1557046745816839,0.024243945686588084
2010-11-30,IT,8.3,8.550998162218187,2005-11-30,2010-10-31,-0.2509981622181865,0.2509981622181865,0.06300007743690707
2010-11-30,JP,5.0,5.075197409150525,2005-11-30,2010-10-31,-0.0751974091505252,0.0751974091505252,0.005654650342951491
2010-11-30,KR,3.3,3.6643837318917516,2005-11-30,2010-10-31,-0.36438373189175177,0.36438373189175177,0.13277550406736005
2010-11-30,US,9.8,9.334899150469592,2005-11-30,2010-10-31,0.4651008495304083,0.4651008495304083,0.2163188002339075
2010-12-31,AU,4.876918,5.156827556611007,2005-12-31,2010-11-30,-0.279909556611007,0.279909556611007,0.07834935988217055
2010-12-31,CA,7.8,8.07281712328712,2005-12-31,2010-11-30,-0.27281712328711993,0.27281712328711993,0.0744291827586596
2010-12-31,DE,6.1,6.309834842840367,2005-12-31,2010-11-30,-0.20983484284036713,0.20983484284036713,0.04403066126984157
2010-12-31,FR,9.2,9.164015075294493,2005-12-31,2010-11-30,0.03598492470550596,0.03598492470550596,0.0012949148060609332
2010-12-31,GB,7.9,7.792604959169178,2005-12-31,2010-11-30,0.10739504083082263,0.10739504083082263,0.01153369479505406
2010-12-31,IT,8.2,8.33228391803383,2005-12-31,2010-11-30,-0.13228391803383133,0.13228391803383133,0.017499034970381404
2010-12-31,JP,4.9,5.011516495936149,2005-12-31,2010-11-30,-0.11151649593614898,0.11151649593614898,0.012435928865877133
2010-12-31,KR,3.7,3.472577573165791,2005-12-31,2010-11-30,0.2274224268342091,0.2274224268342091,0.05172096022716119
2010-12-31,US,9.3,9.913965008761442,2005-12-31,2010-11-30,-0.6139650087614417,0.6139650087614417,0.37695303198343716
2011-01-31,AU,5.003428,4.999271605144079,2006-01-31,2010-12-31,0.0041563948559213415,0.0041563948559213415,1.727561819832939e-05
2011-01-31,CA,7.8,7.706362216017504,2006-01-31,2010-12-31,0.093637783982496,0.093637783982496,0.008768034589152585
2011-01-31,DE,6.0,6.272105869496497,2006-01-31,2010-12-31,-0.27210586949649684,0.27210586949649684,0.07404160421444457
2011-01-31,FR,9.2,9.134343111570194,2006-01-31,2010-12-31,0.065656888429805,0.065656888429805,0.004310826998283861
2011-01-31,GB,7.8,7.688991238380637,2006-01-31,2010-12-31,0.11100876161936313,0.11100876161936313,0.012322945156264588
2011-01-31,IT,8.1,8.058237475817695,2006-01-31,2010-12-31,0.04176252418230497,0.04176252418230497,0.0017441084260776075
2011-01-31,JP,4.8,4.951633302020507,2006-01-31,2010-12-31,-0.15163330202050762,0.15163330202050762,0.02299265828164248
2011-01-31,KR,3.6,3.642078176876244,2006-01-31,2010-12-31,-0.04207817687624393,0.04207817687624393,0.0017705729692284696
2011-01-31,US,9.1,9.015184244664402,2006-01-31,2010-12-31,0.08481575533559749,0.08481575533559749,0.007193712353147933
2011-02-28,AU,4.97187,5.089011476296996,2006-02-28,2011-01-31,-0.11714147629699578,0.11714147629699578,0.013722125469039625
2011-02-28,CA,7.8,7.697738361092531,2006-02-28,2011-01-31,0.10226163890746864,0.10226163890746864,0.010457442792041504
2011-02-28,DE,5.9,5.905658220970312,2006-02-28,2011-01-31,-0.005658220970311767,0.005658220970311767,3.201546454887583e-05
2011-02-28,FR,9.2,9.153792131383621,2006-02-28,2011-01-31,0.04620786861637782,0.04620786861637782,0.0021351671220684347
2011-02-28,GB,7.8,7.754045908971373,2006-02-28,2011-01-31,0.045954091028626465,0.045954091028626465,0.0021117784822672872
2011-02-28,IT,8.1,8.021158370141226,2006-02-28,2011-01-31,0.07884162985877374,0.07884162985877374,0.006216002598787884
2011-02-28,JP,4.7,4.78459314304282,2006-02-28,2011-01-31,-0.08459314304282017,0.08459314304282017,0.0071559998498630355
2011-02-28,KR,3.6,3.5682041482195443,2006-02-28,2011-01-31,0.03179585178045574,0.03179585178045574,0.0010109761904447106
2011-02-28,US,9.0,8.844218165261552,2006-02-28,2011-01-31,0.1557818347384483,0.1557818347384483,0.02426798003447722
2011-03-31,AU,4.926472,5.147127278443128,2006-03-31,2011-02-28,-0.22065527844312793,0.22065527844312793,0.048688751904814316
2011-03-31,CA,7.8,7.74055813329685,2006-03-31,2011-02-28,0.05944186670314977,0.05944186670314977,0.0035333355171550253
2011-03-31,DE,5.7,5.763546203202489,2006-03-31,2011-02-28,-0.06354620320248916,0.06354620320248916,0.004038119941452044
2011-03-31,FR,9.1,9.18269994709398,2006-03-31,2011-02-28,-0.08269994709397999,0.08269994709397999,0.006839281249347089
2011-03-31,GB,7.7,7.7977747602189424,2006-03-31,2011-02-28,-0.09777476021894227,0.09777476021894227,0.009559903735871655
2011-03-31,IT,8.1,8.047908799654932,2006-03-31,2011-02-28,0.052091200345067534,0.052091200345067534,0.002713493153389964
2011-03-31,JP,4.7,4.427770261984244,2006-03-31,2011-02-28,0.27222973801575634,0.27222973801575634,0.07410903026012733
2011-03-31,KR,3.7,3.581507411861831,2006-03-31,2011-02-28,0.1184925881381691,0.1184925881381691,0.014040493443681771
2011-03-31,US,9.0,8.657364998331195,2006-03-31,2011-02-28,0.3426350016688051,0.3426350016688051,0.11739874436858208
2011-04-30,AU,4.959724,5.037440768235455,2006-04-30,2011-03-31,-0.07771676823545537,0.07771676823545537,0.006039896064963485
2011-04-30,CA,7.8,7.701179432765706,2006-04-30,2011-03-31,0.09882056723429411,0.09882056723429411,0.009765504508507643
2011-04-30,DE,5.6,5.7579261371406325,2006-04-30,2011-03-31,-0.15792613714063286,0.15792613714063286,0.024940664792161976
2011-04-30,FR,9.1,9.066856387863009,2006-04-30,2011-03-31,0.0331436121369908,0.0331436121369908,0.0010984990254872837
2011-04-30,GB,7.8,7.6835440027605015,2006-04-30,2011-03-31,0.11645599723949829,0.11645599723949829,0.013561999293046034
2011-04-30,IT,7.9,8.019459277723646,2006-04-30,2011-03-31,-0.11945927772364584,0.11945927772364584,0.014270519034255148
2011-04-30,JP,4.7,4.702023582962015,2006-04-30,2011-03-31,-0.0020235829620149914,0.0020235829620149914,4.0948880041573665e-06
2011-04-30,KR,3.5,3.6117776585201615,2006-04-30,2011-03-31,-0.11177765852016153,0.11177765852016153,0.01249424494424984
2011-04-30,US,9.1,8.90615203392235,2006-04-30,2011-03-31,0.19384796607764976,0.19384796607764976,0.03757703395244165
2011-05-31,AU,5.013318,5.060908695670571,2006-05-31,2011-04-30,-0.04759069567057139,0.04759069567057139,0.0022648743144089425
2011-05-31,CA,7.7,7.676579335194583,2006-05-31,2011-04-30,0.0234206648054176,0.0234206648054176,0.0005485275399277267
2011-05-31,DE,5.6,5.804980221578448,2006-05-31,2011-04-30,-0.20498022157844797,0.20498022157844797,0.042016891238349625
2011-05-31,FR,9.1,9.127246644507334,2006-05-31,2011-04-30,-0.027246644507334494,0.027246644507334494,0.000742379636909061
2011-05-31,GB,7.9,7.779091615706094,2006-05-31,2011-04-30,0.12090838429390605,0.12090838429390605,0.014618837392562867
2011-05-31,IT,8.3,7.892009767554827,2006-05-31,2011-04-30,0.4079902324451741,0.4079902324451741,0.16645602977066717
2011-05-31,JP,4.6,4.6695558283858585,2006-05-31,2011-04-30,-0.06955582838585883,0.06955582838585883,0.004838013262443045
2011-05-31,KR,3.3,3.5717027625515145,2006-05-31,2011-04-30,-0.2717027625515147,0.2717027625515147,0.07382239117812478
2011-05-31,US,9.0,8.88844711667828,2006-05-31,2011-04-30,0.11155288332171942,0.11155288332171942,0.012444045777389147
2011-06-30,AU,4.916609,5.05900679480082,2006-06-30,2011-05-31,-0.1423977948008197,0.1423977948008197,0.020277131964136358
2011-06-30,CA,7.7,7.696384185010001,2006-06-30,2011-05-31,0.0036158149899989667,0.0036158149899989667,1.3074118041901227e-05
2011-06-30,DE,5.5,5.6519719041699785,2006-06-30,2011-05-31,-0.15197190416997852,0.15197190416997852,0.023095459657049136
2011-06-30,FR,9.1,9.029674712965821,2006-06-30,2011-05-31,0.07032528703417817,0.07032528703417817,0.004945645996439549
2011-06-30,GB,8.0,7.857442646547328,2006-06-30,2011-05-31,0.14255735345267162,0.14255735345267162,0.020322599023429946
2011-06-30,IT,8.3,8.369814705829695,2006-06-30,2011-05-31,-0.06981470582969429,0.06981470582969429,0.00487409315008675
2011-06-30,JP,4.7,4.665142688272887,2006-06-30,2011-05-31,0.03485731172711315,0.03485731172711315,0.0012150321808411398
2011-06-30,KR,3.3,3.564471283950034,2006-06-30,2011-05-31,-0.26447128395003405,0.26447128395003405,0.06994506003417954
2011-06-30,US,9.1,9.1375081434482,2006-06-30,2011-05-31,-0.03750814344819986,0.03750814344819986,0.001406860824930738
2011-07-31,AU,5.092914,4.976520759917409,2006-07-31,2011-06-30,0.11639324008259155,0.11639324008259155,0.013547386336923798
2011-07-31,CA,7.4,7.705640559387288,2006-07-31,2011-06-30,-0.30564055938728796,0.30564055938728796,0.0934161515425743
2011-07-31,DE,5.5,5.5540850975469,2006-07-31,2011-06-30,-0.05408509754690005,0.05408509754690005,0.002925197776657694
2011-07-31,FR,9.2,9.104654405970392,2006-07-31,2011-06-30,0.09534559402960774,0.09534559402960774,0.00909078230085877
2011-07-31,GB,8.2,7.959257468298728,2006-07-31,2011-06-30,0.24074253170127147,0.24074253170127147,0.0579569665699377
2011-07-31,IT,8.5,8.272302522261958,2006-07-31,2011-06-30,0.22769747773804205,0.22769747773804205,0.05184614136826616
2011-07-31,JP,4.7,4.6544546754154625,2006-07-31,2011-06-30,0.04554532458453764,0.04554532458453764,0.0020743765915108886
2011-07-31,KR,3.4,3.459874718979641,2006-07-31,2011-06-30,-0.05987471897964092,0.05987471897964092,0.0035849819728909723
2011-07-31,US,9.0,9.155542134184072,2006-07-31,2011-06-30,-0.15554213418407237,0.15554213418407237,0.024193355506535973
2011-08-31,AU,5.270048,5.128391590665256,2006-08-31,2011-07-31,0.1416564093347441,0.1416564093347441,0.020066538305612575
2011-08-31,CA,7.4,7.417193732411288,2006-08-31,2011-07-31,-0.017193732411287854,0.017193732411287854,0.00029562443423097044
2011-08-31,DE,5.4,5.538388610177099,2006-08-31,2011-07-31,-0.13838861017709903,0.13838861017709903,0.019151407426749076
2011-08-31,FR,9.2,9.238405234711632,2006-08-31,2011-07-31,-0.038405234711632374,0.038405234711632374,0.0014749620532555723
2011-08-31,GB,8.3,8.083075247451156,2006-08-31,2011-07-31,0.21692475254884513,0.21692475254884513,0.04705634826837769
2011-08-31,IT,8.7,8.531814829765628,2006-08-31,2011-07-31,0.16818517023437174,0.16818517023437174,0.028286251486764603
2011-08-31,JP,4.5,4.6425222813347755,2006-08-31,2011-07-31,-0.1425222813347755,0.1425222813347755,0.0203126006768689
2011-08-31,KR,3.2,3.4367395708421027,2006-08-31,2011-07-31,-0.2367395708421025,0.2367395708421025,0.056045624402502874
2011-08-31,US,9.0,9.074553345018195,2006-08-31,2011-07-31,-0.07455334501819522,0.07455334501819522,0.005558201253402053
2011-09-30,AU,5.221719,5.166087762338137,2006-09-30,2011-08-31,0.05563123766186351,0.05563123766186351,0.003094834603790741
2011-09-30,CA,7.5,7.555508997095002,2006-09-30,2011-08-31,-0.05550899709500179,0.05550899709500179,0.003081248758492917
2011-09-30,DE,5.4,5.398723004084406,2006-09-30,2011-08-31,0.00127699591559427,0.00127699591559427,1.630718568444448e-06
2011-09-30,FR,9.2,9.180461994123682,2006-09-30,2011-08-31,0.019538005876317044,0.019538005876317044,0.0003817336736229993
2011-09-30,GB,8.4,8.321176069257604,2006-09-30,2011-08-31,0.0788239307423968,0.0788239307423968,0.006213212057682167
2011-09-30,IT,9.0,8.68053946465237,2006-09-30,2011-08-31,0.3194605353476305,0.3194605353476305,0.10205503364459469
2011-09-30,JP,4.2,4.567205162253206,2006-09-30,2011-08-31,-0.36720516225320576,0.36720516225320576,0.13483963118540318
2011-09-30,KR,3.3,3.630497841797792,2006-09-30,2011-08-31,-0.3304978417977922,0.3304978417977922,0.10922882343299847
2011-09-30,US,9.0,9.052066513215145,2006-09-30,2011-08-31,-0.052066513215144994,0.052066513215144994,0.0027109217983828683
2011-10-31,AU,5.187731,5.24419051079593,2006-10-31,2011-09-30,-0.05645951079592937,0.05645951079592937,0.003187676359315665
2011-10-31,CA,7.5,7.637946985009288,2006-10-31,2011-09-30,-0.13794698500928781,0.13794698500928781,0.019029370673152676
2011-10-31,DE,5.3,5.467805851783047,2006-10-31,2011-09-30,-0.1678058517830472,0.1678058517830472,0.028158803892634
2011-10-31,FR,9.3,9.198325624429724,2006-10-31,2011-09-30,0.10167437557027625,0.10167437557027625,0.010337678647605588
2011-10-31,GB,8.5,8.368228581113849,2006-10-31,2011-09-30,0.13177141888615118,0.13177141888615118,0.01736370683526952
2011-10-31,IT,8.9,8.976593689360062,2006-10-31,2011-09-30,-0.07659368936006139,0.07659368936006139,0.005866593249785582
2011-10-31,JP,4.4,4.333138555368555,2006-10-31,2011-09-30,0.06686144463144572,0.06686144463144572,0.004470452778203882
2011-10-31,KR,3.3,3.437420380056556,2006-10-31,2011-09-30,-0.1374203800565561,0.1374203800565561,0.018884360854888323
2011-10-31,US,8.8,9.137037138326221,2006-10-31,2011-09-30,-0.3370371383262203,0.3370371383262203,0.11359403261112774
2011-11-30,AU,5.231228,5.185680524879978,2006-11-30,2011-10-31,0.04554747512002155,0.04554747512002155,0.0020745724898089822
2011-11-30,CA,7.6,7.572130285764764,2006-11-30,2011-10-31,0.02786971423523532,0.02786971423523532,0.0007767209715536783
2011-11-30,DE,5.2,5.306461411112358,2006-11-30,2011-10-31,-0.10646141111235785,0.10646141111235785,0.011334032056034471
2011-11-30,FR,9.4,9.098694530740234,2006-11-30,2011-10-31,0.3013054692597663,0.3013054692597663,0.09078498580584798
2011-11-30,GB,8.4,8.361378112604921,2006-11-30,2011-10-31,0.03862188739507921,0.03862188739507921,0.0014916501859581785
2011-11-30,IT,9.4,9.00262209798395,2006-11-30,2011-10-31,0.39737790201604994,0.39737790201604994,0.15790919701067738
2011-11-30,JP,4.5,4.422548447305298,2006-11-30,2011-10-31,0.07745155269470239,0.07745155269470239,0.00599874301482026
2011-11-30,KR,3.3,3.4037384010982774,2006-11-30,2011-10-31,-0.10373840109827759,0.10373840109827759,0.010761655862427121
2011-11-30,US,8.6,8.828101743145035,2006-11-30,2011-10-31,-0.22810174314503584,0.22810174314503584,0.052030405225803905
2011-12-31,AU,5.196874,5.384843272681019,2006-12-31,2011-11-30,-0.18796927268101893,0.18796927268101893,0.03533244747223125
2011-12-31,CA,7.5,7.607004108041105,2006-12-31,2011-11-30,-0.10700410804110483,0.10700410804110483,0.011449879137672436
2011-12-31,DE,5.2,5.3506761828125775,2006-12-31,2011-11-30,-0.15067618281257733,0.15067618281257733,0.022703312066969225
2011-12-31,FR,9.4,9.39545969998083,2006-12-31,2011-11-30,0.004540300019170829,0.004540300019170829,2.061432426408263e-05
2011-12-31,GB,8.3,8.395610463208424,2006-12-31,2011-11-30,-0.09561046320842337,0.09561046320842337,0.009141360674929279
2011-12-31,IT,9.7,9.46926102629653,2006-12-31,2011-11-30,0.23073897370346863,0.23073897370346863,0.05324047398572999
2011-12-31,JP,4.5,4.538657883822041,2006-12-31,2011-11-30,-0.03865788382204105,0.03865788382204105,0.0014944319815984233
2011-12-31,KR,3.2,3.5910163855474053,2006-12-31,2011-11-30,-0.39101638554740514,0.39101638554740514,0.15289381376655697
2011-12-31,US,8.5,8.541287089352892,2006-12-31,2011-11-30,-0.041287089352891826,0.041287089352891826,0.0017046237472336735
2012-01-31,AU,5.047909,5.3278411163625226,2007-01-31,2011-12-31,-0.2799321163625228,0.2799321163625228,0.078361989771201
2012-01-31,CA,7.7,7.567766062599765,2007-01-31,2011-12-31,0.13223393740023504,0.13223393740023504,0.01748581420036928
2012-01-31,DE,5.1,5.243811532963259,2007-01-31,2011-12-31,-0.14381153296325966,0.14381153296325966,0.020681757013242718
2012-01-31,FR,9.5,9.36931994735645,2007-01-31,2011-12-31,0.13068005264354987,0.13068005264354987,0.017077276158920966
2012-01-31,GB,8.3,8.211699365041243,2007-01-31,2011-12-31,0.08830063495875784,0.08830063495875784,0.007797002134119807
2012-01-31,IT,9.7,9.469643387709215,2007-01-31,2011-12-31,0.23035661229078386,0.23035661229078386,0.053064168826086514
2012-01-31,JP,4.5,4.476783522244664,2007-01-31,2011-12-31,0.023216477755336307,0.023216477755336307,0.0005390048393640256
2012-01-31,KR,3.3,3.461052360596898,2007-01-31,2011-12-31,-0.16105236059689831,0.16105236059689831,0.025937862853833364
2012-01-31,US,8.3,8.443976129604051,2007-01-31,2011-12-31,-0.14397612960405048,0.14397612960405048,0.020729125895762344
2012-02-29,AU,5.191717,5.122136108200312,2007-02-28,2012-01-31,0.06958089179968763,0.06958089179968763,0.004841500503639837
2012-02-29,CA,7.6,7.593769016979546,2007-02-28,2012-01-31,0.006230983020453884,0.006230983020453884,3.882514940118461e-05
2012-02-29,DE,5.1,5.225756501194093,2007-02-28,2012-01-31,-0.12575650119409332,0.12575650119409332,0.015814697592579995
2012-02-29,FR,9.5,9.468268549740413,2007-02-28,2012-01-31,0.03173145025958668,0.03173145025958668,0.0010068849355766235
2012-02-29,GB,8.2,8.249496346161624,2007-02-28,2012-01-31,-0.04949634616162513,0.04949634616162513,0.0024498882833514225
2012-02-29,IT,10.1,9.483080909166972,2007-02-28,2012-01-31,0.6169190908330275,0.6169190908330275,0.3805891646342493
2012-02-29,JP,4.5,4.4552480473392295,2007-02-28,2012-01-31,0.04475195266077048,0.04475195266077048,0.002002737266951842
2012-02-29,KR,3.3,3.3657523923508026,2007-02-28,2012-01-31,-0.06575239235080277,0.06575239235080277,0.004323377099853906
2012-02-29,US,8.3,8.299393306933894,2007-02-28,2012-01-31,0.0006066930661070558,0.0006066930661070558,3.6807647646238033e-07
2012-03-31,AU,5.183195,5.198179231951348,2007-03-31,2012-02-29,-0.014984231951347127,0.014984231951347127,0.00022452720717177212
2012-03-31,CA,7.4,7.678031465975988,2007-03-31,2012-02-29,-0.27803146597598793,0.27803146597598793,0.07730149607275694
2012-03-31,DE,5.1,5.135581300088359,2007-03-31,2012-02-29,-0.035581300088359136,0.035581300088359136,0.0012660289159778658
2012-03-31,FR,9.6,9.519901524932783,2007-03-31,2012-02-29,0.08009847506721712,0.08009847506721712,0.006415765708093603
2012-03-31,GB,8.2,8.153660559866127,2007-03-31,2012-02-29,0.046339440133872145,0.046339440133872145,0.0021473437119207206
2012-03-31,IT,10.5,9.662697541416073,2007-03-31,2012-02-29,0.8373024585839275,0.8373024585839275,0.7010754071506896
2012-03-31,JP,4.5,4.5012071000550105,2007-03-31,2012-02-29,-0.0012071000550104571,0.0012071000550104571,1.4570905428062487e-06
2012-03-31,KR,3.3,3.4044068100660616,2007-03-31,2012-02-29,-0.10440681006606178,0.10440681006606178,0.0109007819881707
2012-03-31,US,8.2,8.171741343534816,2007-03-31,2012-02-29,0.028258656465183662,0.028258656465183662,0.0007985516652172664
2012-04-30,AU,4.994934,5.2062435379568734,2007-04-30,2012-03-31,-0.21130953795687368,0.21130953795687368,0.04465172083154744
2012-04-30,CA,7.4,7.482332534208276,2007-04-30,2012-03-31,-0.08233253420827591,0.08233253420827591,0.006778646189156923
2012-04-30,DE,5.1,5.0989318184035195,2007-04-30,2012-03-31,0.0010681815964801444,0.0010681815964801444,1.1410119230588702e-06
2012-04-30,FR,9.7,9.508216924001829,2007-04-30,2012-03-31,0.19178307599817046,0.19178307599817046,0.036780748239320024
2012-04-30,GB,8.1,8.227654474317237,2007-04-30,2012-03-31,-0.12765447431723764,0.12765447431723764,0.016295664813210285
2012-04-30,IT,10.7,9.696958044917652,2007-04-30,2012-03-31,1.003041955082347,1.003041955082347,1.0060931636554171
2012-04-30,JP,4.5,4.639030743704299,2007-04-30,2012-03-31,-0.13903074370429902,0.13903074370429902,0.019329547694970483
2012-04-30,KR,3.3,3.335000515646041,2007-04-30,2012-03-31,-0.03500051564604112,0.03500051564604112,0.0012250360954887691
2012-04-30,US,8.2,8.258938056941968,2007-04-30,2012-03-31,-0.05893805694196885,0.05893805694196885,0.003473694556094763
2012-05-31,AU,5.200464,5.018874012913068,2007-05-31,2012-04-30,0.18158998708693197,0.18158998708693197,0.03297492341023212
2012-05-31,CA,7.6,7.3939679843152994,2007-05-31,2012-04-30,0.2060320156847002,0.2060320156847002,0.04244919148710055
2012-05-31,DE,5.1,5.189232687343659,2007-05-31,2012-04-30,-0.0892326873436593,0.0892326873436593,0.007962472490571255
2012-05-31,FR,9.7,9.65952037448356,2007-05-31,2012-04-30,0.04047962551643991,0.04047962551643991,0.001638600081951213
2012-05-31,GB,8.0,8.120722064474247,2007-05-31,2012-04-30,-0.12072206447424705,0.12072206447424705,0.014573816850924261
2012-05-31,IT,10.6,9.665046524282815,2007-05-31,2012-04-30,0.9349534757171849,0.9349534757171849,0.8741380017556447
2012-05-31,JP,4.4,4.42289348797564,2007-05-31,2012-04-30,-0.02289348797563928,0.02289348797563928,0.0005241117916907404
2012-05-31,KR,3.2,3.301061950844757,2007-05-31,2012-04-30,-0.10106195084475678,0.10106195084475678,0.010213517908548035
2012-05-31,US,8.2,8.246543575804989,2007-05-31,2012-04-30,-0.046543575804989246,0.046543575804989246,0.00216630444871478
2012-06-30,AU,5.162393,5.208243167393626,2007-06-30,2012-05-31,-0.045850167393625796,0.045850167393625796,0.0021022378500235063
2012-06-30,CA,7.4,7.504102631073298,2007-06-30,2012-05-31,-0.10410263107329776,0.10410263107329776,0.01083735779638314
2012-06-30,DE,5.1,5.109528930798807,2007-06-30,2012-05-31,-0.009528930798807345,0.009528930798807345,9.080052216845917e-05
2012-06-30,FR,9.7,9.523733199559397,2007-06-30,2012-05-31,0.17626680044060272,0.17626680044060272,0.031069984937567265
2012-06-30,GB,8.0,8.047706740986682,2007-06-30,2012-05-31,-0.047706740986681595,0.047706740986681595,0.0022759331355703257
2012-06-30,IT,11.0,10.03378802626163,2007-06-30,2012-05-31,0.9662119737383694,0.9662119737383694,0.9335655781953954
2012-06-30,JP,4.3,4.613860540022174,2007-06-30,2012-05-31,-0.31386054002217456,0.31386054002217456,0.09850843858301105
2012-06-30,KR,3.2,3.3107315307308127,2007-06-30,2012-05-31,-0.11073153073081254,0.11073153073081254,0.012261471897988882
2012-06-30,US,8.2,8.14469700321287,2007-06-30,2012-05-31,0.05530299678712858,0.05530299678712858,0.003058421453637154
2012-07-31,AU,5.182356,5.089439829865633,2007-07-31,2012-06-30,0.0929161701343677,0.0929161701343677,0.008633414672438765
2012-07-31,CA,7.3,7.408843014604097,2007-07-31,2012-06-30,-0.10884301460409684,0.10884301460409684,0.011846801828107639
2012-07-31,DE,5.1,5.186681601556998,2007-07-31,2012-06-30,-0.08668160155699844,0.08668160155699844,0.007513700048486235
2012-07-31,FR,9.7,9.73027339197147,2007-07-31,2012-06-30,-0.030273391971471497,0.030273391971471497,0.0009164782614583549
2012-07-31,GB,7.9,8.005998947329378,2007-07-31,2012-06-30,-0.1059989473293772,0.1059989473293772,0.011235776834936081
2012-07-31,IT,11.1,10.272692831890277,2007-07-31,2012-06-30,0.8273071681097228,0.8273071681097228,0.6844371504057292
2012-07-31,JP,4.3,4.341274532976475,2007-07-31,2012-06-30,-0.04127453297647499,0.04127453297647499,0.0017035870724261212
2012-07-31,KR,3.2,3.6263879359368976,2007-07-31,2012-06-30,-0.4263879359368974,0.4263879359368974,0.18180667191252772
2012-07-31,US,8.2,8.158404556202571,2007-07-31,2012-06-30,0.04159544379742819,0.04159544379742819,0.0017301809447050071
2012-08-31,AU,5.157031,5.140091826420358,2007-08-31,2012-07-31,0.01693917357964203,0.01693917357964203,0.0002869356015612426
2012-08-31,CA,7.4,7.295034126426706,2007-08-31,2012-07-31,0.10496587357329457,0.10496587357329457,0.011017834615004858
2012-08-31,DE,5.0,5.099629419332572,2007-08-31,2012-07-31,-0.09962941933257241,0.09962941933257241,0.009926021196545553
2012-08-31,FR,9.7,9.887010883654222,2007-08-31,2012-07-31,-0.18701088365422258,0.18701088365422258,0.034973070605133175
2012-08-31,GB,7.8,7.950565801594846,2007-08-31,2012-07-31,-0.1505658015948459,0.1505658015948459,0.0226700606098985
2012-08-31,IT,11.1,10.357887194722414,2007-08-31,2012-07-31,0.7421128052775856,0.7421128052775856,0.5507314157569677
2012-08-31,JP,4.2,4.439298809191007,2007-08-31,2012-07-31,-0.23929880919100643,0.23929880919100643,0.057263920080233705
2012-08-31,KR,3.2,3.4129365896107773,2007-08-31,2012-07-31,-0.2129365896107771,0.2129365896107771,0.04534199119506851
2012-08-31,US,8.1,8.208616687529048,2007-08-31,2012-07-31,-0.1086166875290484,0.1086166875290484,0.01179758480978294
2012-09-30,AU,5.488333,5.169451301813218,2007-09-30,2012-08-31,0.31888169818678147,0.31888169818678147,0.10168553743848559
2012-09-30,CA,7.4,7.445696546572132,2007-09-30,2012-08-31,-0.04569654657213196,0.04569654657213196,0.002088174368619025
2012-09-30,DE,5.0,4.973570853273329,2007-09-30,2012-08-31,0.02642914672667107,0.02642914672667107,0.0006984997966999082
2012-09-30,FR,9.8,9.839258120706361,2007-09-30,2012-08-31,-0.0392581207063607,0.0392581207063607,0.0015412000413951867
2012-09-30,GB,7.8,7.890098871997476,2007-09-30,2012-08-31,-0.09009887199747624,0.09009887199747624,0.008117806735217607
2012-09-30,IT,11.3,10.459315186186956,2007-09-30,2012-08-31,0.8406848138130449,0.8406848138130449,0.706750956175874
2012-09-30,JP,4.2,4.380172867017314,2007-09-30,2012-08-31,-0.18017286701731372,0.18017286701731372,0.032462262009238615
2012-09-30,KR,3.2,3.3965538733018117,2007-09-30,2012-08-31,-0.1965538733018115,0.1965538733018115,0.03863342510994457
2012-09-30,US,7.8,8.127401987277706,2007-09-30,2012-08-31,-0.32740198727770586,0.32740198727770586,0.10719206127339108
2012-10-31,AU,5.410439,5.330380858178746,2007-10-31,2012-09-30,0.08005814182125448,0.08005814182125448,0.006409306071872096
2012-10-31,CA,7.4,7.316918533438148,2007-10-31,2012-09-30,0.08308146656185222,0.08308146656185222,0.0069025300860681696
2012-10-31,DE,5.0,5.0802022113803496,2007-10-31,2012-09-30,-0.08020221138034955,0.08020221138034955,0.006432394710298272
2012-10-31,FR,10.1,9.83463894638466,2007-10-31,2012-09-30,0.2653610536153401,0.2653610536153401,0.07041648877584342
2012-10-31,GB,7.8,7.857651893710312,2007-10-31,2012-09-30,-0.057651893710311874,0.057651893710311874,0.003323740848385098
2012-10-31,IT,11.6,10.461219323791218,2007-10-31,2012-09-30,1.138780676208782,1.138780676208782,1.2968214285065307
2012-10-31,JP,4.1,4.20465943069944,2007-10-31,2012-09-30,-0.10465943069944039,0.10465943069944039,0.010953596434330966
2012-10-31,KR,3.1,3.2577794163801577,2007-10-31,2012-09-30,-0.15777941638015758,0.15777941638015758,0.024894344233263137
2012-10-31,US,7.8,7.897763268982903,2007-10-31,2012-09-30,-0.0977632689829031,0.0977632689829031,0.009557656762223464
2012-11-30,AU,5.256884,5.383050034300961,2007-11-30,2012-10-31,-0.12616603430096074,0.12616603430096074,0.0159178682112312
2012-11-30,CA,7.4,7.497127662892167,2007-11-30,2012-10-31,-0.09712766289216646,0.09712766289216646,0.009433782898894329
2012-11-30,DE,5.0,5.0157239357542105,2007-11-30,2012-10-31,-0.015723935754210494,0.015723935754210494,0.00024724215560253916
2012-11-30,FR,10.2,9.871099018840022,2007-11-30,2012-10-31,0.32890098115997723,0.32890098115997723,0.1081758554079957
2012-11-30,GB,7.8,7.818418118642095,2007-11-30,2012-10-31,-0.01841811864209486,0.01841811864209486,0.00033922709431428224
2012-11-30,IT,11.6,10.728466443918975,2007-11-30,2012-10-31,0.8715335560810242,0.8715335560810242,0.7595707393752358
2012-11-30,JP,4.1,4.279761544257294,2007-11-30,2012-10-31,-0.1797615442572944,0.1797615442572944,0.032314212793767214
2012-11-30,KR,3.2,3.407409837859056,2007-11-30,2012-10-31,-0.20740983785905565,0.20740983785905565,0.04301884084071975
2012-11-30,US,7.7,7.641490250541078,2007-11-30,2012-10-31,0.0585097494589224,0.0585097494589224,0.00342339078174587
2012-12-31,AU,5.432442,5.132388626509665,2007-12-31,2012-11-30,0.3000533734903348,0.3000533734903348,0.09003202694293035
2012-12-31,CA,7.3,7.479228963660413,2007-12-31,2012-11-30,-0.17922896366041297,0.17922896366041297,0.03212302141478563
2012-12-31,DE,5.0,5.2471582363730045,2007-12-31,2012-11-30,-0.2471582363730045,0.2471582363730045,0.06108719380701396
2012-12-31,FR,10.3,10.202922356706868,2007-12-31,2012-11-30,0.09707764329313306,0.09707764329313306,0.009424068827348782
2012-12-31,GB,7.8,7.777505081773367,2007-12-31,2012-11-30,0.02249491822663252,0.02249491822663252,0.000506021346022884
2012-12-31,IT,11.7,10.931384341232372,2007-12-31,2012-11-30,0.7686156587676276,0.7686156587676276,0.5907700309027941
2012-12-31,JP,4.3,4.115029892659525,2007-12-31,2012-11-30,0.18497010734047503,0.18497010734047503,0.034213940609546856
2012-12-31,KR,3.2,3.6646828060265255,2007-12-31,2012-11-30,-0.46468280602652534,0.46468280602652534,0.21593011021668537
2012-12-31,US,7.9,7.60431230478581,2007-12-31,2012-11-30,0.29568769521419025,0.29568769521419025,0.08743121310107986
2013-01-31,AU,5.389523,5.338029557813587,2008-01-31,2012-12-31,0.05149344218641261,0.05149344218641261,0.002651574588205418
2013-01-31,CA,7.1,7.26217171022926,2008-01-31,2012-12-31,-0.16217171022926014,0.16217171022926014,0.026299663598683118
2013-01-31,DE,5.1,4.907626804724808,2008-01-31,2012-12-31,0.19237319527519148,0.19237319527519148,0.037007446260386954
2013-01-31,FR,10.4,10.032256476734785,2008-01-31,2012-12-31,0.3677435232652151,0.3677435232652151,0.1352352989035138
2013-01-31,GB,8.0,7.840959185913815,2008-01-31,2012-12-31,0.1590408140861852,0.1590408140861852,0.025293980545196524
2013-01-31,IT,12.0,10.842386507856327,2008-01-31,2012-12-31,1.157613492143673,1.157613492143673,1.3400689971930695
2013-01-31,JP,4.2,4.340204695852221,2008-01-31,2012-12-31,-0.14020469585222095,0.14020469585222095,0.01965735673901378
2013-01-31,KR,3.2,3.592188697832358,2008-01-31,2012-12-31,-0.39218869783235766,0.39218869783235766,0.15381197470744035
2013-01-31,US,8.0,7.903907685470326,2008-01-31,2012-12-31,0.09609231452967393,0.09609231452967393,0.009233732911669783
2013-02-28,AU,5.394335,5.371805852910521,2008-02-29,2013-01-31,0.02252914708947884,0.02252914708947884,0.0005075624685793729
2013-02-28,CA,7.1,6.983627387032462,2008-02-29,2013-01-31,0.11637261296753731,0.11637261296753731,0.013542585048892233
2013-02-28,DE,5.1,5.084986263423799,2008-02-29,2013-01-31,0.015013736576200643,0.015013736576200643,0.00022541228597954498
2013-02-28,FR,10.4,10.206886129784024,2008-02-29,2013-01-31,0.19311387021597604,0.19311387021597604,0.03729296686979284
2013-02-28,GB,7.8,7.98945982128896,2008-02-29,2013-01-31,-0.18945982128895977,0.18945982128895977,0.03589502388284457
2013-02-28,IT,12.0,11.071359939340386,2008-02-29,2013-01-31,0.9286400606596139,0.9286400606596139,0.8623723622618914
2013-02-28,JP,4.3,4.170836694228624,2008-02-29,2013-01-31,0.12916330577137547,0.12916330577137547,0.016683159557789835
2013-02-28,KR,3.1,3.346179410681465,2008-02-29,2013-01-31,-0.24617941068146498,0.24617941068146498,0.06060430224347339
2013-02-28,US,7.7,8.022922653749124,2008-02-29,2013-01-31,-0.32292265374912343,0.32292265374912343,0.10427904030437626
2013-03-31,AU,5.640448,5.337779111370736,2008-03-31,2013-02-28,0.3026688886292641,0.3026688886292641,0.09160845614407388
2013-03-31,CA,7.3,7.136986416078905,2008-03-31,2013-02-28,0.16301358392109488,0.16301358392109488,0.026573428542799846
2013-03-31,DE,5.0,5.143671956574894,2008-03-31,2013-02-28,-0.1436719565748943,0.1436719565748943,0.02064163110605831
2013-03-31,FR,10.4,10.289686417088864,2008-03-31,2013-02-28,0.11031358291113591,0.11031358291113591,0.012169086574692057
2013-03-31,GB,7.8,7.83277181749828,2008-03-31,2013-02-28,-0.032771817498280065,0.032771817498280065,0.0010739920221405754
2013-03-31,IT,12.0,11.212974335210196,2008-03-31,2013-02-28,0.7870256647898035,0.7870256647898035,0.6194093970378322
2013-03-31,JP,4.1,4.25371087334911,2008-03-31,2013-02-28,-0.1537108733491106,0.1537108733491106,0.02362703258574632
2013-03-31,KR,3.0,3.151378692707146,2008-03-31,2013-02-28,-0.1513786927071461,0.1513786927071461,0.02291550860572457
2013-03-31,US,7.5,7.666270617729153,2008-03-31,2013-02-28,-0.16627061772915308,0.16627061772915308,0.027645918320034154
2013-04-30,AU,5.589105,5.605159145908999,2008-04-30,2013-03-31,-0.016054145908999118,0.016054145908999118,0.0002577356008674331
2013-04-30,CA,7.2,7.343209526295394,2008-04-30,2013-03-31,-0.14320952629539363,0.14320952629539363,0.02050896842175104
2013-04-30,DE,5.0,5.065238033305721,2008-04-30,2013-03-31,-0.06523803330572076,0.06523803330572076,0.004256000989598331
2013-04-30,FR,10.5,10.348919198479663,2008-04-30,2013-03-31,0.15108080152033665,0.15108080152033665,0.022825408588027358
2013-04-30,GB,7.7,7.85527933118214,2008-04-30,2013-03-31,-0.15527933118213966,0.15527933118213966,0.02411167069237261
2013-04-30,IT,12.2,11.04888708713537,2008-04-30,2013-03-31,1.1511129128646296,1.1511129128646296,1.3250609381636922
2013-04-30,JP,4.1,4.188604658974994,2008-04-30,2013-03-31,-0.0886046589749947,0.0886046589749947,0.007850785592075108
2013-04-30,KR,3.0,3.114266607083615,2008-04-30,2013-03-31,-0.11426660708361513,0.11426660708361513,0.013056857494401285
2013-04-30,US,7.6,7.613286159542012,2008-04-30,2013-03-31,-0.013286159542012399,0.013286159542012399,0.00017652203537580713
2013-05-31,AU,5.609777,5.561617606881523,2008-05-31,2013-04-30,0.04815939311847739,0.04815939311847739,0.0023193271455400474
2013-05-31,CA,7.1,7.208772559548691,2008-05-31,2013-04-30,-0.10877255954869103,0.10877255954869103,0.011831469710773536
2013-05-31,DE,5.0,4.993128466912848,2008-05-31,2013-04-30,0.0068715330871516045,0.0068715330871516045,4.721796696781926e-05
2013-05-31,FR,10.4,10.228645673940482,2008-05-31,2013-04-30,0.17135432605951806,0.17135432605951806,0.02936230505931163
2013-05-31,GB,7.7,7.6794290408700485,2008-05-31,2013-04-30,0.02057095912995166,0.02057095912995166,0.00042316435952614157
2013-05-31,IT,12.4,11.294427907984455,2008-05-31,2013-04-30,1.1055720920155458,1.1055720920155458,1.2222896506436305
2013-05-31,JP,4.1,4.174021350136933,2008-05-31,2013-04-30,-0.07402135013693378,0.07402135013693378,0.005479160276094547
2013-05-31,KR,3.1,3.3011884182233806,2008-05-31,2013-04-30,-0.20118841822338052,0.20118841822338052,0.04047677962722587
2013-05-31,US,7.5,7.535033821219557,2008-05-31,2013-04-30,-0.03503382121955667,0.03503382121955667,0.0012273686292438592
2013-06-30,AU,5.694923,5.645929457618576,2008-06-30,2013-05-31,0.048993542381424504,0.048993542381424504,0.0024003671950804393
2013-06-30,CA,7.2,7.03189721661207,2008-06-30,2013-05-31,0.16810278338792983,0.16810278338792983,0.02825854578276926
2013-06-30,DE,4.9,5.068905727760036,2008-06-30,2013-05-31,-0.16890572776003587,0.16890572776003587,0.028529144870147353
2013-06-30,FR,10.4,10.443337532833032,2008-06-30,2013-05-31,-0.0433375328330321,0.0433375328330321,0.0018781417520541352
2013-06-30,GB,7.7,7.6785081540114115,2008-06-30,2013-05-31,0.021491845988588665,0.021491845988588665,0.0004618994439972147
2013-06-30,IT,12.5,11.276945978042097,2008-06-30,2013-05-31,1.2230540219579034,1.2230540219579034,1.4958611406274036
2013-06-30,JP,3.9,4.1315705373998135,2008-06-30,2013-05-31,-0.2315705373998136,0.2315705373998136,0.053624913791638466
2013-06-30,KR,3.1,3.1627235436789296,2008-06-30,2013-05-31,-0.06272354367892952,0.06272354367892952,0.003934242931642579
2013-06-30,US,7.5,7.578844715778252,2008-06-30,2013-05-31,-0.07884471577825192,0.07884471577825192,0.006216489206153327
2013-07-31,AU,5.635702,5.554125374339614,2008-07-31,2013-06-30,0.08157662566038582,0.08157662566038582,0.006654745854134717
2013-07-31,CA,7.3,7.1364622389625305,2008-07-31,2013-06-30,0.1635377610374693,0.1635377610374693,0.026744599285148416
2013-07-31,DE,4.9,5.019664142427292,2008-07-31,2013-06-30,-0.11966414242729151,0.11966414242729151,0.014319506982859108
2013-07-31,FR,10.3,10.515125756212985,2008-07-31,2013-06-30,-0.21512575621298424,0.21512575621298424,0.046279090986208325
2013-07-31,GB,7.7,7.736063930953495,2008-07-31,2013-06-30,-0.03606393095349514,0.03606393095349514,0.0013006071158184647
2013-07-31,IT,12.3,11.22806358219601,2008-07-31,2013-06-30,1.0719364178039914,1.0719364178039914,1.1490476838144532
2013-07-31,JP,3.8,4.127813206851107,2008-07-31,2013-06-30,-0.3278132068511068,0.3278132068511068,0.10746149858600655
2013-07-31,KR,3.2,3.4620716862071874,2008-07-31,2013-06-30,-0.26207168620718724,0.26207168620718724,0.06868156871147842
2013-07-31,US,7.3,7.459318982641307,2008-07-31,2013-06-30,-0.15931898264130684,0.15931898264130684,0.02538253822986103
2013-08-31,AU,5.84368,5.56236347955347,2008-08-31,2013-07-31,0.28131652044652977,0.28131652044652977,0.0791389846761428
2013-08-31,CA,7.3,7.21469546403194,2008-08-31,2013-07-31,0.08530453596805998,0.08530453596805998,0.007276863856726039
2013-08-31,DE,4.9,4.9775631690008995,2008-08-31,2013-07-31,-0.0775631690008991,0.0775631690008991,0.006016045185462036
2013-08-31,FR,10.1,10.397616849780526,2008-08-31,2013-07-31,-0.2976168497805265,0.2976168497805265,0.08857578927328447
2013-08-31,GB,7.6,7.747565181418656,2008-08-31,2013-07-31,-0.14756518141865627,0.14756518141865627,0.021775482767120935
2013-08-31,IT,12.7,11.642991477709806,2008-08-31,2013-07-31,1.057008522290193,1.057008522290193,1.1172670161940976
2013-08-31,JP,4.1,3.980194368073956,2008-08-31,2013-07-31,0.11980563192604343,0.11980563192604343,0.014353389441198598
2013-08-31,KR,3.2,3.445089715234577,2008-08-31,2013-07-31,-0.245089715234577,0.245089715234577,0.06006896851376605
2013-08-31,US,7.2,7.2986954510594115,2008-08-31,2013-07-31,-0.09869545105941135,0.09869545105941135,0.009740792059820662
2013-09-30,AU,5.706468,5.819917136056048,2008-09-30,2013-08-31,-0.11344913605604834,0.11344913605604834,0.012870706471863768
2013-09-30,CA,7.1,7.254310135439439,2008-09-30,2013-08-31,-0.15431013543943894,0.15431013543943894,0.02381161789933799
2013-09-30,DE,4.9,4.900418144091629,2008-09-30,2013-08-31,-0.0004181440916282142,0.0004181440916282142,1.748444813635844e-07
2013-09-30,FR,10.3,9.918426069537706,2008-09-30,2013-08-31,0.38157393046229515,0.38157393046229515,0.14559866440844446
2013-09-30,GB,7.4,7.562761853408562,2008-09-30,2013-08-31,-0.1627618534085613,0.1627618534085613,0.02649142092499
2013-09-30,IT,12.6,11.51629031676243,2008-09-30,2013-08-31,1.0837096832375703,1.0837096832375703,1.174426677542875
2013-09-30,JP,3.9,4.187866913808714,2008-09-30,2013-08-31,-0.28786691380871376,0.28786691380871376,0.08286736006575345
2013-09-30,KR,3.0,3.284418023525914,2008-09-30,2013-08-31,-0.28441802352591417,0.28441802352591417,0.08089361210638746
2013-09-30,US,7.2,7.2440590728445065,2008-09-30,2013-08-31,-0.044059072844506275,0.044059072844506275,0.0019412018999175103
2013-10-31,AU,5.823086,5.712270644600078,2008-10-31,2013-09-30,0.1108153553999216,0.1108153553999216,0.012280042992410933
2013-10-31,CA,7.3,7.161439277516622,2008-10-31,2013-09-30,0.13856072248337803,0.13856072248337803,0.0191990738151157
2013-10-31,DE,4.8,4.943395052273512,2008-10-31,2013-09-30,-0.14339505227351257,0.14339505227351257,0.020562141016523403
2013-10-31,FR,10.1,10.074494091970532,2008-10-31,2013-09-30,0.025505908029467506,0.025505908029467506,0.0006505513444076549
2013-10-31,GB,7.2,7.458040316468797,2008-10-31,2013-09-30,-0.2580403164687972,0.2580403164687972,0.06658480492331702
2013-10-31,IT,12.5,11.374641464433836,2008-10-31,2013-09-30,1.1253585355661642,1.1253585355661642,1.2664318335716216
2013-10-31,JP,4.0,3.9970930736970605,2008-10-31,2013-09-30,0.0029069263029395387,0.0029069263029395387,8.450220530721734e-06
2013-10-31,KR,3.1,3.19703628553098,2008-10-31,2013-09-30,-0.09703628553097987,0.09703628553097987,0.009416040709649853
2013-10-31,US,7.2,7.247420605726806,2008-10-31,2013-09-30,-0.0474206057268054,0.0474206057268054,0.0022487138474971287
2013-11-30,AU,5.796395,5.778549017542985,2008-11-30,2013-10-31,0.01784598245701563,0.01784598245701563,0.0003184790898561096
2013-11-30,CA,7.1,7.344093412980697,2008-11-30,2013-10-31,-0.2440934129806971,0.2440934129806971,0.05958159426056514
2013-11-30,DE,4.8,4.952820206697265,2008-11-30,2013-10-31,-0.15282020669726482,0.15282020669726482,0.02335401557499474
2013-11-30,FR,10.2,10.40024464072633,2008-11-30,2013-10-31,-0.2002446407263303,0.2002446407263303,0.0400979161396171
2013-11-30,GB,7.2,7.202722769048515,2008-11-30,2013-10-31,-0.0027227690485149836,0.0027227690485149836,7.413471291551189e-06
2013-11-30,IT,12.5,12.322557496595236,2008-11-30,2013-10-31,0.1774425034047642,0.1774425034047642,0.03148584201454975
2013-11-30,JP,3.9,3.952086664891761,2008-11-30,2013-10-31,-0.05208666489176128,0.05208666489176128,0.0027130206595466374
2013-11-30,KR,3.1,3.1861246822215326,2008-11-30,2013-10-31,-0.08612468222153247,0.08612468222153247,0.0074174608877599505
2013-11-30,US,6.9,7.214034494672281,2008-11-30,2013-10-31,-0.3140344946722804,0.3140344946722804,0.0986176638440745
2013-12-31,AU,5.900763,5.641120044348876,2008-12-31,2013-11-30,0.25964295565112483,0.25964295565112483,0.06741446441925197
2013-12-31,CA,7.4,7.099391432471122,2008-12-31,2013-11-30,0.30060856752887855,0.30060856752887855,0.09036551087176434
2013-12-31,DE,4.8,4.8446574120063595,2008-12-31,2013-11-30,-0.04465741200635964,0.04465741200635964,0.001994284447105754
2013-12-31,FR,10.2,10.352553584646227,2008-12-31,2013-11-30,-0.1525535846462276,0.1525535846462276,0.023272596188413725
2013-12-31,GB,7.1,7.262824474118538,2008-12-31,2013-11-30,-0.16282447411853873,0.16282447411853873,0.026511809371978688
2013-12-31,IT,12.7,11.521706420896065,2008-12-31,2013-11-30,1.1782935791039346,1.1782935791039346,1.3883757585575602
2013-12-31,JP,3.7,3.854436634837659,2008-12-31,2013-11-30,-0.1544366348376589,0.1544366348376589,0.0238506741799804
2013-12-31,KR,3.3,3.2110279669498003,2008-12-31,2013-11-30,0.08897203305019952,0.08897203305019952,0.007916022665085795
2013-12-31,US,6.7,6.878391980690331,2008-12-31,2013-11-30,-0.17839198069033113,0.17839198069033113,0.03182369877461948
2014-01-31,AU,5.947085,5.855812972521218,2009-01-31,2013-12-31,0.09127202747878282,0.09127202747878282,0.008330583000087688
2014-01-31,CA,7.3,7.2772309312081225,2009-01-31,2013-12-31,0.022769068791877345,0.022769068791877345,0.0005184304936492429
2014-01-31,DE,4.8,4.813119712689868,2009-01-31,2013-12-31,-0.013119712689868557,0.013119712689868557,0.00017212686106469804
2014-01-31,FR,10.2,10.043809571145307,2009-01-31,2013-12-31,0.1561904288546927,0.1561904288546927,0.02439545006581282
2014-01-31,GB,6.9,7.276451609464563,2009-01-31,2013-12-31,-0.3764516094645627,0.3764516094645627,0.1417158142684596
2014-01-31,IT,12.9,12.098702846310841,2009-01-31,2013-12-31,0.8012971536891591,0.8012971536891591,0.6420771285103478
2014-01-31,JP,3.7,4.084421230968979,2009-01-31,2013-12-31,-0.38442123096897873,0.38442123096897873,0.14777968281970488
2014-01-31,KR,3.3,3.2580925995691787,2009-01-31,2013-12-31,0.041907400430821085,0.041907400430821085,0.0017562302108691831
2014-01-31,US,6.6,6.900167048924136,2009-01-31,2013-12-31,-0.3001670489241359,0.3001670489241359,0.09010025725982461
2014-02-28,AU,5.876436,5.877712393373063,2009-02-28,2014-01-31,-0.0012763933730628452,0.0012763933730628452,1.6291800427987474e-06
2014-02-28,CA,7.3,7.252111213797936,2009-02-28,2014-01-31,0.04788878620206383,0.04788878620206383,0.0022933358439069787
2014-02-28,DE,4.8,4.798007620749853,2009-02-28,2014-01-31,0.001992379250146392,0.001992379250146392,3.9695750764139e-06
2014-02-28,FR,10.2,10.301223951096416,2009-02-28,2014-01-31,-0.1012239510964168,0.1012239510964168,0.01024628827556978
2014-02-28,GB,6.7,6.823308587670521,2009-02-28,2014-01-31,-0.12330858767052089,0.12330858767052089,0.015205007793298536
2014-02-28,IT,12.9,12.478770937717973,2009-02-28,2014-01-31,0.42122906228202694,0.42122906228202694,0.17743392291099574
2014-02-28,JP,3.6,3.8418060157165703,2009-02-28,2014-01-31,-0.24180601571657023,0.24180601571657023,0.05847014923672221
2014-02-28,KR,3.5,3.209331297890663,2009-02-28,2014-01-31,0.29066870210933704,0.29066870210933704,0.08448829438592652
2014-02-28,US,6.7,6.777705769999879,2009-02-28,2014-01-31,-0.07770576999987888,0.07770576999987888,0.006038186691274077
2014-03-31,AU,5.875191,5.876932191995893,2009-03-31,2014-02-28,-0.0017411919958929545,0.0017411919958929545,3.0317495665616906e-06
2014-03-31,CA,7.1,7.252760783167369,2009-03-31,2014-02-28,-0.15276078316736896,0.15276078316736896,0.023335856873907917
2014-03-31,DE,4.8,4.812143213037316,2009-03-31,2014-02-28,-0.012143213037315803,0.012143213037315803,0.0001474576228696365
2014-03-31,FR,10.2,10.31523145547292,2009-03-31,2014-02-28,-0.11523145547292124,0.11523145547292124,0.01327828833040783
2014-03-31,GB,6.6,6.7129298788867215,2009-03-31,2014-02-28,-0.1129298788867219,0.1129298788867219,0.012753157545369678
2014-03-31,IT,12.7,12.107874836916746,2009-03-31,2014-02-28,0.5921251630832529,0.5921251630832529,0.35061220875636884
2014-03-31,JP,3.7,3.861557914019774,2009-03-31,2014-02-28,-0.16155791401977382,0.16155791401977382,0.02610095958242063
2014-03-31,KR,3.4,3.4050622134316186,2009-03-31,2014-02-28,-0.005062213431618723,0.005062213431618723,2.5626004827261005e-05
2014-03-31,US,6.7,6.7196893644998825,2009-03-31,2014-02-28,-0.019689364499882345,0.019689364499882345,0.0003876710744092271
2014-04-30,AU,5.80466,5.934534883775305,2009-04-30,2014-03-31,-0.12987488377530454,0.12987488377530454,0.016867485435648862
2014-04-30,CA,7.1,7.132022777462728,2009-04-30,2014-03-31,-0.03202277746272841,0.03202277746272841,0.0010254582764274269
2014-04-30,DE,4.8,4.876325784885547,2009-04-30,2014-03-31,-0.07632578488554742,0.07632578488554742,0.005825625438394859
2014-04-30,FR,10.1,10.223864530704464,2009-04-30,2014-03-31,-0.12386453070446457,0.12386453070446457,0.015342421966637246
2014-04-30,GB,6.4,6.581976181505761,2009-04-30,2014-03-31,-0.18197618150576034,0.18197618150576034,0.03311533063541743
2014-04-30,IT,12.8,12.390099312332387,2009-04-30,2014-03-31,0.4099006876676139,0.4099006876676139,0.16801857375038276
2014-04-30,JP,3.6,3.8401168246350097,2009-04-30,2014-03-31,-0.2401168246350096,0.2401168246350096,0.05765608947279996
2014-04-30,KR,3.6,3.3306107586399274,2009-04-30,2014-03-31,0.2693892413600727,0.2693892413600727,0.0725705633605555
2014-04-30,US,6.2,6.619427834391581,2009-04-30,2014-03-31,-0.4194278343915805,0.4194278343915805,0.17591970826241107
2014-05-31,AU,5.930003,5.733431677689011,2009-05-31,2014-04-30,0.19657132231098906,0.19657132231098906,0.038640284755090744
2014-05-31,CA,7.3,7.165148758739198,2009-05-31,2014-04-30,0.13485124126080184,0.13485124126080184,0.018184857269578983
2014-05-31,DE,4.7,4.808100393023061,2009-05-31,2014-04-30,-0.10810039302306063,0.10810039302306063,0.011685694971740174
2014-05-31,FR,10.1,10.293481109033072,2009-05-31,2014-04-30,-0.19348110903307258,0.19348110903307258,0.037434939552667724
2014-05-31,GB,6.3,6.31728395465897,2009-05-31,2014-04-30,-0.01728395465897048,0.01728395465897048,0.00029873508865334736
2014-05-31,IT,12.7,12.298312666446952,2009-05-31,2014-04-30,0.4016873335530473,0.4016873335530473,0.16135271393695708
2014-05-31,JP,3.6,3.705408512191805,2009-05-31,2014-04-30,-0.10540851219180469,0.10540851219180469,0.01111095444248984
2014-05-31,KR,3.5,3.3976306472150672,2009-05-31,2014-04-30,0.10236935278493275,0.10236935278493275,0.01047948438960602
2014-05-31,US,6.3,6.332894013338203,2009-05-31,2014-04-30,-0.03289401333820319,0.03289401333820319,0.0010820161134938893
2014-06-30,AU,6.048375,5.996677352980479,2009-06-30,2014-05-31,0.0516976470195214,0.0516976470195214,0.0026726467073550295
2014-06-30,CA,7.2,7.20477579394343,2009-06-30,2014-05-31,-0.00477579394342964,0.00477579394342964,2.2808207790099233e-05
2014-06-30,DE,4.7,4.5467024620962,2009-06-30,2014-05-31,0.15329753790379996,0.15329753790379996,0.023500135127366987
2014-06-30,FR,10.2,10.203338787396016,2009-06-30,2014-05-31,-0.0033387873960162295,0.0033387873960162295,1.1147501275796835e-05
2014-06-30,GB,6.1,6.354013636849192,2009-06-30,2014-05-31,-0.25401363684919254,0.25401363684919254,0.06452292770535346
2014-06-30,IT,12.4,12.590131277503385,2009-06-30,2014-05-31,-0.19013127750338477,0.19013127750338477,0.0361499026850691
2014-06-30,JP,3.7,3.6742511259931785,2009-06-30,2014-05-31,0.025748874006821687,0.025748874006821687,0.0006630045126191775
2014-06-30,KR,3.5,3.478431945125914,2009-06-30,2014-05-31,0.021568054874085973,0.021568054874085973,0.0004651809910515837
2014-06-30,US,6.1,6.424841571275579,2009-06-30,2014-05-31,-0.324841571275579,0.324841571275579,0.10552204642878707
2014-07-31,AU,6.171325,6.068806395286776,2009-07-31,2014-06-30,0.10251860471322427,0.10251860471322427,0.010510064312346329
2014-07-31,CA,7.1,7.096654197815702,2009-07-31,2014-06-30,0.00334580218429803,0.00334580218429803,1.1194392256453469e-05
2014-07-31,DE,4.7,4.649977228373286,2009-07-31,2014-06-30,0.05002277162671387,0.05002277162671387,0.00250227768121837
2014-07-31,FR,10.2,10.25724408050131,2009-07-31,2014-06-30,-0.057244080501311245,0.057244080501311245,0.0032768847524406023
2014-07-31,GB,6.0,6.225587962666653,2009-07-31,2014-06-30,-0.22558796266665304,0.22558796266665304,0.050889928900091246
2014-07-31,IT,13.0,12.680116555489715,2009-07-31,2014-06-30,0.3198834445102854,0.3198834445102854,0.10232541807176483
2014-07-31,JP,3.7,3.7492300592745638,2009-07-31,2014-06-30,-0.04923005927456359,0.04923005927456359,0.002423598736177044
2014-07-31,KR,3.5,3.9707588851970272,2009-07-31,2014-06-30,-0.47075888519702724,0.47075888519702724,0.22161392799194787
2014-07-31,US,6.2,6.195843782111268,2009-07-31,2014-06-30,0.0041562178887319945,0.0041562178887319945,1.7274147138615837e-05
2014-08-31,AU,6.10046,6.179543538795036,2009-08-31,2014-07-31,-0.07908353879503593,0.07908353879503593,0.006254206108345954
2014-08-31,CA,7.0,7.150407418576687,2009-08-31,2014-07-31,-0.1504074185766866,0.1504074185766866,0.02262239156290261
2014-08-31,DE,4.7,4.6449322932297195,2009-08-31,2014-07-31,0.05506770677028072,0.05506770677028072,0.003032452328937621
2014-08-31,FR,10.2,10.060511120740738,2009-08-31,2014-07-31,0.139488879259261,0.139488879259261,0.019457147437004697
2014-08-31,GB,6.0,5.900793161545454,2009-08-31,2014-07-31,0.09920683845454636,0.09920683845454636,0.00984199679614646
2014-08-31,IT,12.7,12.556349617038792,2009-08-31,2014-07-31,0.1436503829612068,0.1436503829612068,0.020635432524901375
2014-08-31,JP,3.5,3.6878164297707863,2009-08-31,2014-07-31,-0.18781642977078628,0.18781642977078628,0.035275011291844696
2014-08-31,KR,3.5,3.583611796838188,2009-08-31,2014-07-31,-0.0836117968381882,0.0836117968381882,0.006990932570510458
2014-08-31,US,6.1,6.156243922186695,2009-08-31,2014-07-31,-0.05624392218669527,0.05624392218669527,0.0031633787829430326
2014-09-30,AU,6.236833,6.069876627037288,2009-09-30,2014-08-31,0.16695637296271215,0.16695637296271215,0.027874430472864243
2014-09-30,CA,7.0,7.124745079393643,2009-09-30,2014-08-31,-0.12474507939364265,0.12474507939364265,0.015561334832926208
2014-09-30,DE,4.7,4.679784378748543,2009-09-30,2014-08-31,0.020215621251456817,0.020215621251456817,0.00040867134258235245
2014-09-30,FR,10.3,10.182723894379397,2009-09-30,2014-08-31,0.1172761056206042,0.1172761056206042,0.013753684949535112
2014-09-30,GB,5.9,5.994347075189834,2009-09-30,2014-08-31,-0.09434707518983387,0.09434707518983387,0.008901370596876167
2014-09-30,IT,12.9,12.400280044981594,2009-09-30,2014-08-31,0.4997199550184064,0.4997199550184064,0.2497200334435981
2014-09-30,JP,3.5,3.92405929963431,2009-09-30,2014-08-31,-0.42405929963431,0.42405929963431,0.1798262896063415
2014-09-30,KR,3.5,3.5768850829547025,2009-09-30,2014-08-31,-0.07688508295470253,0.07688508295470253,0.00591131598095149
2014-09-30,US,5.9,6.106674725209345,2009-09-30,2014-08-31,-0.2066747252093446,0.2066747252093446,0.042714442040358104
2014-10-31,AU,6.357332,6.168063880163739,2009-10-31,2014-09-30,0.18926811983626113,0.18926811983626113,0.0358224211863533
2014-10-31,CA,6.8,7.137192097863643,2009-10-31,2014-09-30,-0.33719209786364335,0.33719209786364335,0.11369851086168484
2014-10-31,DE,4.7,4.754350016707396,2009-10-31,2014-09-30,-0.05435001670739581,0.05435001670739581,0.0029539243160942035
2014-10-31,FR,10.4,10.195622066551616,2009-10-31,2014-09-30,0.2043779334483844,0.2043779334483844,0.04177033968063224
2014-10-31,GB,5.9,5.882944260913946,2009-10-31,2014-09-30,0.017055739086054622,0.017055739086054622,0.00029089823577157137
2014-10-31,IT,12.9,12.584842432707296,2009-10-31,2014-09-30,0.3151575672927045,0.3151575672927045,0.09932429222185557
2014-10-31,JP,3.6,3.802841931892173,2009-10-31,2014-09-30,-0.20284193189217303,0.20284193189217303,0.04114484933374896
2014-10-31,KR,3.6,3.479115854118999,2009-10-31,2014-09-30,0.12088414588100127,0.12088414588100127,0.014612976725379196
2014-10-31,US,5.7,5.833555199171774,2009-10-31,2014-09-30,-0.1335551991717736,0.1335551991717736,0.01783699122581212
2014-11-30,AU,6.296836,6.277251914297401,2009-11-30,2014-10-31,0.01958408570259884,0.01958408570259884,0.00038353641280673635
2014-11-30,CA,6.8,6.73257107189889,2009-11-30,2014-10-31,0.06742892810111023,0.06742892810111023,0.0045466603448646925
2014-11-30,DE,4.6,4.704131935654758,2009-11-30,2014-10-31,-0.10413193565475876,0.10413193565475876,0.010843460023206818
2014-11-30,FR,10.5,10.517304790888636,2009-11-30,2014-10-31,-0.01730479088863568,0.01730479088863568,0.0002994557876994084
2014-11-30,GB,5.7,5.889366696726037,2009-11-30,2014-10-31,-0.18936669672603657,0.18936669672603657,0.03585974582893071
2014-11-30,IT,13.1,12.652151161673327,2009-11-30,2014-10-31,0.44784883832667255,0.44784883832667255,0.20056858199055008
2014-11-30,JP,3.4,3.668698662574471,2009-11-30,2014-10-31,-0.26869866257447095,0.26869866257447095,0.0721989712693094
2014-11-30,KR,3.6,3.513949588495314,2009-11-30,2014-10-31,0.08605041150468606,0.08605041150468606,0.0074046733201258074
2014-11-30,US,5.8,5.64422307320868,2009-11-30,2014-10-31,0.1557769267913196,0.1557769267913196,0.024266450920548147
2014-12-31,AU,6.106007,6.150045352757798,2009-12-31,2014-11-30,-0.04403835275779766,0.04403835275779766,0.0019393765136202247
2014-12-31,CA,6.7,6.768129543034294,2009-12-31,2014-11-30,-0.06812954303429386,0.06812954303429386,0.004641634634061699
2014-12-31,DE,4.6,4.649038213612659,2009-12-31,2014-11-30,-0.049038213612659476,0.049038213612659476,0.002404746394320821
2014-12-31,FR,10.5,10.55024976446305,2009-12-31,2014-11-30,-0.050249764463050184,0.050249764463050184,0.0025250388285920212
2014-12-31,GB,5.6,5.836625255360999,2009-12-31,2014-11-30,-0.2366252553609991,0.2366252553609991,0.055991511474658036
2014-12-31,IT,12.5,12.355656229146934,2009-12-31,2014-11-30,0.14434377085306593,0.14434377085306593,0.020835124184082406
2014-12-31,JP,3.4,3.567905415103541,2009-12-31,2014-11-30,-0.16790541510354107,0.16790541510354107,0.028192228421092435
2014-12-31,KR,3.7,3.5823972877974275,2009-12-31,2014-11-30,0.11760271220257268,0.11760271220257268,0.013830397917401137
2014-12-31,US,5.6,5.7431386010473835,2009-12-31,2014-11-30,-0.14313860104738385,0.14313860104738385,0.020488659109802118
2015-01-31,AU,6.35161,6.069888049141635,2010-01-31,2014-12-31,0.2817219508583646,0.2817219508583646,0.0793672575954428
2015-01-31,CA,6.8,6.526326707092212,2010-01-31,2014-12-31,0.2736732929077874,0.2736732929077874,0.0748970712509916
2015-01-31,DE,4.5,4.770284632637474,2010-01-31,2014-12-31,-0.27028463263747415,0.27028463263747415,0.07305378263997436
2015-01-31,FR,10.4,10.341184840939405,2010-01-31,2014-12-31,0.05881515906059498,0.05881515906059498,0.0034592229353230877
2015-01-31,GB,5.6,5.714696303727225,2010-01-31,2014-12-31,-0.11469630372722506,0.11469630372722506,0.01315524208868786
2015-01-31,IT,12.4,12.527665461957245,2010-01-31,2014-12-31,-0.12766546195724437,0.12766546195724437,0.016298470176756612
2015-01-31,JP,3.6,3.5137367679131333,2010-01-31,2014-12-31,0.08626323208686681,0.08626323208686681,0.007441345210072649
2015-01-31,KR,3.6,3.4796152315756683,2010-01-31,2014-12-31,0.12038476842433177,0.12038476842433177,0.014492492468579986
2015-01-31,US,5.7,5.743536785663711,2010-01-31,2014-12-31,-0.04353678566371055,0.04353678566371055,0.0018954517059278728
2015-02-28,AU,6.153363,6.363551457128059,2010-02-28,2015-01-31,-0.21018845712805945,0.21018845712805945,0.04417918750987408
2015-02-28,CA,6.9,6.848995363254075,2010-02-28,2015-01-31,0.05100463674592515,0.05100463674592515,0.002601472969583778
2015-02-28,DE,4.5,4.493598704713338,2010-02-28,2015-01-31,0.006401295286662112,0.006401295286662112,4.097658134704257e-05
2015-02-28,FR,10.3,10.322271378813658,2010-02-28,2015-01-31,-0.022271378813657705,0.022271378813657705,0.0004960143142614413
2015-02-28,GB,5.5,5.636572884086214,2010-02-28,2015-01-31,-0.13657288408621415,0.13657288408621415,0.018652152667626487
2015-02-28,IT,12.3,12.465695580063679,2010-02-28,2015-01-31,-0.16569558006367835,0.16569558006367835,0.02745502525263884
2015-02-28,JP,3.5,3.6849171388258513,2010-02-28,2015-01-31,-0.18491713882585126,0.18491713882585126,0.03419434823153915
2015-02-28,KR,3.5,3.567999302718835,2010-02-28,2015-01-31,-0.06799930271883481,0.06799930271883481,0.004623905170247735
2015-02-28,US,5.5,5.755330494427685,2010-02-28,2015-01-31,-0.2553304944276853,0.2553304944276853,0.06519366138468623
2015-03-31,AU,6.103465,6.18190082261729,2010-03-31,2015-02-28,-0.07843582261728965,0.07843582261728965,0.006152178269650927
2015-03-31,CA,6.9,6.871736627563443,2010-03-31,2015-02-28,0.028263372436557077,0.028263372436557077,0.0007988182214875343
2015-03-31,DE,4.5,4.507752579077506,2010-03-31,2015-02-28,-0.007752579077505928,0.007752579077505928,6.0102482352982665e-05
2015-03-31,FR,10.4,10.369931396913085,2010-03-31,2015-02-28,0.030068603086915502,0.030068603086915502,0.0009041208915984644
2015-03-31,GB,5.5,5.502161709695093,2010-03-31,2015-02-28,-0.002161709695092995,0.002161709695092995,4.672988805859049e-06
2015-03-31,IT,12.5,12.627326040510916,2010-03-31,2015-02-28,-0.12732604051091556,0.12732604051091556,0.01621192059218731
2015-03-31,JP,3.4,3.560391081488032,2010-03-31,2015-02-28,-0.16039108148803205,0.16039108148803205,0.02572529902090054
2015-03-31,KR,3.5,3.530982800505323,2010-03-31,2015-02-28,-0.030982800505323205,0.030982800505323205,0.0009599339271526558
2015-03-31,US,5.4,5.44726016966661,2010-03-31,2015-02-28,-0.047260169666609286,0.047260169666609286,0.0022335236369166963
2015-04-30,AU,6.112659,6.1301308786768525,2010-04-30,2015-03-31,-0.017471878676852626,0.017471878676852626,0.0003052665444986575
2015-04-30,CA,7.0,6.867702481246757,2010-04-30,2015-03-31,0.13229751875324336,0.13229751875324336,0.017502633468264778
2015-04-30,DE,4.4,4.4744544206369845,2010-04-30,2015-03-31,-0.07445442063698415,0.07445442063698415,0.0055434607523889715
2015-04-30,FR,10.4,10.315687874175318,2010-04-30,2015-03-31,0.08431212582468284,0.08431212582468284,0.007108534561077151
2015-04-30,GB,5.6,5.527365220246222,2010-04-30,2015-03-31,0.07263477975377786,0.07263477975377786,0.0052758112298798175
2015-04-30,IT,12.2,12.611560551744553,2010-04-30,2015-03-31,-0.41156055174455375,0.41156055174455375,0.1693820877522815
2015-04-30,JP,3.4,3.770865263768212,2010-04-30,2015-03-31,-0.37086526376821194,0.37086526376821194,0.1375410438698654
2015-04-30,KR,3.6,3.496556729143535,2010-04-30,2015-03-31,0.10344327085646521,0.10344327085646521,0.010700510285484023
2015-04-30,US,5.4,5.439687870919317,2010-04-30,2015-03-31,-0.039687870919316914,0.039687870919316914,0.0015751270981083612
2015-05-31,AU,5.931117,6.125656556091739,2010-05-31,2015-04-30,-0.19453955609173867,0.19453955609173867,0.03784563888437074
2015-05-31,CA,6.9,7.043152809376229,2010-05-31,2015-04-30,-0.14315280937622887,0.14315280937622887,0.02049272683230692
2015-05-31,DE,4.4,4.474045695335048,2010-05-31,2015-04-30,-0.07404569533504723,0.07404569533504723,0.005482764997650636
2015-05-31,FR,10.5,10.199711401847097,2010-05-31,2015-04-30,0.3002885981529033,0.3002885981529033,0.09017324218063585
2015-05-31,GB,5.6,5.64245718493883,2010-05-31,2015-04-30,-0.04245718493883022,0.04245718493883022,0.0018026125529300315
2015-05-31,IT,12.3,12.558699671567332,2010-05-31,2015-04-30,-0.25869967156733154,0.25869967156733154,0.0669255200690452
2015-05-31,JP,3.3,3.7068016570037714,2010-05-31,2015-04-30,-0.4068016570037716,0.4068016570037716,0.16548758814101422
2015-05-31,KR,3.6,3.501652606769204,2010-05-31,2015-04-30,0.09834739323079589,0.09834739323079589,0.009672209755292796
2015-05-31,US,5.6,5.446923550795254,2010-05-31,2015-04-30,0.15307644920474583,0.15307644920474583,0.023432399301133132
2015-06-30,AU,6.007611,5.8788800429314945,2010-06-30,2015-05-31,0.12873095706850535,0.12873095706850535,0.01657165930777337
2015-06-30,CA,6.9,6.920683378101998,2010-06-30,2015-05-31,-0.020683378101997718,0.020683378101997718,0.0004278021297101987
2015-06-30,DE,4.4,4.418348937286068,2010-06-30,2015-05-31,-0.0183489372860679,0.0183489372860679,0.0003366834995280529
2015-06-30,FR,10.4,10.371248011006376,2010-06-30,2015-05-31,0.028751988993624522,0.028751988993624522,0.0008266768710895057
2015-06-30,GB,5.5,5.639657521025387,2010-06-30,2015-05-31,-0.13965752102538698,0.13965752102538698,0.019504223178956406
2015-06-30,IT,12.3,12.45844352347197,2010-06-30,2015-05-31,-0.15844352347196988,0.15844352347196988,0.02510435013021267
2015-06-30,JP,3.4,3.3540964065405925,2010-06-30,2015-05-31,0.04590359345940742,0.04590359345940742,0.0021071398924865517
2015-06-30,KR,3.8,4.123235603266957,2010-06-30,2015-05-31,-0.3232356032669568,0.3232356032669568,0.10448125521935347
2015-06-30,US,5.3,5.693454452792959,2010-06-30,2015-05-31,-0.3934544527929589,0.3934544527929589,0.1548064064226067
2015-07-31,AU,6.27376,6.003869006145981,2010-07-31,2015-06-30,0.2698909938540188,0.2698909938540188,0.07284114856351002
2015-07-31,CA,7.0,6.887456051244597,2010-07-31,2015-06-30,0.11254394875540275,0.11254394875540275,0.01266614040145872
2015-07-31,DE,4.3,4.444264371075053,2010-07-31,2015-06-30,-0.14426437107505308,0.14426437107505308,0.02081220876168061
2015-07-31,FR,10.3,10.44103885028354,2010-07-31,2015-06-30,-0.14103885028353957,0.14103885028353957,0.01989195728930269
2015-07-31,GB,5.4,5.481671813216571,2010-07-31,2015-06-30,-0.08167181321657058,0.08167181321657058,0.006670285074082393
2015-07-31,IT,11.8,12.385469676571809,2010-07-31,2015-06-30,-0.5854696765718082,0.5854696765718082,0.3427747421850976
2015-07-31,JP,3.3,3.6619175899240197,2010-07-31,2015-06-30,-0.3619175899240199,0.3619175899240199,0.13098434189641103
2015-07-31,KR,3.8,3.7294978208509093,2010-07-31,2015-06-30,0.07050217914909052,0.07050217914909052,0.004970557264770453
2015-07-31,US,5.2,5.296822531420933,2010-07-31,2015-06-30,-0.09682253142093256,0.09682253142093256,0.009374602590757472
2015-08-31,AU,6.087391,6.2170743186984465,2010-08-31,2015-07-31,-0.1296833186984463,0.1296833186984463,0.01681776314864279
2015-08-31,CA,7.1,6.939519132827493,2010-08-31,2015-07-31,0.16048086717250687,0.16048086717250687,0.025754108728439792
2015-08-31,DE,4.3,4.373796477885897,2010-08-31,2015-07-31,-0.07379647788589683,0.07379647788589683,0.00544592014836366
2015-08-31,FR,10.3,9.472828351655306,2010-08-31,2015-07-31,0.8271716483446951,0.8271716483446951,0.68421293582528
2015-08-31,GB,5.3,5.477387564196893,2010-08-31,2015-07-31,-0.17738756419689317,0.17738756419689317,0.03146634793170689
2015-08-31,IT,11.8,11.827741649700917,2010-08-31,2015-07-31,-0.02774164970091597,0.02774164970091597,0.0007695991281283312
2015-08-31,JP,3.4,3.385070340625846,2010-08-31,2015-07-31,0.014929659374153914,0.014929659374153914,0.00022289472902826184
2015-08-31,KR,3.6,3.754468062619733,2010-08-31,2015-07-31,-0.154468062619733,0.154468062619733,0.023860382369493758
2015-08-31,US,5.1,5.227665375481249,2010-08-31,2015-07-31,-0.12766537548124912,0.12766537548124912,0.016298448096768326
2015-09-30,AU,6.174273,6.094140418893376,2010-09-30,2015-08-31,0.08013258110662402,0.08013258110662402,0.006421230554809677
2015-09-30,CA,7.1,7.154567242889366,2010-09-30,2015-08-31,-0.054567242889365986,0.054567242889365986,0.0029775839965470625
2015-09-30,DE,4.3,4.28342817734269,2010-09-30,2015-08-31,0.016571822657310165,0.016571822657310165,0.0002746253061853385
2015-09-30,FR,10.3,9.880839570209522,2010-09-30,2015-08-31,0.4191604297904785,0.4191604297904785,0.17569546590213866
2015-09-30,GB,5.2,5.302768317062546,2010-09-30,2015-08-31,-0.10276831706254619,0.10276831706254619,0.010561326991868023
2015-09-30,IT,11.6,11.889241493472666,2010-09-30,2015-08-31,-0.2892414934726659,0.2892414934726659,0.08366064154629824
2015-09-30,JP,3.4,3.4973585739974724,2010-09-30,2015-08-31,-0.0973585739974725,0.0973585739974725,0.009478691930821327
2015-09-30,KR,3.5,3.495879020232152,2010-09-30,2015-08-31,0.0041209797678480875,0.0041209797678480875,1.6982474247013277e-05
2015-09-30,US,5.0,5.144095104642345,2010-09-30,2015-08-31,-0.14409510464234465,0.14409510464234465,0.020763399181888256
2015-10-31,AU,5.912071,6.158494188911113,2010-10-31,2015-09-30,-0.2464231889111126,0.2464231889111126,0.060724388033121884
2015-10-31,CA,7.0,7.136798030856289,2010-10-31,2015-09-30,-0.13679803085628883,0.13679803085628883,0.018713701246158152
2015-10-31,DE,4.2,4.33654582824074,2010-10-31,2015-09-30,-0.1365458282407399,0.1365458282407399,0.018644763209949643
2015-10-31,FR,10.3,10.343895864549829,2010-10-31,2015-09-30,-0.04389586454982819,0.04389586454982819,0.0019268469245768633
2015-10-31,GB,5.1,5.2796841244361294,2010-10-31,2015-09-30,-0.1796841244361298,0.1796841244361298,0.03228638457437858
2015-10-31,IT,11.7,11.662636279703081,2010-10-31,2015-09-30,0.037363720296918146,0.037363720296918146,0.0013960475944263331
2015-10-31,JP,3.2,3.364304052119411,2010-10-31,2015-09-30,-0.16430405211941101,0.16430405211941101,0.02699582154285813
2015-10-31,KR,3.5,3.443800878457672,2010-10-31,2015-09-30,0.05619912154232809,0.05619912154232809,0.0031583412621293654
2015-10-31,US,5.0,5.0676676277070785,2010-10-31,2015-09-30,-0.06766762770707846,0.06766762770707846,0.004578907839503772
2015-11-30,AU,5.850397,5.9078861359117,2010-11-30,2015-10-31,-0.05748913591170002,0.05748913591170002,0.0033050007478739167
2015-11-30,CA,7.1,6.940628157431629,2010-11-30,2015-10-31,0.15937184256837078,0.15937184256837078,0.025399384203637562
2015-11-30,DE,4.2,4.295877481208074,2010-11-30,2015-10-31,-0.09587748120807404,0.09587748120807404,0.009192491402804592
2015-11-30,FR,10.3,10.293757168119914,2010-11-30,2015-10-31,0.0062428318800868965,0.0062428318800868965,3.8972949883029294e-05
2015-11-30,GB,5.1,5.200467773938978,2010-11-30,2015-10-31,-0.10046777393897877,0.10046777393897877,0.010093773600253741
2015-11-30,IT,11.4,10.850894138124966,2010-11-30,2015-10-31,0.5491058618750344,0.5491058618750344,0.3015172475455244
2015-11-30,JP,3.3,3.4241690411393826,2010-11-30,2015-10-31,-0.12416904113938276,0.12416904113938276,0.01541795077747373
2015-11-30,KR,3.6,3.999389706794265,2010-11-30,2015-10-31,-0.3993897067942651,0.3993897067942651,0.15951213789320906
2015-11-30,US,5.1,5.077274029380263,2010-11-30,2015-10-31,0.022725970619736913,0.022725970619736913,0.0005164697406091454
2015-12-31,AU,5.74113,5.7686959012566215,2010-12-31,2015-11-30,-0.027565901256621395,0.027565901256621395,0.000759878912089801
2015-12-31,CA,7.3,7.203246167791406,2010-12-31,2015-11-30,0.09675383220859413,0.09675383220859413,0.009361304047048786
2015-12-31,DE,4.2,4.2483975742257325,2010-12-31,2015-11-30,-0.04839757422573232,0.04839757422573232,0.0023423251909352695
2015-12-31,FR,10.2,10.238753106988582,2010-12-31,2015-11-30,-0.03875310698858314,0.03875310698858314,0.0015018033012685714
2015-12-31,GB,5.1,5.144675212478444,2010-12-31,2015-11-30,-0.044675212478444415,0.044675212478444415,0.0019958746099941554
2015-12-31,IT,11.7,10.919531324194693,2010-12-31,2015-11-30,0.7804686758053059,0.7804686758053059,0.6091313539132877
2015-12-31,JP,3.3,3.383153627165364,2010-12-31,2015-11-30,-0.08315362716536434,0.08315362716536434,0.0069145257107564185
2015-12-31,KR,3.5,3.8426844243665426,2010-12-31,2015-11-30,-0.34268442436654256,0.34268442436654256,0.11743261470342863
2015-12-31,US,5.0,5.1184508820239705,2010-12-31,2015-11-30,-0.11845088202397047,0.11845088202397047,0.01403061145225657
2016-01-31,AU,6.041169,5.776951534869887,2011-01-31,2015-12-31,0.26421746513011257,0.26421746513011257,0.06981086887978226
2016-01-31,CA,7.2,7.170397188890657,2011-01-31,2015-12-31,0.02960281110934293,0.02960281110934293,0.0008763264255754372
2016-01-31,DE,4.1,4.261333705040138,2011-01-31,2015-12-31,-0.16133370504013822,0.16133370504013822,0.02602856438197832
2016-01-31,FR,10.3,10.221609224726217,2011-01-31,2015-12-31,0.07839077527378358,0.07839077527378358,0.0061451136480248384
2016-01-31,GB,5.1,5.186999296297524,2011-01-31,2015-12-31,-0.08699929629752479,0.08699929629752479,0.00756887755626451
2016-01-31,IT,11.6,11.815787799989128,2011-01-31,2015-12-31,-0.215787799989128,0.215787799989128,0.04656437462414791
2016-01-31,JP,3.2,3.4987882430582875,2011-01-31,2015-12-31,-0.29878824305828733,0.29878824305828733,0.08927441418985818
2016-01-31,KR,3.6,3.428715242769573,2011-01-31,2015-12-31,0.17128475723042724,0.17128475723042724,0.029338468059486398
2016-01-31,US,4.8,5.062450715471501,2011-01-31,2015-12-31,-0.262450715471501,0.262450715471501,0.06888037805150278
2016-02-29,AU,5.694438,6.0844029071995935,2011-02-28,2016-01-31,-0.38996490719959365,0.38996490719959365,0.1520726288471877
2016-02-29,CA,7.3,7.152039837911791,2011-02-28,2016-01-31,0.14796016208820895,0.14796016208820895,0.021892209565169064
2016-02-29,DE,4.1,4.091967408537484,2011-02-28,2016-01-31,0.008032591462515448,0.008032591462515448,6.452252560367606e-05
2016-02-29,FR,10.4,10.33902780127225,2011-02-28,2016-01-31,0.06097219872775028,0.06097219872775028,0.003717609017696273
2016-02-29,GB,5.1,5.100728422173004,2011-02-28,2016-01-31,-0.000728422173004617,0.000728422173004617,5.305988621247681e-07
2016-02-29,IT,11.7,11.709669424684467,2011-02-28,2016-01-31,-0.009669424684467742,0.009669424684467742,9.34977737285941e-05
2016-02-29,JP,3.3,3.4069168687106854,2011-02-28,2016-01-31,-0.10691686871068562,0.10691686871068562,0.011431216814897985
2016-02-29,KR,3.8,3.500743884241929,2011-02-28,2016-01-31,0.2992561157580709,0.2992561157580709,0.08955422281860792
2016-02-29,US,4.9,4.938013628527698,2011-02-28,2016-01-31,-0.03801362852769774,0.03801362852769774,0.0014450359538417954
2016-03-31,AU,5.653578,5.701881390271434,2011-03-31,2016-02-29,-0.0483033902714336,0.0483033902714336,0.002333217511714426
2016-03-31,CA,7.2,7.210984745023529,2011-03-31,2016-02-29,-0.010984745023528752,0.010984745023528752,0.0001206646232319397
2016-03-31,DE,4.0,4.121597805581962,2011-03-31,2016-02-29,-0.12159780558196243,0.12159780558196243,0.014786026322348732
2016-03-31,FR,10.2,10.355151176859811,2011-03-31,2016-02-29,-0.15515117685981217,0.15515117685981217,0.024071887680984713
2016-03-31,GB,5.0,5.094115454014466,2011-03-31,2016-02-29,-0.09411545401446642,0.09411545401446642,0.008857718684349142
2016-03-31,IT,11.6,11.710657162397444,2011-03-31,2016-02-29,-0.11065716239744461,0.11065716239744461,0.01224500758985443
2016-03-31,JP,3.2,3.3783232318065353,2011-03-31,2016-02-29,-0.1783232318065351,0.1783232318065351,0.03179917500192725
2016-03-31,KR,3.7,3.715152229979743,2011-03-31,2016-02-29,-0.01515222997974286,0.01515222997974286,0.0002295900733590183
2016-03-31,US,5.0,4.981113991054157,2011-03-31,2016-02-29,0.018886008945843358,0.018886008945843358,0.00035668133390247535
2016-04-30,AU,5.645434,5.722935943228796,2011-04-30,2016-03-31,-0.07750194322879622,0.07750194322879622,0.006006551204239553
2016-04-30,CA,7.3,7.24001654407323,2011-04-30,2016-03-31,0.05998345592677001,0.05998345592677001,0.0035980149849187608
2016-04-30,DE,4.0,4.156110511158915,2011-04-30,2016-03-31,-0.15611051115891517,0.15611051115891517,0.024370491694297777
2016-04-30,FR,10.1,10.201600841449704,2011-04-30,2016-03-31,-0.10160084144970405,0.10160084144970405,0.010322730983287901
2016-04-30,GB,4.9,5.135927157403878,2011-04-30,2016-03-31,-0.2359271574038777,0.2359271574038777,0.05566162360067409
2016-04-30,IT,11.8,11.790642550146272,2011-04-30,2016-03-31,0.009357449853728994,0.009357449853728994,8.756186776505278e-05
2016-04-30,JP,3.2,3.3557510064922047,2011-04-30,2016-03-31,-0.15575100649220452,0.15575100649220452,0.024258376023334735
2016-04-30,KR,3.6,3.511536899408294,2011-04-30,2016-03-31,0.08846310059170603,0.08846310059170603,0.007825720166298301
2016-04-30,US,5.1,5.040460834677622,2011-04-30,2016-03-31,0.05953916532237802,0.05953916532237802,0.0035449122072854613
2016-05-31,AU,5.72171,5.629865647135654,2011-05-31,2016-04-30,0.09184435286434578,0.09184435286434578,0.008435385153070461
2016-05-31,CA,7.1,7.298879662958535,2011-05-31,2016-04-30,-0.198879662958535,0.198879662958535,0.039553120338500475
2016-05-31,DE,4.0,4.0816661061342545,2011-05-31,2016-04-30,-0.08166610613425451,0.08166610613425451,0.006669352891131322
2016-05-31,FR,10.0,10.230709059488447,2011-05-31,2016-04-30,-0.2307090594884471,0.2307090594884471,0.05322667013004383
2016-05-31,GB,4.9,5.0307030127401156,2011-05-31,2016-04-30,-0.1307030127401152,0.1307030127401152,0.017083277539342717
2016-05-31,IT,11.5,11.712701970654892,2011-05-31,2016-04-30,-0.2127019706548925,0.2127019706548925,0.045242128320474743
2016-05-31,JP,3.2,3.298937192350045,2011-05-31,2016-04-30,-0.09893719235004461,0.09893719235004461,0.009788568030109726
2016-05-31,KR,3.5,3.5926874798068864,2011-05-31,2016-04-30,-0.09268747980688641,0.09268747980688641,0.008590968912951975
2016-05-31,US,4.8,5.10179727458358,2011-05-31,2016-04-30,-0.3017972745835804,0.3017972745835804,0.09108159494607702
2016-06-30,AU,5.695338,5.764406956407457,2011-06-30,2016-05-31,-0.0690689564074578,0.0690689564074578,0.0047705207392153065
2016-06-30,CA,7.0,7.119410656635259,2011-06-30,2016-05-31,-0.1194106566352593,0.1194106566352593,0.014258904918063794
2016-06-30,DE,4.0,4.002626764741476,2011-06-30,2016-05-31,-0.002626764741475718,0.002626764741475718,6.899893007059995e-06
2016-06-30,FR,9.9,10.16999388865432,2011-06-30,2016-05-31,-0.2699938886543194,0.2699938886543194,0.07289669991068101
2016-06-30,GB,4.9,4.92572272337088,2011-06-30,2016-05-31,-0.025722723370879663,0.025722723370879663,0.0006616584976147988
2016-06-30,IT,11.7,11.701707375335232,2011-06-30,2016-05-31,-0.001707375335232797,0.001707375335232797,2.915130535361306e-06
2016-06-30,JP,3.1,3.2858873632606,2011-06-30,2016-05-31,-0.18588736326059996,0.18588736326059996,0.03455411181997825
2016-06-30,KR,3.6,3.543971570432456,2011-06-30,2016-05-31,0.05602842956754417,0.05602842956754417,0.0031391849198052577
2016-06-30,US,4.9,4.857914673208111,2011-06-30,2016-05-31,0.0420853267918897,0.0420853267918897,0.001771174731180149
2016-07-31,AU,5.692999,5.717624809703003,2011-07-31,2016-06-30,-0.024625809703002766,0.024625809703002766,0.0006064305035285052
2016-07-31,CA,7.0,6.950925816854728,2011-07-31,2016-06-30,0.04907418314527234,0.04907418314527234,0.002408275451375732
2016-07-31,DE,3.9,3.9812568099164745,2011-07-31,2016-06-30,-0.08125680991647455,0.08125680991647455,0.006602669157802076
2016-07-31,FR,9.8,10.087718941569808,2011-07-31,2016-06-30,-0.28771894156980693,0.28771894156980693,0.08278218933804997
2016-07-31,GB,5.0,5.0393718277141195,2011-07-31,2016-06-30,-0.03937182771411951,0.03937182771411951,0.0015501408175503093
2016-07-31,IT,11.7,11.790388747817126,2011-07-31,2016-06-30,-0.09038874781712636,0.09038874781712636,0.008170125731948065
2016-07-31,JP,3.0,3.350178395862021,2011-07-31,2016-06-30,-0.35017839586202104,0.35017839586202104,0.12262490892849831
2016-07-31,KR,3.6,3.555005078337925,2011-07-31,2016-06-30,0.04499492166207508,0.04499492166207508,0.0020245429753762735
2016-07-31,US,4.8,5.132155392319889,2011-07-31,2016-06-30,-0.3321553923198888,0.3321553923198888,0.11032720464717923
2016-08-31,AU,5.614959,5.724840769760817,2011-08-31,2016-07-31,-0.10988176976081743,0.10988176976081743,0.012074003325769292
2016-08-31,CA,6.9,6.92050530265936,2011-08-31,2016-07-31,-0.020505302659359792,0.020505302659359792,0.0004204674371519478
2016-08-31,DE,3.9,3.9060265619470647,2011-08-31,2016-07-31,-0.006026561947064746,0.006026561947064746,3.631944890180882e-05
2016-08-31,FR,9.9,9.892685956250808,2011-08-31,2016-07-31,0.0073140437491918675,0.0073140437491918675,5.349523596509263e-05
2016-08-31,GB,4.8,5.054671132357781,2011-08-31,2016-07-31,-0.2546711323577808,0.2546711323577808,0.06485738565639432
2016-08-31,IT,11.7,11.665148384645914,2011-08-31,2016-07-31,0.03485161535408565,0.03485161535408565,0.0012146350927891387
2016-08-31,JP,3.1,3.231871318085068,2011-08-31,2016-07-31,-0.1318713180850679,0.1318713180850679,0.01739004453349316
2016-08-31,KR,3.9,3.6050952593304215,2011-08-31,2016-07-31,0.2949047406695784,0.2949047406695784,0.08696880606939128
2016-08-31,US,4.9,4.850294836755735,2011-08-31,2016-07-31,0.04970516324426555,0.04970516324426555,0.002470603253139087
2016-09-30,AU,5.664861,5.659523910165422,2011-09-30,2016-08-31,0.005337089834577924,0.005337089834577924,2.8484527902355012e-05
2016-09-30,CA,7.0,6.872080286002096,2011-09-30,2016-08-31,0.1279197139979038,0.1279197139979038,0.016363453229305505
2016-09-30,DE,3.8,3.923611910876922,2011-09-30,2016-08-31,-0.12361191087692225,0.12361191087692225,0.01527990451064417
2016-09-30,FR,9.9,9.86619792956393,2011-09-30,2016-08-31,0.033802070436070863,0.033802070436070863,0.0011425799657650958
2016-09-30,GB,4.8,4.9291849005848,2011-09-30,2016-08-31,-0.12918490058480003,0.12918490058480003,0.01668873853910467
2016-09-30,IT,11.9,11.53759159815863,2011-09-30,2016-08-31,0.36240840184137113,0.36240840184137113,0.13133984972521673
2016-09-30,JP,3.0,3.188771500408276,2011-09-30,2016-08-31,-0.18877150040827617,0.18877150040827617,0.03563467936639181
2016-09-30,KR,3.9,3.8336485293990044,2011-09-30,2016-08-31,0.06635147060099555,0.06635147060099555,0.004402517650914778
2016-09-30,US,5.0,4.882684690525848,2011-09-30,2016-08-31,0.1173153094741517,0.1173153094741517,0.013762881837015987
2016-10-31,AU,5.596512,5.6576900402659795,2011-10-31,2016-09-30,-0.06117804026597984,0.06117804026597984,0.0037427526107858505
2016-10-31,CA,6.9,7.000436782511783,2011-10-31,2016-09-30,-0.10043678251178267,0.10043678251178267,0.010087547281319133
2016-10-31,DE,3.7,3.9036096547767807,2011-10-31,2016-09-30,-0.2036096547767805,0.2036096547767805,0.04145689151831974
2016-10-31,FR,10.1,9.932226816699865,2011-10-31,2016-09-30,0.16777318330013458,0.16777318330013458,0.028147841034660556
2016-10-31,GB,4.8,4.929932237843819,2011-10-31,2016-09-30,-0.12993223784381946,0.12993223784381946,0.01688238643110287
2016-10-31,IT,11.7,11.676898084073644,2011-10-31,2016-09-30,0.023101915926355687,0.023101915926355687,0.0005336985194684065
2016-10-31,JP,3.0,3.1250709987578653,2011-10-31,2016-09-30,-0.12507099875786531,0.12507099875786531,0.01564275473028995
2016-10-31,KR,3.8,3.799671325522138,2011-10-31,2016-09-30,0.0003286744778616679,0.0003286744778616679,1.0802691239764004e-07
2016-10-31,US,4.9,4.955945398828231,2011-10-31,2016-09-30,-0.05594539882823035,0.05594539882823035,0.003129887650049758
2016-11-30,AU,5.767118,5.5436186549159245,2011-11-30,2016-10-31,0.22349934508407543,0.22349934508407543,0.04995195725301063
2016-11-30,CA,6.8,6.873939412543354,2011-11-30,2016-10-31,-0.07393941254335434,0.07393941254335434,0.005467036727256346
2016-11-30,DE,3.7,4.631269647052245,2011-11-30,2016-10-31,-0.931269647052245,0.931269647052245,0.867263155520813
2016-11-30,FR,10.1,9.691531727671261,2011-11-30,2016-10-31,0.4084682723287383,0.4084682723287383,0.1668463294992243
2016-11-30,GB,4.7,4.962270899362575,2011-11-30,2016-10-31,-0.26227089936257464,0.26227089936257464,0.06878602465245376
2016-11-30,IT,11.9,11.019737388236223,2011-11-30,2016-10-31,0.8802626117637775,0.8802626117637775,0.7748622656691869
2016-11-30,JP,3.0,3.6726922202002608,2011-11-30,2016-10-31,-0.6726922202002608,0.6726922202002608,0.4525148231179561
2016-11-30,KR,3.7,4.617538330095019,2011-11-30,2016-10-31,-0.9175383300950184,0.9175383300950184,0.841876587193555
2016-11-30,US,4.7,5.061408323413914,2011-11-30,2016-10-31,-0.3614083234139134,0.3614083234139134,0.1306159762328558
2016-12-31,AU,5.836587,5.837613109821282,2011-12-31,2016-11-30,-0.0010261098212822617,0.0010261098212822617,1.052901365331915e-06
2016-12-31,CA,6.9,6.686866609445444,2011-12-31,2016-11-30,0.2131333905545567,0.2131333905545567,0.0454258421692812
2016-12-31,DE,3.7,4.223805635807691,2011-12-31,2016-11-30,-0.5238056358076912,0.5238056358076912,0.27437234410389966
2016-12-31,FR,10.0,9.936210948950189,2011-12-31,2016-11-30,0.06378905104981136,0.06378905104981136,0.00406904303383544
2016-12-31,GB,4.7,4.742127474689034,2011-12-31,2016-11-30,-0.04212747468903366,0.04212747468903366,0.0017747241236751718
2016-12-31,IT,11.8,11.367808435849952,2011-12-31,2016-11-30,0.4321915641500489,0.4321915641500489,0.18678954812246581
2016-12-31,JP,3.0,3.212931641765674,2011-12-31,2016-11-30,-0.21293164176567414,0.21293164176567414,0.045339884065025385
2016-12-31,KR,3.5,4.093220940711936,2011-12-31,2016-11-30,-0.5932209407119364,0.5932209407119364,0.3519110844991548
2016-12-31,US,4.7,4.712633095779223,2011-12-31,2016-11-30,-0.012633095779222892,0.012633095779222892,0.00015959510896701922
2017-01-31,AU,5.683755,5.717842259653193,2012-01-31,2016-12-31,-0.03408725965319359,0.03408725965319359,0.0011619412706642396
2017-01-31,CA,6.9,6.820825166327909,2012-01-31,2016-12-31,0.07917483367209144,0.07917483367209144,0.006268654287003344
2017-01-31,DE,3.7,3.7249624184859473,2012-01-31,2016-12-31,-0.024962418485947158,0.024962418485947158,0.0006231223366675564
2017-01-31,FR,9.7,10.059504257033186,2012-01-31,2016-12-31,-0.359504257033187,0.359504257033187,0.12924331082498378
2017-01-31,GB,4.6,4.76788109478461,2012-01-31,2016-12-31,-0.16788109478461077,0.16788109478461077,0.028184061986079468
2017-01-31,IT,11.7,12.062923169501587,2012-01-31,2016-12-31,-0.3629231695015882,0.3629231695015882,0.1317132269610785
2017-01-31,JP,3.0,3.1366063717158403,2012-01-31,2016-12-31,-0.13660637171584034,0.13660637171584034,0.018661300793366344
2017-01-31,KR,3.5,4.1973439843154665,2012-01-31,2016-12-31,-0.6973439843154665,0.6973439843154665,0.4862886324609696
2017-01-31,US,4.7,4.9065892294780635,2012-01-31,2016-12-31,-0.20658922947806335,0.20658922947806335,0.04267910973633992
2017-02-28,AU,5.893282,5.670973861281929,2012-02-29,2017-01-31,0.22230813871807076,0.22230813871807076,0.04942090854029299
2017-02-28,CA,6.6,6.808606911596408,2012-02-29,2017-01-31,-0.20860691159640865,0.20860691159640865,0.04351684356579186
2017-02-28,DE,3.6,3.7161749537915894,2012-02-29,2017-01-31,-0.11617495379158926,0.11617495379158926,0.0134966198884779
2017-02-28,FR,9.6,9.483281053617455,2012-02-29,2017-01-31,0.11671894638254443,0.11671894638254443,0.013623312444651281
2017-02-28,GB,4.6,4.721392682819021,2012-02-29,2017-01-31,-0.12139268281902105,0.12139268281902105,0.014736183441999447
2017-02-28,IT,11.5,11.638286033440682,2012-02-29,2017-01-31,-0.13828603344068213,0.13828603344068213,0.019123027044757455
2017-02-28,JP,2.9,3.1497860577407892,2012-02-29,2017-01-31,-0.24978605774078932,0.24978605774078932,0.06239307464168494
2017-02-28,KR,3.9,3.754377263938535,2012-02-29,2017-01-31,0.14562273606146503,0.14562273606146503,0.02120598125802711
2017-02-28,US,4.6,4.784969408697879,2012-02-29,2017-01-31,-0.1849694086978797,0.1849694086978797,0.03421368215404325
2017-03-31,AU,5.845982,5.7983240259574975,2012-03-31,2017-02-28,0.047657974042502715,0.047657974042502715,0.0022712824898358627
2017-03-31,CA,6.7,6.52861783217684,2012-03-31,2017-02-28,0.17138216782316018,0.17138216782316018,0.02937184744776584
2017-03-31,DE,3.6,3.686750658503079,2012-03-31,2017-02-28,-0.08675065850307906,0.08675065850307906,0.007525676750717843
2017-03-31,FR,9.6,9.618623859384526,2012-03-31,2017-02-28,-0.018623859384526043,0.018623859384526043,0.00034684813837459875
2017-03-31,GB,4.5,4.607772567888615,2012-03-31,2017-02-28,-0.107772567888615,0.107772567888615,0.011614926389306128
2017-03-31,IT,11.5,11.70284621015245,2012-03-31,2017-02-28,-0.2028462101524493,0.2028462101524493,0.04114658497321163
2017-03-31,JP,2.8,3.212454266680098,2012-03-31,2017-02-28,-0.4124542666800983,0.4124542666800983,0.17011852210261766
2017-03-31,KR,3.6,4.124684810789944,2012-03-31,2017-02-28,-0.5246848107899438,0.5246848107899438,0.2752941506736791
2017-03-31,US,4.4,4.547246754060557,2012-03-31,2017-02-28,-0.1472467540605562,0.1472467540605562,0.021681606581369927
2017-04-30,AU,5.609199,5.787150030464752,2012-04-30,2017-03-31,-0.1779510304647518,0.1779510304647518,0.03166656924346702
2017-04-30,CA,6.5,6.64704573789281,2012-04-30,2017-03-31,-0.14704573789281028,0.14704573789281028,0.021622449032441062
2017-04-30,DE,3.6,3.6733504057464117,2012-04-30,2017-03-31,-0.0733504057464116,0.0733504057464116,0.005380282023163213
2017-04-30,FR,9.5,9.788964290693071,2012-04-30,2017-03-31,-0.2889642906930714,0.2889642906930714,0.08350036129574986
2017-04-30,GB,4.4,4.541828039927288,2012-04-30,2017-03-31,-0.14182803992728754,0.14182803992728754,0.020115192909616268
2017-04-30,IT,11.2,11.676132124671353,2012-04-30,2017-03-31,-0.4761321246713539,0.4761321246713539,0.2267018001440577
2017-04-30,JP,2.8,3.0730896336021707,2012-04-30,2017-03-31,-0.27308963360217087,0.27308963360217087,0.07457794798096794
2017-04-30,KR,3.8,3.769630789383336,2012-04-30,2017-03-31,0.030369210616663977,0.030369210616663977,0.000922288953479296
2017-04-30,US,4.4,4.335326990755475,2012-04-30,2017-03-31,0.06467300924452513,0.06467300924452513,0.004182598124742433
2017-05-31,AU,5.547534,5.671344890073131,2012-05-31,2017-04-30,-0.1238108900731314,0.1238108900731314,0.015329136500701026
2017-05-31,CA,6.6,6.546678948776761,2012-05-31,2017-04-30,0.05332105122323849,0.05332105122323849,0.002843134503551223
2017-05-31,DE,3.6,3.654961871079214,2012-05-31,2017-04-30,-0.05496187107921413,0.05496187107921413,0.0030208072725281545
2017-05-31,FR,9.5,9.604128543588955,2012-05-31,2017-04-30,-0.10412854358895451,0.10412854358895451,0.0108427535899568
2017-05-31,GB,4.4,4.5517578241460095,2012-05-31,2017-04-30,-0.15175782414600913,0.15175782414600913,0.023030437189531034
2017-05-31,IT,11.5,11.325218996148813,2012-05-31,2017-04-30,0.17478100385118722,0.17478100385118722,0.030548399307228722
2017-05-31,JP,3.0,3.0366141315403286,2012-05-31,2017-04-30,-0.036614131540328554,0.036614131540328554,0.0013405946284524822
2017-05-31,KR,3.5,3.8414889683730085,2012-05-31,2017-04-30,-0.34148896837300846,0.34148896837300846,0.11661471552046157
2017-05-31,US,4.4,4.520772626267274,2012-05-31,2017-04-30,-0.12077262626727325,0.12077262626727325,0.014586027255494462
2017-06-30,AU,5.622869,5.632358439019421,2012-06-30,2017-05-31,-0.00948943901942112,0.00948943901942112,9.004945290331207e-05
2017-06-30,CA,6.5,6.662456023491327,2012-06-30,2017-05-31,-0.16245602349132682,0.16245602349132682,0.02639195956861453
2017-06-30,DE,3.5,3.657749643972403,2012-06-30,2017-05-31,-0.15774964397240288,0.15774964397240288,0.02488495017341986
2017-06-30,FR,9.5,9.365986225677446,2012-06-30,2017-05-31,0.134013774322554,0.134013774322554,0.017959691708176437
2017-06-30,GB,4.3,4.441392600240487,2012-06-30,2017-05-31,-0.14139260024048728,0.14139260024048728,0.019991867402766244
2017-06-30,IT,11.2,11.528163482225555,2012-06-30,2017-05-31,-0.32816348222555547,0.32816348222555547,0.10769127106640246
2017-06-30,JP,2.8,3.1766899269122737,2012-06-30,2017-05-31,-0.3766899269122739,0.3766899269122739,0.14189530103717424
2017-06-30,KR,3.7,3.3288878647151545,2012-06-30,2017-05-31,0.37111213528484566,0.37111213528484566,0.13772421695567758
2017-06-30,US,4.3,4.550806354846276,2012-06-30,2017-05-31,-0.2508063548462758,0.2508063548462758,0.062903827631276
2017-07-31,AU,5.605175,5.7131184067566,2012-07-31,2017-06-30,-0.10794340675659964,0.10794340675659964,0.01165177906222072
2017-07-31,CA,6.3,6.521204601134221,2012-07-31,2017-06-30,-0.2212046011342208,0.2212046011342208,0.04893147556294972
2017-07-31,DE,3.5,3.612178826446656,2012-07-31,2017-06-30,-0.11217882644665611,0.11217882644665611,0.012584089102948993
2017-07-31,FR,9.6,9.677536352263624,2012-07-31,2017-06-30,-0.07753635226362476,0.07753635226362476,0.006011885922348909
2017-07-31,GB,4.3,4.390880186132051,2012-07-31,2017-06-30,-0.0908801861320514,0.0908801861320514,0.008259208231396307
2017-07-31,IT,11.4,11.474089616295569,2012-07-31,2017-06-30,-0.0740896162955682,0.0740896162955682,0.005489271242824526
2017-07-31,JP,2.8,3.076082519043216,2012-07-31,2017-06-30,-0.2760825190432161,0.2760825190432161,0.07622155732124779
2017-07-31,KR,3.6,3.513856507005731,2012-07-31,2017-06-30,0.08614349299426927,0.08614349299426927,0.007420701385253718
2017-07-31,US,4.3,4.413949682074806,2012-07-31,2017-06-30,-0.11394968207480627,0.11394968207480627,0.012984530044949425
2017-08-31,AU,5.529722,5.64174900301542,2012-08-31,2017-07-31,-0.11202700301542023,0.11202700301542023,0.012550049404616974
2017-08-31,CA,6.2,6.32289085707033,2012-08-31,2017-07-31,-0.1228908570703302,0.1228908570703302,0.015102162751480328
2017-08-31,DE,3.5,3.5885258122766057,2012-08-31,2017-07-31,-0.08852581227660572,0.08852581227660572,0.007836819439232836
2017-08-31,FR,9.5,9.86902482897857,2012-08-31,2017-07-31,-0.3690248289785707,0.3690248289785707,0.13617932440266334
2017-08-31,GB,4.3,4.373902820126164,2012-08-31,2017-07-31,-0.07390282012616378,0.07390282012616378,0.005461626822600119
2017-08-31,IT,11.5,11.658202110079614,2012-08-31,2017-07-31,-0.15820211007961404,0.15820211007961404,0.02502790763364232
2017-08-31,JP,2.8,3.070373102829619,2012-08-31,2017-07-31,-0.27037310282961924,0.27037310282961924,0.07310161473371586
2017-08-31,KR,4.0,3.5974617572614696,2012-08-31,2017-07-31,0.40253824273853045,0.40253824273853045,0.16203703686702406
2017-08-31,US,4.4,4.345953284080379,2012-08-31,2017-07-31,0.05404671591962096,0.05404671591962096,0.0029210475016962093
2017-09-30,AU,5.462973,5.586304871764376,2012-09-30,2017-08-31,-0.12333187176437654,0.12333187176437654,0.01521075059290462
2017-09-30,CA,6.2,6.2302766002296055,2012-09-30,2017-08-31,-0.03027660022960532,0.03027660022960532,0.000916672521463337
2017-09-30,DE,3.4,3.590171074011136,2012-09-30,2017-08-31,-0.1901710740111362,0.1901710740111362,0.03616503739054904
2017-09-30,FR,9.3,9.582372104262353,2012-09-30,2017-08-31,-0.28237210426235215,0.28237210426235215,0.07973400526554868
2017-09-30,GB,4.2,4.335716015702728,2012-09-30,2017-08-31,-0.1357160157027275,0.1357160157027275,0.01841883691822298
2017-09-30,IT,11.2,11.507021825753288,2012-09-30,2017-08-31,-0.3070218257532886,0.3070218257532886,0.09426240148888272
2017-09-30,JP,2.8,2.9747255325440314,2012-09-30,2017-08-31,-0.17472553254403156,0.17472553254403156,0.030529011722795433
2017-09-30,KR,3.7,3.9422169793456487,2012-09-30,2017-08-31,-0.24221697934564856,0.24221697934564856,0.05866906508333034
2017-09-30,US,4.3,4.475988017273629,2012-09-30,2017-08-31,-0.175988017273629,0.175988017273629,0.030971782223903142
2017-10-31,AU,5.403244,5.389212491441324,2012-10-31,2017-09-30,0.014031508558676187,0.014031508558676187,0.0001968832324322031
2017-10-31,CA,6.3,6.226499554834399,2012-10-31,2017-09-30,0.0735004451656005,0.0735004451656005,0.005402315439541446
2017-10-31,DE,3.4,3.438653746887058,2012-10-31,2017-09-30,-0.03865374688705803,0.03865374688705803,0.001494112148408748
2017-10-31,FR,9.1,9.494945884975133,2012-10-31,2017-09-30,-0.39494588497513305,0.39494588497513305,0.15598225205879104
2017-10-31,GB,4.3,4.377282351513698,2012-10-31,2017-09-30,-0.07728235151369844,0.07728235151369844,0.005972561855486848
2017-10-31,IT,11.0,11.590681740424008,2012-10-31,2017-09-30,-0.5906817404240083,0.5906817404240083,0.34890491847033556
2017-10-31,JP,2.7,3.015652762013135,2012-10-31,2017-09-30,-0.31565276201313486,0.31565276201313486,0.09963666616652075
2017-10-31,KR,3.7,3.4673180153916996,2012-10-31,2017-09-30,0.23268198460830058,0.23268198460830058,0.05414090596125743
2017-10-31,US,4.2,4.261575426361007,2012-10-31,2017-09-30,-0.061575426361006436,0.061575426361006436,0.0037915331315397263
2017-11-30,AU,5.454136,5.386381060465876,2012-11-30,2017-10-31,0.06775493953412415,0.06775493953412415,0.0045907318312728195
2017-11-30,CA,6.2,6.227695704621263,2012-11-30,2017-10-31,-0.02769570462126314,0.02769570462126314,0.0007670520544682565
2017-11-30,DE,3.4,3.4552225448975857,2012-11-30,2017-10-31,-0.055222544897585824,0.055222544897585824,0.0030495294649658822
2017-11-30,FR,9.0,9.658493884999821,2012-11-30,2017-10-31,-0.658493884999821,0.658493884999821,0.43361419658215744
2017-11-30,GB,4.4,4.385610392070219,2012-11-30,2017-10-31,0.014389607929781612,0.014389607929781612,0.00020706081637283385
2017-11-30,IT,10.9,11.235842115877126,2012-11-30,2017-10-31,-0.3358421158771261,0.3358421158771261,0.112789926796825
2017-11-30,JP,2.7,3.0401889253608405,2012-11-30,2017-10-31,-0.34018892536084033,0.34018892536084033,0.11572850493816339
2017-11-30,KR,3.7,3.826228128913233,2012-11-30,2017-10-31,-0.12622812891323276,0.12622812891323276,0.015933540528935707
2017-11-30,US,4.2,4.344726677181318,2012-11-30,2017-10-31,-0.1447266771813176,0.1447266771813176,0.020945811087945316
2017-12-31,AU,5.616885,5.491805241745103,2012-12-31,2017-11-30,0.1250797582548966,0.1250797582548966,0.015644945925103373
2017-12-31,CA,6.0,6.156936947576358,2012-12-31,2017-11-30,-0.1569369475763578,0.1569369475763578,0.024629205514584473
2017-12-31,DE,3.4,3.591782429952768,2012-12-31,2017-11-30,-0.19178242995276795,0.19178242995276795,0.03678050043858835
2017-12-31,FR,9.0,9.928452648650564,2012-12-31,2017-11-30,-0.9284526486505644,0.9284526486505644,0.8620243207862485
2017-12-31,GB,4.3,4.563357954955821,2012-12-31,2017-11-30,-0.26335795495582115,0.26335795495582115,0.06935741243851232
2017-12-31,IT,10.9,10.762927458199515,2012-12-31,2017-11-30,0.13707254180048523,0.13707254180048523,0.01878888171564577
2017-12-31,JP,2.7,3.300654652005822,2012-12-31,2017-11-30,-0.6006546520058218,0.6006546520058218,0.36078601097623486
2017-12-31,KR,3.6,3.756010477605122,2012-12-31,2017-11-30,-0.15601047760512188,0.15601047760512188,0.024339269122578236
2017-12-31,US,4.1,4.3546396326812475,2012-12-31,2017-11-30,-0.2546396326812479,0.2546396326812479,0.06484134253204085
2018-01-31,AU,5.524104,5.706599965639133,2013-01-31,2017-12-31,-0.1824959656391325,0.1824959656391325,0.033304777474559434
2018-01-31,CA,5.9,5.991232316852059,2013-01-31,2017-12-31,-0.09123231685205901,0.09123231685205901,0.008323335638194491
2018-01-31,DE,3.3,3.3945961688041697,2013-01-31,2017-12-31,-0.09459616880416988,0.09459616880416988,0.008948435152427003
2018-01-31,FR,9.2,9.107872514244846,2013-01-31,2017-12-31,0.09212748575515306,0.09212748575515306,0.00848747363156593
2018-01-31,GB,4.2,4.2966241590608085,2013-01-31,2017-12-31,-0.09662415906080835,0.09662415906080835,0.009336228114208391
2018-01-31,IT,11.0,11.194440613156136,2013-01-31,2017-12-31,-0.1944406131561358,0.1944406131561358,0.037807152044534054
2018-01-31,JP,2.4,2.945715826261661,2013-01-31,2017-12-31,-0.5457158262616613,0.5457158262616613,0.29780576303244766
2018-01-31,KR,3.4,3.6089141962991977,2013-01-31,2017-12-31,-0.20891419629919783,0.20891419629919783,0.04364514141533976
2018-01-31,US,4.0,4.146073859297361,2013-01-31,2017-12-31,-0.14607385929736072,0.14607385929736072,0.021337572370025138
2018-02-28,AU,5.581652,5.525757831034107,2013-02-28,2018-01-31,0.055894168965893165,0.055894168965893165,0.0031241581243878144
2018-02-28,CA,6.0,5.96790629858474,2013-02-28,2018-01-31,0.0320937014152598,0.0320937014152598,0.0010300056705318489
2018-02-28,DE,3.3,3.3618936537496964,2013-02-28,2018-01-31,-0.061893653749696576,0.061893653749696576,0.0038308243744873288
2018-02-28,FR,9.3,9.235597001669303,2013-02-28,2018-01-31,0.06440299833069751,0.06440299833069751,0.004147746193983827
2018-02-28,GB,4.2,4.313777702241329,2013-02-28,2018-01-31,-0.11377770224132888,0.11377770224132888,0.012945365527316495
2018-02-28,IT,10.8,10.959492789071772,2013-02-28,2018-01-31,-0.15949278907177167,0.15949278907177167,0.02543794976589265
2018-02-28,JP,2.5,2.9489992642409804,2013-02-28,2018-01-31,-0.44899926424098036,0.44899926424098036,0.2016003392889417
2018-02-28,KR,3.7,3.6218582158276114,2013-02-28,2018-01-31,0.07814178417238882,0.07814178417238882,0.006106138433644196
2018-02-28,US,4.1,4.000169493412265,2013-02-28,2018-01-31,0.09983050658773429,0.09983050658773429,0.009966130045563659
2018-03-31,AU,5.530407,5.644577658811884,2013-03-31,2018-02-28,-0.11417065881188382,0.11417065881188382,0.013034939333539584
2018-03-31,CA,5.8,6.096714245460906,2013-03-31,2018-02-28,-0.2967142454609064,0.2967142454609064,0.08803934345943502
2018-03-31,DE,3.3,3.6924247552716034,2013-03-31,2018-02-28,-0.3924247552716036,0.3924247552716036,0.15399718854997796
2018-03-31,FR,9.3,9.264466162967135,2013-03-31,2018-02-28,0.03553383703286528,0.03553383703286528,0.001262653574278228
2018-03-31,GB,4.2,4.3343058429209185,2013-03-31,2018-02-28,-0.1343058429209183,0.1343058429209183,0.01803805944269838
2018-03-31,IT,10.9,10.920951972309593,2013-03-31,2018-02-28,-0.020951972309593003,0.020951972309593003,0.000438985143661952
2018-03-31,JP,2.5,2.801428352259803,2013-03-31,2018-02-28,-0.30142835225980313,0.30142835225980313,0.09085905154605997
2018-03-31,KR,4.0,3.7173448005689598,2013-03-31,2018-02-28,0.2826551994310402,0.2826551994310402,0.07989396176540112
2018-03-31,US,4.0,4.176579574146801,2013-03-31,2018-02-28,-0.1765795741468006,0.1765795741468006,0.031180346005865448
2018-04-30,AU,5.545162,5.683955913175293,2013-04-30,2018-03-31,-0.13879391317529244,0.13879391317529244,0.019263750334510617
2018-04-30,CA,5.8,5.877822922742687,2013-04-30,2018-03-31,-0.07782292274268698,0.07782292274268698,0.006056407304214227
2018-04-30,DE,3.2,3.4087492118310103,2013-04-30,2018-03-31,-0.20874921183101014,0.20874921183101014,0.043576233440067946
2018-04-30,FR,9.2,8.924066837852022,2013-04-30,2018-03-31,0.27593316214797703,0.27593316214797703,0.07613910997298179
2018-04-30,GB,4.2,4.291264149838622,2013-04-30,2018-03-31,-0.09126414983862219,0.09126414983862219,0.008329145045766482
2018-04-30,IT,10.9,11.09731423341723,2013-04-30,2018-03-31,-0.1973142334172291,0.1973142334172291,0.03893290670902876
2018-04-30,JP,2.5,2.7499870296694215,2013-04-30,2018-03-31,-0.24998702966942155,0.24998702966942155,0.062493515002940245
2018-04-30,KR,3.8,4.159822662399582,2013-04-30,2018-03-31,-0.3598226623995826,0.3598226623995826,0.129472348376324
2018-04-30,US,4.0,4.065404063142195,2013-04-30,2018-03-31,-0.0654040631421946,0.0654040631421946,0.004277691475508178
2018-05-31,AU,5.436615,5.562352903598129,2013-05-31,2018-04-30,-0.12573790359812964,0.12573790359812964,0.015810020401252543
2018-05-31,CA,5.9,5.945121246605582,2013-05-31,2018-04-30,-0.045121246605581256,0.045121246605581256,0.002035926895241678
2018-05-31,DE,3.2,3.3038145951775557,2013-05-31,2018-04-30,-0.10381459517755554,0.10381459517755554,0.010777470171879737
2018-05-31,FR,9.1,8.809095871329239,2013-05-31,2018-04-30,0.29090412867076054,0.29090412867076054,0.08462521207769441
2018-05-31,GB,4.0,4.284874917238407,2013-05-31,2018-04-30,-0.2848749172384073,0.2848749172384073,0.0811537184715894
2018-05-31,IT,10.7,10.956552260299928,2013-05-31,2018-04-30,-0.2565522602999284,0.2565522602999284,0.06581906226500221
2018-05-31,JP,2.2,2.6611495670778136,2013-05-31,2018-04-30,-0.4611495670778134,0.4611495670778134,0.21265892321605473
2018-05-31,KR,3.8,3.8689840761123184,2013-05-31,2018-04-30,-0.0689840761123186,0.0689840761123186,0.0047588027570701665
2018-05-31,US,3.8,4.0063162949069415,2013-05-31,2018-04-30,-0.2063162949069417,0.2063162949069417,0.042566413544128136
2018-06-30,AU,5.341984,5.62909491054668,2013-06-30,2018-05-31,-0.28711091054668003,0.28711091054668003,0.0824326749549437
2018-06-30,CA,6.0,5.907471175558436,2013-06-30,2018-05-31,0.09252882444156363,0.09252882444156363,0.008561583352537703
2018-06-30,DE,3.2,3.221378727065873,2013-06-30,2018-05-31,-0.021378727065872738,0.021378727065872738,0.00045704997095707956
2018-06-30,FR,9.0,9.184585478453974,2013-06-30,2018-05-31,-0.18458547845397355,0.18458547845397355,0.03407179885608233
2018-06-30,GB,4.0,3.9922499612169715,2013-06-30,2018-05-31,0.00775003878302849,0.00775003878302849,6.006310113844572e-05
2018-06-30,IT,10.8,10.837859710853888,2013-06-30,2018-05-31,-0.03785971085388695,0.03785971085388695,0.0014333577059399256
2018-06-30,JP,2.4,2.7106554771214193,2013-06-30,2018-05-31,-0.3106554771214194,0.3106554771214194,0.09650682546553672
2018-06-30,KR,3.6,3.805023568987164,2013-06-30,2018-05-31,-0.20502356898716378,0.20502356898716378,0.042034663840234306
2018-06-30,US,4.0,3.809366641224713,2013-06-30,2018-05-31,0.19063335877528687,0.19063335877528687,0.036341077477947244
2018-07-31,AU,5.29424,5.254187726742444,2013-07-31,2018-06-30,0.04005227325755634,0.04005227325755634,0.0016041845930979625
2018-07-31,CA,5.9,5.946898934995159,2013-07-31,2018-06-30,-0.04689893499515829,0.04689893499515829,0.002199510103680083
2018-07-31,DE,3.2,3.2751380142395305,2013-07-31,2018-06-30,-0.07513801423953037,0.07513801423953037,0.0056457211838598685
2018-07-31,FR,9.0,9.130171812768554,2013-07-31,2018-06-30,-0.1301718127685536,0.1301718127685536,0.016944700839451377
2018-07-31,GB,4.0,4.033671869411351,2013-07-31,2018-06-30,-0.03367186941135092,0.03367186941135092,0.0011337947896550697
2018-07-31,IT,10.4,11.023371744182686,2013-07-31,2018-06-30,-0.6233717441826858,0.6233717441826858,0.38859233144536387
2018-07-31,JP,2.5,2.5619480824806313,2013-07-31,2018-06-30,-0.06194808248063133,0.06194808248063133,0.003837564923027102
2018-07-31,KR,3.8,3.5845287069088223,2013-07-31,2018-06-30,0.21547129309117752,0.21547129309117752,0.046427878146384126
2018-07-31,US,3.8,3.997339487513399,2013-07-31,2018-06-30,-0.19733948751339936,0.19733948751339936,0.038942873332051105
2018-08-31,AU,5.243611,5.219177332496959,2013-08-31,2018-07-31,0.024433667503040546,0.024433667503040546,0.0005970041076491396
2018-08-31,CA,6.0,5.970715113691616,2013-08-31,2018-07-31,0.029284886308383662,0.029284886308383662,0.0008576045660949568
2018-08-31,DE,3.2,3.2755438297113617,2013-08-31,2018-07-31,-0.07554382971136153,0.07554382971136153,0.00570687020745919
2018-08-31,FR,8.9,8.763263643897044,2013-08-31,2018-07-31,0.13673635610295598,0.13673635610295598,0.018696831080314388
2018-08-31,GB,4.1,4.099863411548952,2013-08-31,2018-07-31,0.00013658845104735917,0.00013658845104735917,1.8656404959516833e-08
2018-08-31,IT,10.3,10.727383857535903,2013-08-31,2018-07-31,-0.4273838575359026,0.4273838575359026,0.18265696168226866
2018-08-31,JP,2.5,2.673245571351659,2013-08-31,2018-07-31,-0.17324557135165897,0.17324557135165897,0.03001402799296276
2018-08-31,KR,4.6,4.013166791649613,2013-08-31,2018-07-31,0.5868332083503862,0.5868332083503862,0.34437321442280777
2018-08-31,US,3.8,3.8318756371499827,2013-08-31,2018-07-31,-0.03187563714998287,0.03187563714998287,0.0010160562437173681
2018-09-30,AU,5.018031,5.168978405362596,2013-09-30,2018-08-31,-0.15094740536259632,0.15094740536259632,0.022785119185699972
2018-09-30,CA,5.8,6.015897119224946,2013-09-30,2018-08-31,-0.21589711922494637,0.21589711922494637,0.046611566089630706
2018-09-30,DE,3.1,3.2251278200374536,2013-09-30,2018-08-31,-0.12512782003745349,0.12512782003745349,0.015656971347325344
2018-09-30,FR,8.9,8.96786153821338,2013-09-30,2018-08-31,-0.06786153821338026,0.06786153821338026,0.004605188368686069
2018-09-30,GB,4.1,4.325750673435371,2013-09-30,2018-08-31,-0.22575067343537114,0.22575067343537114,0.05096336655652359
2018-09-30,IT,10.3,10.566336467788268,2013-09-30,2018-08-31,-0.2663364677882676,0.2663364677882676,0.0709351140739309
2018-09-30,JP,2.3,3.089939348442161,2013-09-30,2018-08-31,-0.7899393484421613,0.7899393484421613,0.6240041742172263
2018-09-30,KR,4.1,4.583786521911325,2013-09-30,2018-08-31,-0.4837865219113251,0.4837865219113251,0.23404939878305703
2018-09-30,US,3.7,3.877649762779507,2013-09-30,2018-08-31,-0.17764976277950684,0.17764976277950684,0.031559438215615056
2018-10-31,AU,5.001291,4.930537042963024,2013-10-31,2018-09-30,0.07075395703697573,0.07075395703697573,0.005006122436390208
2018-10-31,CA,5.6,5.815583904343454,2013-10-31,2018-09-30,-0.21558390434345398,0.21558390434345398,0.04647641981196752
2018-10-31,DE,3.1,3.1645204746858315,2013-10-31,2018-09-30,-0.06452047468583144,0.06452047468583144,0.004162891653685016
2018-10-31,FR,8.8,8.467655229583244,2013-10-31,2018-09-30,0.33234477041675703,0.33234477041675703,0.11045304642336694
2018-10-31,GB,4.0,4.1067527765545275,2013-10-31,2018-09-30,-0.10675277655452753,0.10675277655452753,0.011396155302100882
2018-10-31,IT,10.6,10.472770050765513,2013-10-31,2018-09-30,0.12722994923448638,0.12722994923448638,0.01618745998220998
2018-10-31,JP,2.4,2.558547360883467,2013-10-31,2018-09-30,-0.1585473608834671,0.1585473608834671,0.025137265643112354
2018-10-31,KR,4.0,4.135192972630688,2013-10-31,2018-09-30,-0.13519297263068797,0.13519297263068797,0.018277139848721945
2018-10-31,US,3.8,3.6918800393321978,2013-10-31,2018-09-30,0.10811996066780205,0.10811996066780205,0.011689925894807062
2018-11-30,AU,5.108883,4.963117158047541,2013-11-30,2018-10-31,0.14576584195245879,0.14576584195245879,0.021247680680109193
2018-11-30,CA,5.7,5.750770746427558,2013-11-30,2018-10-31,-0.05077074642755797,0.05077074642755797,0.00257766869281139
2018-11-30,DE,3.1,3.1419571650334825,2013-11-30,2018-10-31,-0.04195716503348246,0.04195716503348246,0.001760403697646883
2018-11-30,FR,8.7,8.57210340356192,2013-11-30,2018-10-31,0.12789659643807916,0.12789659643807916,0.01635753938044488
2018-11-30,GB,4.0,4.071829978522413,2013-11-30,2018-10-31,-0.07182997852241257,0.07182997852241257,0.005159545814530252
2018-11-30,IT,10.5,10.592379209274334,2013-11-30,2018-10-31,-0.09237920927433407,0.09237920927433407,0.00853391830615121
2018-11-30,JP,2.5,2.611113051464454,2013-11-30,2018-10-31,-0.11111305146445405,0.11111305146445405,0.012346110205742415
2018-11-30,KR,3.9,3.8911322017624697,2013-11-30,2018-10-31,0.008867798237530256,0.008867798237530256,7.863784558154471e-05
2018-11-30,US,3.8,3.8496190095592486,2013-11-30,2018-10-31,-0.049619009559248806,0.049619009559248806,0.0024620461096408245
2018-12-31,AU,5.018082,4.8601927548903,2013-12-31,2018-11-30,0.1578892451096996,0.1578892451096996,0.024929013721310796
2018-12-31,CA,5.6,5.72999021134496,2013-12-31,2018-11-30,-0.12999021134496047,0.12999021134496047,0.01689745504550749
2018-12-31,DE,3.1,3.8972584778555066,2013-12-31,2018-11-30,-0.7972584778555065,0.7972584778555065,0.6356210805124792
2018-12-31,FR,8.8,8.62493894253603,2013-12-31,2018-11-30,0.17506105746397083,0.17506105746397083,0.030646373840403696
2018-12-31,GB,3.9,4.017959530441311,2013-12-31,2018-11-30,-0.1179595304413108,0.1179595304413108,0.01391445082193453
2018-12-31,IT,10.3,10.494179438699598,2013-12-31,2018-11-30,-0.19417943869959764,0.19417943869959764,0.037705654413690795
2018-12-31,JP,2.5,2.5958033632100554,2013-12-31,2018-11-30,-0.09580336321005545,0.09580336321005545,0.009178284402357805
2018-12-31,KR,3.7,3.7336052425158157,2013-12-31,2018-11-30,-0.03360524251581554,0.03360524251581554,0.0011293123245467761
2018-12-31,US,3.9,3.83464128705723,2013-12-31,2018-11-30,0.06535871294276996,0.06535871294276996,0.004271761357535406
2019-01-31,AU,5.049368,5.008086673962182,2014-01-31,2018-12-31,0.041281326037818644,0.041281326037818644,0.0017041478794406835
2019-01-31,CA,5.7,5.666384470804312,2014-01-31,2018-12-31,0.03361552919568833,0.03361552919568833,0.0011300038031061745
2019-01-31,DE,3.0,3.0804690912419117,2014-01-31,2018-12-31,-0.0804690912419117,0.0804690912419117,0.0064752746452991115
2019-01-31,FR,8.8,8.5043210644593,2014-01-31,2018-12-31,0.29567893554070146,0.29567893554070146,0.08742603292248229
2019-01-31,GB,4.0,3.9854857484067536,2014-01-31,2018-12-31,0.014514251593246374,0.014514251593246374,0.00021066349931205493
2019-01-31,IT,10.3,10.425725226522912,2014-01-31,2018-12-31,-0.12572522652291163,0.12572522652291163,0.01580683258423744
2019-01-31,JP,2.5,2.6079334447482863,2014-01-31,2018-12-31,-0.10793344474828626,0.10793344474828626,0.011649628495231362
2019-01-31,KR,3.9,3.6903569912771856,2014-01-31,2018-12-31,0.20964300872281427,0.20964300872281427,0.04395019110635398
2019-01-31,US,4.0,3.828914962435591,2014-01-31,2018-12-31,0.17108503756440907,0.17108503756440907,0.029270090078415262
2019-02-28,AU,4.992832,5.05089738997667,2014-02-28,2019-01-31,-0.05806538997666966,0.05806538997666966,0.003371589513142729
2019-02-28,CA,5.8,5.743517849804468,2014-02-28,2019-01-31,0.05648215019553149,0.05648215019553149,0.003190233290710578
2019-02-28,DE,3.0,3.0086022949750473,2014-02-28,2019-01-31,-0.008602294975047275,0.008602294975047275,7.39994788377236e-05
2019-02-28,FR,8.7,8.826109491490618,2014-02-28,2019-01-31,-0.12610949149061845,0.12610949149061845,0.015903603844022368
2019-02-28,GB,3.8,4.142082763441841,2014-02-28,2019-01-31,-0.34208276344184085,0.34208276344184085,0.11702061704400644
2019-02-28,IT,10.4,10.22601013714721,2014-02-28,2019-01-31,0.17398986285279072,0.17398986285279072,0.030272472375532926
2019-02-28,JP,2.4,2.570911783102186,2014-02-28,2019-01-31,-0.17091178310218602,0.17091178310218602,0.029210837603168678
2019-02-28,KR,3.8,3.985576027499886,2014-02-28,2019-01-31,-0.1855760274998861,0.1855760274998861,0.03443846198263849
2019-02-28,US,3.8,3.9619212273368505,2014-02-28,2019-01-31,-0.16192122733685066,0.16192122733685066,0.026218483862272074
2019-03-31,AU,5.088956,4.925241568747818,2014-03-31,2019-02-28,0.16371443125218121,0.16371443125218121,0.02680241500022517
2019-03-31,CA,5.8,5.829147931714205,2014-03-31,2019-02-28,-0.029147931714205377,0.029147931714205377,0.0008496019232159796
2019-03-31,DE,3.0,3.0007592650911614,2014-03-31,2019-02-28,-0.0007592650911614207,0.0007592650911614207,5.764834786563605e-07
2019-03-31,FR,8.7,8.783909269293028,2014-03-31,2019-02-28,-0.083909269293029,0.083909269293029,0.007040765473290059
2019-03-31,GB,3.8,3.9442640858288676,2014-03-31,2019-02-28,-0.14426408582886774,0.14426408582886774,0.020812126460038917
2019-03-31,IT,10.2,10.529450481067064,2014-03-31,2019-02-28,-0.32945048106706487,0.32945048106706487,0.10853761947532047
2019-03-31,JP,2.5,2.4981662138128238,2014-03-31,2019-02-28,0.0018337861871762229,0.0018337861871762229,3.362771780278309e-06
2019-03-31,KR,3.8,3.8180812402349806,2014-03-31,2019-02-28,-0.01808124023498081,0.01808124023498081,0.00032693124843508894
2019-03-31,US,3.8,3.7709874110199952,2014-03-31,2019-02-28,0.029012588980004583,0.029012588980004583,0.0008417303193226834
2019-04-30,AU,5.21961,5.072868985367305,2014-04-30,2019-03-31,0.1467410146326955,0.1467410146326955,0.021532925375432957
2019-04-30,CA,5.7,5.82810819727244,2014-04-30,2019-03-31,-0.12810819727243938,0.12810819727243938,0.016411710208394246
2019-04-30,DE,2.9,3.045006969688969,2014-04-30,2019-03-31,-0.1450069696889691,0.1450069696889691,0.0210270212583776
2019-04-30,FR,8.5,8.809755055137794,2014-04-30,2019-03-31,-0.3097550551377939,0.3097550551377939,0.09594819418341773
2019-04-30,GB,3.8,3.948308172745375,2014-04-30,2019-03-31,-0.148308172745375,0.148308172745375,0.02199531410307199
2019-04-30,IT,10.4,10.27844890291194,2014-04-30,2019-03-31,0.12155109708806044,0.12155109708806044,0.014774669203311096
2019-04-30,JP,2.4,2.561873568831096,2014-04-30,2019-03-31,-0.16187356883109594,0.16187356883109594,0.026203052286115556
2019-04-30,KR,4.0,3.8040933011811213,2014-04-30,2019-03-31,0.19590669881887868,0.19590669881887868,0.03837943464211084
2019-04-30,US,3.7,3.7947528740830103,2014-04-30,2019-03-31,-0.09475287408301014,0.09475287408301014,0.008978107146990775
2019-05-31,AU,5.197409,5.0915869952365735,2014-05-31,2019-04-30,0.10582200476342685,0.10582200476342685,0.011198296692150734
2019-05-31,CA,5.5,5.747544629065093,2014-05-31,2019-04-30,-0.2475446290650929,0.2475446290650929,0.061278343378974434
2019-05-31,DE,2.9,3.04816181213206,2014-05-31,2019-04-30,-0.14816181213206026,0.14816181213206026,0.021951922574255916
2019-05-31,FR,8.5,8.681427587708217,2014-05-31,2019-04-30,-0.18142758770821743,0.18142758770821743,0.03291596958162293
2019-05-31,GB,3.9,3.7861768670880935,2014-05-31,2019-04-30,0.11382313291190638,0.11382313291190638,0.012955705585881504
2019-05-31,IT,10.0,10.36788522709572,2014-05-31,2019-04-30,-0.36788522709571936,0.36788522709571936,0.135339540315269
2019-05-31,JP,2.3,2.449447380273464,2014-05-31,2019-04-30,-0.14944738027346416,0.14944738027346416,0.022334519470601406
2019-05-31,KR,3.8,3.9239587118045396,2014-05-31,2019-04-30,-0.12395871180453977,0.12395871180453977,0.015365762232240947
2019-05-31,US,3.6,3.7043530444364716,2014-05-31,2019-04-30,-0.10435304443647153,0.10435304443647153,0.010889557883160202
2019-06-30,AU,5.259503,5.178534815013196,2014-06-30,2019-05-31,0.08096818498680403,0.08096818498680403,0.006555846980057317
2019-06-30,CA,5.6,5.595844293284222,2014-06-30,2019-05-31,0.004155706715777363,0.004155706715777363,1.7269898307557077e-05
2019-06-30,DE,2.9,2.989561676373647,2014-06-30,2019-05-31,-0.08956167637364709,0.08956167637364709,0.008021293874857895
2019-06-30,FR,8.5,8.702770179839613,2014-06-30,2019-05-31,-0.20277017983961265,0.20277017983961265,0.041115745832188855
2019-06-30,GB,3.9,3.9210069040296016,2014-06-30,2019-05-31,-0.021006904029601703,0.021006904029601703,0.00044129001690889626
2019-06-30,IT,9.6,9.94671826659947,2014-06-30,2019-05-31,-0.3467182665994706,0.3467182665994706,0.12021355639374155
2019-06-30,JP,2.3,2.5096025010707628,2014-06-30,2019-05-31,-0.20960250107076295,0.20960250107076295,0.04393320845511918
2019-06-30,KR,3.9,3.8684615566056477,2014-06-30,2019-05-31,0.03153844339435219,0.03153844339435219,0.0009946734117387572
2019-06-30,US,3.6,3.741258002617769,2014-06-30,2019-05-31,-0.14125800261776877,0.14125800261776877,0.01995382330356157
2019-07-31,AU,5.274817,5.204977499511107,2014-07-31,2019-06-30,0.06983950048889298,0.06983950048889298,0.004877555828538083
2019-07-31,CA,5.7,5.713194210980631,2014-07-31,2019-06-30,-0.013194210980630672,0.013194210980630672,0.000174087203401395
2019-07-31,DE,2.9,2.9012989697506963,2014-07-31,2019-06-30,-0.0012989697506964326,0.0012989697506964326,1.6873224132243524e-06
2019-07-31,FR,8.4,8.736449968770978,2014-07-31,2019-06-30,-0.3364499687709781,0.3364499687709781,0.11319858148599214
2019-07-31,GB,3.9,3.9248840253238497,2014-07-31,2019-06-30,-0.024884025323849812,0.024884025323849812,0.0006192147163179987
2019-07-31,IT,9.6,9.478781831936015,2014-07-31,2019-06-30,0.12121816806398478,0.12121816806398478,0.01469384426878846
2019-07-31,JP,2.3,2.5267383130742727,2014-07-31,2019-06-30,-0.22673831307427283,0.22673831307427283,0.05141026261576696
2019-07-31,KR,4.0,3.9026725140224725,2014-07-31,2019-06-30,0.0973274859775275,0.0973274859775275,0.00947263952670581
2019-07-31,US,3.7,3.7032194705551866,2014-07-31,2019-06-30,-0.0032194705551864544,0.0032194705551864544,1.0364990655712578e-05
2019-08-31,AU,5.257444,5.251249895154189,2014-08-31,2019-07-31,0.006194104845810955,0.006194104845810955,3.8366934840898755e-05
2019-08-31,CA,5.7,5.7462243337475565,2014-08-31,2019-07-31,-0.0462243337475563,0.0462243337475563,0.002136689030405472
2019-08-31,DE,2.9,2.983884637998279,2014-08-31,2019-07-31,-0.08388463799827894,0.08388463799827894,0.0070366324921023035
2019-08-31,FR,8.3,8.503052847842948,2014-08-31,2019-07-31,-0.20305284784294741,0.20305284784294741,0.041230459017131155
2019-08-31,GB,3.9,3.955807993465554,2014-08-31,2019-07-31,-0.055807993465553984,0.055807993465553984,0.0031145321346513163
2019-08-31,IT,9.5,9.746412979362919,2014-08-31,2019-07-31,-0.24641297936291906,0.24641297936291906,0.06071935639851037
2019-08-31,JP,2.3,2.4241613820317793,2014-08-31,2019-07-31,-0.12416138203177951,0.12416138203177951,0.0154160487880415
2019-08-31,KR,3.6,3.9205144775110465,2014-08-31,2019-07-31,-0.32051447751104645,0.32051447751104645,0.1027295302941791
2019-08-31,US,3.6,3.7185808591511162,2014-08-31,2019-07-31,-0.11858085915111616,0.11858085915111616,0.014061420157016849
2019-09-30,AU,5.226007,5.230068347797049,2014-09-30,2019-08-31,-0.004061347797049031,0.004061347797049031,1.6494545928595016e-05
2019-09-30,CA,5.6,5.721794152002262,2014-09-30,2019-08-31,-0.12179415200226273,0.12179415200226273,0.01483381546195028
2019-09-30,DE,2.9,3.0065730372837134,2014-09-30,2019-08-31,-0.10657303728371348,0.10657303728371348,0.011357812275875782
2019-09-30,FR,8.2,8.391051967434667,2014-09-30,2019-08-31,-0.19105196743466735,0.19105196743466735,0.03650085426065719
2019-09-30,GB,3.8,3.9615840377226927,2014-09-30,2019-08-31,-0.16158403772269292,0.16158403772269292,0.026109401246768648
2019-09-30,IT,9.8,8.686359201810616,2014-09-30,2019-08-31,1.113640798189385,1.113640798189385,1.2401958273918905
2019-09-30,JP,2.4,2.4381854452782026,2014-09-30,2019-08-31,-0.03818544527820267,0.03818544527820267,0.0014581282310946104
2019-09-30,KR,3.6,3.7801793123877547,2014-09-30,2019-08-31,-0.18017931238775464,0.18017931238775464,0.03246458461252407
2019-09-30,US,3.5,3.6531394506791726,2014-09-30,2019-08-31,-0.15313945067917256,0.15313945067917256,0.023451691354318727
2019-10-31,AU,5.301924,5.131746495191218,2014-10-31,2019-09-30,0.17017750480878124,0.17017750480878124,0.028960383142942765
2019-10-31,CA,5.6,5.706361037367286,2014-10-31,2019-09-30,-0.10636103736728675,0.10636103736728675,0.011312670269845369
2019-10-31,DE,2.9,2.9975848749405585,2014-10-31,2019-09-30,-0.09758487494055856,0.09758487494055856,0.009522807817164455
2019-10-31,FR,8.2,8.406589966548728,2014-10-31,2019-09-30,-0.2065899665487283,0.2065899665487283,0.04267941427860468
2019-10-31,GB,3.8,3.8629920557682986,2014-10-31,2019-09-30,-0.0629920557682988,0.0629920557682988,0.0039679990899164665
2019-10-31,IT,9.5,9.859750384081773,2014-10-31,2019-09-30,-0.3597503840817726,0.3597503840817726,0.12942033884698292
2019-10-31,JP,2.4,2.4181229464952967,2014-10-31,2019-09-30,-0.018122946495296777,0.018122946495296777,0.0003284411896713897
2019-10-31,KR,3.5,3.6527676410107937,2014-10-31,2019-09-30,-0.15276764101079365,0.15276764101079365,0.023337952140002723
2019-10-31,US,3.6,3.5683834558055807,2014-10-31,2019-09-30,0.031616544194419394,0.031616544194419394,0.0009996058667976746
2019-11-30,AU,5.172451,5.249367562317873,2014-11-30,2019-10-31,-0.07691656231787292,0.07691656231787292,0.005916157558799228
2019-11-30,CA,5.9,5.666452156494324,2014-11-30,2019-10-31,0.2335478435056766,0.2335478435056766,0.054544595206152
2019-11-30,DE,3.0,2.9232463612621005,2014-11-30,2019-10-31,0.07675363873789953,0.07675363873789953,0.0058911210595079914
2019-11-30,FR,8.2,8.390940433541093,2014-11-30,2019-10-31,-0.19094043354109402,0.19094043354109402,0.03645824916086094
2019-11-30,GB,3.7,3.8307970287210433,2014-11-30,2019-10-31,-0.13079702872104315,0.13079702872104315,0.017107862722253387
2019-11-30,IT,9.8,9.522761612100409,2014-11-30,2019-10-31,0.2772383878995921,0.2772383878995921,0.0768611237251647
2019-11-30,JP,2.3,2.45185482492046,2014-11-30,2019-10-31,-0.1518548249204601,0.1518548249204601,0.02305988785162359
2019-11-30,KR,3.7,3.6996587695728262,2014-11-30,2019-10-31,0.00034123042717393304,0.00034123042717393304,1.1643820442930482e-07
2019-11-30,US,3.6,3.6055772037281226,2014-11-30,2019-10-31,-0.005577203728122537,0.005577203728122537,3.110520142498393e-05
2019-12-31,AU,5.039639,5.12732407660293,2014-12-31,2019-11-30,-0.08768507660292979,0.08768507660292979,0.0076886726588616654
2019-12-31,CA,5.6,5.972022773388192,2014-12-31,2019-11-30,-0.372022773388192,0.372022773388192,0.13840094391944208
2019-12-31,DE,3.1,3.024572130468982,2014-12-31,2019-11-30,0.07542786953101821,0.07542786953101821,0.005689363501988305
2019-12-31,FR,8.2,8.239065736420821,2014-12-31,2019-11-30,-0.039065736420822006,0.039065736420822006,0.001526131762101139
2019-12-31,GB,3.9,3.742474390610944,2014-12-31,2019-11-30,0.1575256093890558,0.1575256093890558,0.024814317613393384
2019-12-31,IT,9.8,9.714369629257677,2014-12-31,2019-11-30,0.08563037074232405,0.08563037074232405,0.007332560393467866
2019-12-31,JP,2.2,2.4785021303193724,2014-12-31,2019-11-30,-0.2785021303193722,0.2785021303193722,0.07756343659242858
2019-12-31,KR,3.5,3.7950345261043887,2014-12-31,2019-11-30,-0.29503452610438874,0.29503452610438874,0.08704537159364124
2019-12-31,US,3.6,3.5744023137062024,2014-12-31,2019-11-30,0.02559768629379766,0.02559768629379766,0.0006552415435956766
2020-01-31,AU,5.248896,5.132831385783218,2015-01-31,2019-12-31,0.11606461421678205,0.11606461421678205,0.013470994673290446
2020-01-31,CA,5.5,5.789933640065405,2015-01-31,2019-12-31,-0.2899336400654047,0.2899336400654047,0.08406151564157563
2020-01-31,DE,3.2,3.1362833505745007,2015-01-31,2019-12-31,0.06371664942549948,0.06371664942549948,0.0040598114140120035
2020-01-31,FR,8.2,8.219432597902799,2015-01-31,2019-12-31,-0.019432597902799387,0.019432597902799387,0.0003776258612518831
2020-01-31,GB,3.9,3.9024201269760606,2015-01-31,2019-12-31,-0.0024201269760606436,0.0024201269760606436,5.857014580256435e-06
2020-01-31,IT,9.6,9.780503115772275,2015-01-31,2019-12-31,-0.18050311577227518,0.18050311577227518,0.032581374803499374
2020-01-31,JP,2.4,2.4621103494885195,2015-01-31,2019-12-31,-0.06211034948851957,0.06211034948851957,0.003857695513586043
2020-01-31,KR,3.4,3.633981444723483,2015-01-31,2019-12-31,-0.23398144472348292,0.23398144472348292,0.05474731647488829
2020-01-31,US,3.6,3.675104798013043,2015-01-31,2019-12-31,-0.07510479801304282,0.07510479801304282,0.0056407306845799605
2020-02-29,AU,5.113196,5.238636795141486,2015-02-28,2020-01-31,-0.12544079514148532,0.12544079514148532,0.015735393085728085
2020-02-29,CA,5.8,5.587833907146512,2015-02-28,2020-01-31,0.21216609285348742,0.21216609285348742,0.04501445095671464
2020-02-29,DE,3.3,3.317597820075876,2015-02-28,2020-01-31,-0.01759782007587596,0.01759782007587596,0.0003096832714229029
2020-02-29,FR,7.8,8.241731571494887,2015-02-28,2020-01-31,-0.44173157149488684,0.44173157149488684,0.19512678125534233
2020-02-29,GB,4.1,3.9206464320066696,2015-02-28,2020-01-31,0.17935356799333002,0.17935356799333002,0.032167702351938054
2020-02-29,IT,9.5,9.57546268824834,2015-02-28,2020-01-31,-0.07546268824834002,0.07546268824834002,0.005694617317666155
2020-02-29,JP,2.4,2.433736215911564,2015-02-28,2020-01-31,-0.03373621591156395,0.03373621591156395,0.0011381322640316605
2020-02-29,KR,3.4,3.4128873687249976,2015-02-28,2020-01-31,-0.012887368724997739,0.012887368724997739,0.00016608427265404983
2020-02-29,US,3.5,3.6525429314392333,2015-02-28,2020-01-31,-0.15254293143923325,0.15254293143923325,0.023269345932074616
2020-03-31,AU,5.198636,5.22799149628914,2015-03-31,2020-02-29,-0.029355496289140248,0.029355496289140248,0.0008617451623817269
2020-03-31,CA,8.5,5.784552233294431,2015-03-31,2020-02-29,2.7154477667055694,2.7154477667055694,7.373656573706264
2020-03-31,DE,3.4,4.107423306797758,2015-03-31,2020-02-29,-0.7074233067977578,0.7074233067977578,0.5004477350006745
2020-03-31,FR,7.6,8.520154438145216,2015-03-31,2020-02-29,-0.9201544381452162,0.9201544381452162,0.8466841900383386
2020-03-31,GB,4.1,4.086659197946158,2015-03-31,2020-02-29,0.013340802053841472,0.013340802053841472,0.00017797699943978082
2020-03-31,IT,7.6,9.840947656285199,2015-03-31,2020-02-29,-2.240947656285199,2.240947656285199,5.021846398210126
2020-03-31,JP,2.5,2.779127834309006,2015-03-31,2020-02-29,-0.2791278343090058,0.2791278343090058,0.0779123478860358
2020-03-31,KR,3.9,3.466377584978849,2015-03-31,2020-02-29,0.43362241502115095,0.43362241502115095,0.18802839880877528
2020-03-31,US,4.4,3.7777764033196863,2015-03-31,2020-02-29,0.622223596680314,0.622223596680314,0.38716220426578607
2020-04-30,AU,6.301623,5.258182250491507,2015-04-30,2020-03-31,1.043440749508493,1.043440749508493,1.0887685977348456
2020-04-30,CA,13.7,7.96709200113939,2015-04-30,2020-03-31,5.732907998860609,5.732907998860609,32.866234123399956
2020-04-30,DE,3.5,3.5673928402397417,2015-04-30,2020-03-31,-0.06739284023974168,0.06739284023974168,0.004541794915579346
2020-04-30,FR,7.6,7.897565097913875,2015-04-30,2020-03-31,-0.29756509791387575,0.29756509791387575,0.08854498749649446
2020-04-30,GB,4.1,4.091657816188207,2015-04-30,2020-03-31,0.008342183811792303,0.008342183811792303,6.959203074972957e-05
2020-04-30,IT,7.7,8.002527875651236,2015-04-30,2020-03-31,-0.3025278756512355,0.3025278756512355,0.09152311554604942
2020-04-30,JP,2.6,2.5412301827580364,2015-04-30,2020-03-31,0.05876981724196373,0.05876981724196373,0.003453891418653817
2020-04-30,KR,3.9,4.015358809404134,2015-04-30,2020-03-31,-0.11535880940413401,0.11535880940413401,0.013307654907139317
2020-04-30,US,14.8,4.506492656559233,2015-04-30,2020-03-31,10.293507343440767,10.293507343440767,105.956293429469
2020-05-31,AU,6.991954,7.07052769296086,2015-05-31,2020-04-30,-0.07857369296085981,0.07857369296085981,0.00617382522550747
2020-05-31,CA,14.2,11.343623797299022,2015-05-31,2020-04-30,2.856376202700977,2.856376202700977,8.158885011356451
2020-05-31,DE,3.7,4.1267071704694755,2015-05-31,2020-04-30,-0.42670717046947537,0.42670717046947537,0.1820790093300659
2020-05-31,FR,6.9,7.672294991464526,2015-05-31,2020-04-30,-0.7722949914645261,0.7722949914645261,0.5964395538411924
2020-05-31,GB,4.1,5.000928233198061,2015-05-31,2020-04-30,-0.9009282331980613,0.9009282331980613,0.8116716813733802
2020-05-31,IT,8.8,8.199452528401975,2015-05-31,2020-04-30,0.6005474715980252,0.6005474715980252,0.36065726564278094
2020-05-31,JP,2.8,2.932325799329221,2015-05-31,2020-04-30,-0.13232579932922128,0.13232579932922128,0.017510117168117338
2020-05-31,KR,4.3,4.114002428307982,2015-05-31,2020-04-30,0.1859975716920177,0.1859975716920177,0.034595096675327265
2020-05-31,US,13.2,11.798247787099204,2015-05-31,2020-04-30,1.4017522129007958,1.4017522129007958,1.9649092663722778
2020-06-30,AU,7.423463,7.104397945797721,2015-06-30,2020-05-31,0.31906505420227926,0.31906505420227926,0.1018025088131034
2020-06-30,CA,12.6,12.165956986089077,2015-06-30,2020-05-31,0.43404301391092304,0.43404301391092304,0.18839333792487772
2020-06-30,DE,3.8,3.266391729250453,2015-06-30,2020-05-31,0.5336082707495469,0.5336082707495469,0.2847377866123217
2020-06-30,FR,7.4,6.244794490613502,2015-06-30,2020-05-31,1.1552055093864988,1.1552055093864988,1.3344997689169202
2020-06-30,GB,4.4,5.256593159497612,2015-06-30,2020-05-31,-0.8565931594976117,0.8565931594976117,0.7337518408981009
2020-06-30,IT,9.5,8.561412027340847,2015-06-30,2020-05-31,0.9385879726591533,0.9385879726591533,0.8809473824204195
2020-06-30,JP,2.8,2.6415134602696853,2015-06-30,2020-05-31,0.15848653973031457,0.15848653973031457,0.02511798327568858
2020-06-30,KR,4.2,5.232084560178689,2015-06-30,2020-05-31,-1.0320845601786885,1.0320845601786885,1.065198539359237
2020-06-30,US,11.0,11.643805958199263,2015-06-30,2020-05-31,-0.6438059581992626,0.6438059581992626,0.4144861118128706
2020-07-31,AU,7.434264,6.690593589478051,2015-07-31,2020-06-30,0.7436704105219487,0.7436704105219487,0.5530456794858837
2020-07-31,CA,10.9,11.67273873187139,2015-07-31,2020-06-30,-0.7727387318713905,0.7727387318713905,0.5971251477342048
2020-07-31,DE,3.8,4.105331408071646,2015-07-31,2020-06-30,-0.3053314080716465,0.3053314080716465,0.09322726875501432
2020-07-31,FR,8.6,7.185919342198215,2015-07-31,2020-06-30,1.4140806578017848,1.4140806578017848,1.9996241067691285
2020-07-31,GB,4.6,5.4707932132825885,2015-07-31,2020-06-30,-0.8707932132825889,0.8707932132825889,0.7582808202990162
2020-07-31,IT,10.2,9.225616360587278,2015-07-31,2020-06-30,0.9743836394127214,0.9743836394127214,0.9494234767551804
2020-07-31,JP,2.9,2.437688318078902,2015-07-31,2020-06-30,0.46231168192109795,0.46231168192109795,0.21373209124071443
2020-07-31,KR,4.2,4.475654829764877,2015-07-31,2020-06-30,-0.27565482976487665,0.27565482976487665,0.07598558517270312
2020-07-31,US,10.2,11.052387504508719,2015-07-31,2020-06-30,-0.8523875045087195,0.8523875045087195,0.7265644578426023
2020-08-31,AU,6.792851,7.131798803392573,2015-08-31,2020-07-31,-0.338947803392573,0.338947803392573,0.11488561342465034
2020-08-31,CA,10.1,10.643710571525759,2015-08-31,2020-07-31,-0.5437105715257591,0.5437105715257591,0.2956211855888676
2020-08-31,DE,3.9,3.676517023108944,2015-08-31,2020-07-31,0.22348297689105578,0.22348297689105578,0.049944640960088174
2020-08-31,FR,9.1,9.0916120043616,2015-08-31,2020-07-31,0.008387995638399204,0.008387995638399204,7.035847082980407e-05
2020-08-31,GB,5.0,4.316310433801744,2015-08-31,2020-07-31,0.6836895661982556,0.6836895661982556,0.46743142292835893
2020-08-31,IT,10.1,10.572782851535047,2015-08-31,2020-07-31,-0.4727828515350474,0.4727828515350474,0.22352362470561066
2020-08-31,JP,3.0,2.0468450561170513,2015-08-31,2020-07-31,0.9531549438829487,0.9531549438829487,0.9085043470485071
2020-08-31,KR,3.9,4.119453711519468,2015-08-31,2020-07-31,-0.21945371151946835,0.21945371151946835,0.04815993149967004
2020-08-31,US,8.4,10.398788242741254,2015-08-31,2020-07-31,-1.998788242741254,1.998788242741254,3.99515443932067
2020-09-30,AU,6.923532,5.879966789367928,2015-09-30,2020-08-31,1.0435652106320719,1.0435652106320719,1.0890283488415604
2020-09-30,CA,9.1,9.085463531429108,2015-09-30,2020-08-31,0.01453646857089197,0.01453646857089197,0.00021130891851253
2020-09-30,DE,3.8,3.6828428331904792,2015-09-30,2020-08-31,0.1171571668095206,0.1171571668095206,0.013725801734833834
2020-09-30,FR,9.0,9.268684069931165,2015-09-30,2020-08-31,-0.2686840699311652,0.2686840699311652,0.07219112943477529
2020-09-30,GB,5.2,4.7112965070537784,2015-09-30,2020-08-31,0.48870349294622173,0.48870349294622173,0.2388311040178378
2020-09-30,IT,10.0,10.053662463456936,2015-09-30,2020-08-31,-0.05366246345693604,0.05366246345693604,0.0028796599842669957
2020-09-30,JP,3.0,2.6045482608780843,2015-09-30,2020-08-31,0.39545173912191567,0.39545173912191567,0.15638207797454765
2020-09-30,KR,4.2,4.116101299805335,2015-09-30,2020-08-31,0.08389870019466539,0.08389870019466539,0.007038991894354346
2020-09-30,US,7.8,8.707155678685734,2015-09-30,2020-08-31,-0.9071556786857338,0.9071556786857338,0.8229314253717742
2020-10-31,AU,6.948039,6.827183424785083,2015-10-31,2020-09-30,0.1208555752149163,0.1208555752149163,0.014606070060528291
2020-10-31,CA,9.0,8.945659499701916,2015-10-31,2020-09-30,0.05434050029808368,0.05434050029808368,0.002952889972646033
2020-10-31,DE,3.8,3.559583008172026,2015-10-31,2020-09-30,0.24041699182797371,0.24041699182797371,0.05780032995961198
2020-10-31,FR,8.3,8.931714523210282,2015-10-31,2020-09-30,-0.631714523210281,0.631714523210281,0.3990632388347926
2020-10-31,GB,5.2,5.0681416867269515,2015-10-31,2020-09-30,0.13185831327304864,0.13185831327304864,0.017386614779213435
2020-10-31,IT,10.0,9.997205386159646,2015-10-31,2020-09-30,0.0027946138403542875,0.0027946138403542875,7.809866516699739e-06
2020-10-31,JP,3.1,2.9530153693498904,2015-10-31,2020-09-30,0.1469846306501097,0.1469846306501097,0.021604481647349166
2020-10-31,KR,4.3,3.774936987075516,2015-10-31,2020-09-30,0.525063012924484,0.525063012924484,0.2756911675413368
2020-10-31,US,6.9,8.118574476335917,2015-10-31,2020-09-30,-1.2185744763359168,1.2185744763359168,1.4849237543773537
2020-11-30,AU,6.811051,6.894941286373016,2015-11-30,2020-10-31,-0.08389028637301621,0.08389028637301621,0.007037580147746669
2020-11-30,CA,8.6,8.84322311827703,2015-11-30,2020-10-31,-0.24322311827702947,0.24322311827702947,0.059157485264401864
2020-11-30,DE,3.8,4.004361016600358,2015-11-30,2020-10-31,-0.204361016600358,0.204361016600358,0.0417634251059318
2020-11-30,FR,8.1,8.626711775371126,2015-11-30,2020-10-31,-0.5267117753711261,0.5267117753711261,0.2774252943146036
2020-11-30,GB,5.3,5.4358199410417924,2015-11-30,2020-10-31,-0.13581994104179262,0.13581994104179262,0.018447056384596025
2020-11-30,IT,9.5,9.427546569423189,2015-11-30,2020-10-31,0.07245343057681097,0.07245343057681097,0.005249499602348768
2020-11-30,JP,3.0,3.054428925416661,2015-11-30,2020-10-31,-0.05442892541666078,0.05442892541666078,0.0029625079220124218
2020-11-30,KR,4.1,4.304800452981322,2015-11-30,2020-10-31,-0.20480045298132232,0.20480045298132232,0.041943225541354816
2020-11-30,US,6.7,7.342173618868402,2015-11-30,2020-10-31,-0.6421736188684015,0.6421736188684015,0.412386956770539
2020-12-31,AU,6.559897,6.545362759327635,2015-12-31,2020-11-30,0.014534240672364973,0.014534240672364973,0.00021124415192222821
2020-12-31,CA,8.9,8.972905488584022,2015-12-31,2020-11-30,-0.07290548858402168,0.07290548858402168,0.005315210265674916
2020-12-31,DE,3.8,3.3998583097443773,2015-12-31,2020-11-30,0.4001416902556225,0.4001416902556225,0.16011337228062655
2020-12-31,FR,7.9,8.390053149521963,2015-12-31,2020-11-30,-0.49005314952196244,0.49005314952196244,0.24015208935639487
2020-12-31,GB,5.2,5.159555373126264,2015-12-31,2020-11-30,0.040444626873735956,0.040444626873735956,0.0016357678429557247
2020-12-31,IT,9.8,8.961744180420524,2015-12-31,2020-11-30,0.8382558195794765,0.8382558195794765,0.7026728190588598
2020-12-31,JP,3.1,2.939473411943251,2015-12-31,2020-11-30,0.16052658805674902,0.16052658805674902,0.0257687854731412
2020-12-31,KR,4.1,3.988110427568916,2015-12-31,2020-11-30,0.11188957243108355,0.11188957243108355,0.012519276418810692
2020-12-31,US,6.7,6.942541573373611,2015-12-31,2020-11-30,-0.24254157337361093,0.24254157337361093,0.058826414814546694
2021-01-31,AU,6.276704,6.662990846167341,2016-01-31,2020-12-31,-0.38628684616734166,0.38628684616734166,0.14921752752191147
2021-01-31,CA,9.2,8.848406905481255,2016-01-31,2020-12-31,0.3515930945187442,0.3515930945187442,0.1236177041132666
2021-01-31,DE,3.9,3.7480175447343296,2016-01-31,2020-12-31,0.15198245526567034,0.15198245526567034,0.023098666708581485
2021-01-31,FR,8.0,7.609114436974555,2016-01-31,2020-12-31,0.39088556302544486,0.39088556302544486,0.15279152338171903
2021-01-31,GB,5.0,5.603012036032395,2016-01-31,2020-12-31,-0.6030120360323954,0.6030120360323954,0.36362351559993494
2021-01-31,IT,10.1,9.774469139839578,2016-01-31,2020-12-31,0.32553086016042165,0.32553086016042165,0.10597034091678399
2021-01-31,JP,3.0,3.2045634694234155,2016-01-31,2020-12-31,-0.20456346942341552,0.20456346942341552,0.04184621302254466
2021-01-31,KR,4.6,4.038253462517438,2016-01-31,2020-12-31,0.5617465374825619,0.5617465374825619,0.3155591723736473
2021-01-31,US,6.4,6.4640973654579446,2016-01-31,2020-12-31,-0.0640973654579442,0.0640973654579442,0.004108472258649258
2021-02-28,AU,5.847815,6.2121416931531455,2016-02-29,2021-01-31,-0.3643266931531457,0.3643266931531457,0.13273393934390637
2021-02-28,CA,8.5,9.231638622590603,2016-02-29,2021-01-31,-0.7316386225906033,0.7316386225906033,0.5352950740662753
2021-02-28,DE,3.9,4.0969265136158945,2016-02-29,2021-01-31,-0.19692651361589464,0.19692651361589464,0.03878005176491114
2021-02-28,FR,8.2,8.19451861165635,2016-02-29,2021-01-31,0.005481388343648419,0.005481388343648419,3.004561817388476e-05
2021-02-28,GB,4.9,4.932744138536481,2016-02-29,2021-01-31,-0.03274413853648106,0.03274413853648106,0.001072178608496264
2021-02-28,IT,10.2,10.345857825532319,2016-02-29,2021-01-31,-0.1458578255323193,0.1458578255323193,0.021274505269016496
2021-02-28,JP,2.9,3.1104386328350326,2016-02-29,2021-01-31,-0.21043863283503272,0.21043863283503272,0.04428441818947771
2021-02-28,KR,4.1,5.473946454686823,2016-02-29,2021-01-31,-1.3739464546868234,1.3739464546868234,1.8877288603464912
2021-02-28,US,6.2,6.347297657482883,2016-02-29,2021-01-31,-0.14729765748288326,0.14729765748288326,0.021696599899944796
2021-03-31,AU,5.674388,5.839657464242182,2016-03-31,2021-02-28,-0.16526946424218192,0.16526946424218192,0.027313995810897846
2021-03-31,CA,7.7,8.433552228039765,2016-03-31,2021-02-28,-0.7335522280397653,0.7335522280397653,0.5380988712621038
2021-03-31,DE,3.9,4.4738550086208,2016-03-31,2021-02-28,-0.5738550086208005,0.5738550086208005,0.32930957091917906
2021-03-31,FR,8.2,8.78228935994924,2016-03-31,2021-02-28,-0.5822893599492414,0.5822893599492414,0.33906089871009715
2021-03-31,GB,4.8,5.111859644708966,2016-03-31,2021-02-28,-0.3118596447089663,0.3118596447089663,0.09725643799800271
2021-03-31,IT,10.1,10.36777826618096,2016-03-31,2021-02-28,-0.2677782661809598,0.2677782661809598,0.07170519983888095
2021-03-31,JP,2.7,3.1007755431801396,2016-03-31,2021-02-28,-0.4007755431801394,0.4007755431801394,0.1606210360113358
2021-03-31,KR,4.0,3.9252341277104073,2016-03-31,2021-02-28,0.07476587228959275,0.07476587228959275,0.005589935659223693
2021-03-31,US,6.1,5.658077618760662,2016-03-31,2021-02-28,0.4419223812393378,0.4419223812393378,0.19529539104024662
2021-04-30,AU,5.464977,5.533264703818813,2016-04-30,2021-03-31,-0.06828770381881277,0.06828770381881277,0.004663210492845896
2021-04-30,CA,8.2,7.452144059114558,2016-04-30,2021-03-31,0.747855940885441,0.747855940885441,0.5592885083176483
2021-04-30,DE,3.8,3.928414716781072,2016-04-30,2021-03-31,-0.12841471678107208,0.12841471678107208,0.016490339485962954
2021-04-30,FR,8.2,8.328108210218005,2016-04-30,2021-03-31,-0.12810821021800578,0.12810821021800578,0.01641171352526076
2021-04-30,GB,4.8,4.6527981543017845,2016-04-30,2021-03-31,0.14720184569821537,0.14720184569821537,0.021668383376961208
2021-04-30,IT,10.3,9.805072076589388,2016-04-30,2021-03-31,0.49492792341061254,0.49492792341061254,0.24495364937154115
2021-04-30,JP,2.9,2.795753776104719,2016-04-30,2021-03-31,0.10424622389528082,0.10424622389528082,0.010867275196425018
2021-04-30,KR,3.8,3.89164016014333,2016-04-30,2021-03-31,-0.0916401601433301,0.0916401601433301,0.008397918951095186
2021-04-30,US,6.1,5.900584036868412,2016-04-30,2021-03-31,0.19941596313158794,0.19941596313158794,0.03976672635169884
2021-05-31,AU,5.113817,5.348266598222325,2016-05-31,2021-04-30,-0.2344495982223247,0.2344495982223247,0.054966614106609475
2021-05-31,CA,8.3,8.224305844664892,2016-05-31,2021-04-30,0.0756941553351087,0.0756941553351087,0.005729605151895565
2021-05-31,DE,3.7,3.7328917651118783,2016-05-31,2021-04-30,-0.03289176511187808,0.03289176511187808,0.00108186821217496
2021-05-31,FR,8.0,8.403122346328022,2016-05-31,2021-04-30,-0.403122346328022,0.403122346328022,0.16250762610900973
2021-05-31,GB,4.7,4.893970449848796,2016-05-31,2021-04-30,-0.19397044984879575,0.19397044984879575,0.037624535414544184
2021-05-31,IT,9.9,10.141745012749121,2016-05-31,2021-04-30,-0.24174501274912075,0.24174501274912075,0.05844065118907255
2021-05-31,JP,2.9,2.8967101063223413,2016-05-31,2021-04-30,0.0032898936776586396,0.0032898936776586396,1.082340041029829e-05
2021-05-31,KR,3.8,3.801084182578448,2016-05-31,2021-04-30,-0.0010841825784480008,0.0010841825784480008,1.1754518634101554e-06
2021-05-31,US,5.8,6.139019170757435,2016-05-31,2021-04-30,-0.33901917075743526,0.33901917075743526,0.11493399814105905
2021-06-30,AU,5.023409,5.45900655243254,2016-06-30,2021-05-31,-0.43559755243254017,0.43559755243254017,0.1897452276852196
2021-06-30,CA,7.9,8.06270618276654,2016-06-30,2021-05-31,-0.1627061827665397,0.1627061827665397,0.02647330191045862
2021-06-30,DE,3.6,3.5993108562218525,2016-06-30,2021-05-31,0.0006891437781475496,0.0006891437781475496,4.74919146959479e-07
2021-06-30,FR,7.9,8.353589420702717,2016-06-30,2021-05-31,-0.45358942070271624,0.45358942070271624,0.2057433625734257
2021-06-30,GB,4.6,4.997955505054016,2016-06-30,2021-05-31,-0.397955505054016,0.397955505054016,0.15836858400279696
2021-06-30,IT,9.5,9.579855099685874,2016-06-30,2021-05-31,-0.07985509968587401,0.07985509968587401,0.0063768369458408755
2021-06-30,JP,2.9,2.8245821302997487,2016-06-30,2021-05-31,0.07541786970025122,0.07541786970025122,0.005687855070124071
2021-06-30,KR,3.7,3.8725856213897574,2016-06-30,2021-05-31,-0.1725856213897572,0.1725856213897572,0.029785796710488616
2021-06-30,US,5.9,5.463856756829746,2016-06-30,2021-05-31,0.4361432431702541,0.4361432431702541,0.1902209285630674
2021-07-31,AU,4.721186,5.11542442665955,2016-07-31,2021-06-30,-0.39423842665955,0.39423842665955,0.15542393705499738
2021-07-31,CA,7.4,7.9362599836456775,2016-07-31,2021-06-30,-0.5362599836456772,0.5362599836456772,0.287574770059662
2021-07-31,DE,3.5,3.637307137808149,2016-07-31,2021-06-30,-0.13730713780814918,0.13730713780814918,0.01885325009306607
2021-07-31,FR,8.0,8.142695320352386,2016-07-31,2021-06-30,-0.1426953203523862,0.1426953203523862,0.02036195445047012
2021-07-31,GB,4.5,4.781549846869089,2016-07-31,2021-06-30,-0.2815498468690887,0.2815498468690887,0.07927031627200729
2021-07-31,IT,9.1,9.334072875790234,2016-07-31,2021-06-30,-0.2340728757902344,0.2340728757902344,0.0547901111807105
2021-07-31,JP,2.8,3.015676540847116,2016-07-31,2021-06-30,-0.21567654084711618,0.21567654084711618,0.046516370271777775
2021-07-31,KR,3.3,3.7527093579399433,2016-07-31,2021-06-30,-0.4527093579399435,0.4527093579399435,0.20494576276639587
2021-07-31,US,5.4,5.657806328433245,2016-07-31,2021-06-30,-0.2578063284332446,0.2578063284332446,0.06646410298022998
2021-08-31,AU,4.572714,4.832020052505892,2016-08-31,2021-07-31,-0.25930605250589167,0.25930605250589167,0.06723962886618824
2021-08-31,CA,7.1,7.052980493408824,2016-08-31,2021-07-31,0.04701950659117582,0.04701950659117582,0.0022108340000776263
2021-08-31,DE,3.4,3.603698908582333,2016-08-31,2021-07-31,-0.20369890858233308,0.20369890858233308,0.04149324535763369
2021-08-31,FR,7.9,8.264225488952889,2016-08-31,2021-07-31,-0.3642254889528882,0.3642254889528882,0.13266020680297047
2021-08-31,GB,4.4,4.624578679995638,2016-08-31,2021-07-31,-0.22457867999563774,0.22457867999563774,0.05043558350858306
2021-08-31,IT,9.1,9.055258949908204,2016-08-31,2021-07-31,0.04474105009179574,0.04474105009179574,0.0020017615633165756
2021-08-31,JP,2.8,3.006336150006162,2016-08-31,2021-07-31,-0.206336150006162,0.206336150006162,0.042574606799365394
2021-08-31,KR,3.4,3.263022399600402,2016-08-31,2021-07-31,0.13697760039959794,0.13697760039959794,0.018762863011231933
2021-08-31,US,5.1,5.412496186599556,2016-08-31,2021-07-31,-0.3124961865995566,0.3124961865995566,0.09765386663926488
2021-09-30,AU,4.700182,5.182495649547876,2016-09-30,2021-08-31,-0.48231364954787637,0.48231364954787637,0.2326264565401917
2021-09-30,CA,7.0,7.055050101317348,2016-09-30,2021-08-31,-0.05505010131734789,0.05505010131734789,0.003030513655050268
2021-09-30,DE,3.4,3.4629590758988327,2016-09-30,2021-08-31,-0.06295907589883276,0.06295907589883276,0.003963845238034985
2021-09-30,FR,7.7,7.914698605400751,2016-09-30,2021-08-31,-0.21469860540075114,0.21469860540075114,0.046095491161027444
2021-09-30,GB,4.3,4.722718598809095,2016-09-30,2021-08-31,-0.42271859880909535,0.42271859880909535,0.1786910137791249
2021-09-30,IT,9.1,9.071013755341484,2016-09-30,2021-08-31,0.028986244658515403,0.028986244658515403,0.0008402023794033128
2021-09-30,JP,2.7,2.616233931348217,2016-09-30,2021-08-31,0.08376606865178315,0.08376606865178315,0.007016754257375249
2021-09-30,KR,3.1,3.4728867469463327,2016-09-30,2021-08-31,-0.3728867469463326,0.3728867469463326,0.1390445260482183
2021-09-30,US,4.7,4.7446852139674345,2016-09-30,2021-08-31,-0.0446852139674343,0.0446852139674343,0.0019967683473153855
2021-10-31,AU,5.235433,4.655062459433218,2016-10-31,2021-09-30,0.5803705405667818,0.5803705405667818,0.33682996435777857
2021-10-31,CA,6.5,6.881321384936388,2016-10-31,2021-09-30,-0.38132138493638834,0.38132138493638834,0.14540599860980524
2021-10-31,DE,3.4,3.346961729231874,2016-10-31,2021-09-30,0.05303827076812606,0.05303827076812606,0.0028130581660730553
2021-10-31,FR,7.5,8.262473225429462,2016-10-31,2021-09-30,-0.7624732254294617,0.7624732254294617,0.5813654194968068
2021-10-31,GB,4.2,4.314801638702158,2016-10-31,2021-09-30,-0.11480163870215776,0.11480163870215776,0.013179416248700766
2021-10-31,IT,9.1,9.075785967852223,2016-10-31,2021-09-30,0.02421403214777662,0.02421403214777662,0.0005863193528535597
2021-10-31,JP,2.7,2.4771298931667762,2016-10-31,2021-09-30,0.22287010683322395,0.22287010683322395,0.04967108451985266
2021-10-31,KR,3.3,2.934425884359388,2016-10-31,2021-09-30,0.3655741156406118,0.3655741156406118,0.13364443402641543
2021-10-31,US,4.5,4.666132957568493,2016-10-31,2021-09-30,-0.1661329575684931,0.1661329575684931,0.027600159590454733
2021-11-30,AU,4.633631,5.223246958595768,2016-11-30,2021-10-31,-0.5896159585957674,0.5896159585957674,0.34764697863080574
2021-11-30,CA,6.1,6.1803626214059495,2016-11-30,2021-10-31,-0.08036262140594985,0.08036262140594985,0.0064581509192360295
2021-11-30,DE,3.4,3.6676713896265998,2016-11-30,2021-10-31,-0.26767138962659986,0.26767138962659986,0.07164797282463503
2021-11-30,FR,7.4,7.468746581562377,2016-11-30,2021-10-31,-0.0687465815623769,0.0687465815623769,0.004726092476512539
2021-11-30,GB,4.2,4.181794736065533,2016-11-30,2021-10-31,0.018205263934467197,0.018205263934467197,0.00033143163492361204
2021-11-30,IT,9.1,9.223025459007568,2016-11-30,2021-10-31,-0.12302545900756812,0.12302545900756812,0.015135263564022823
2021-11-30,JP,2.8,2.947753518077628,2016-11-30,2021-10-31,-0.14775351807762815,0.14775351807762815,0.02183110210431599
2021-11-30,KR,3.1,3.3653712459482614,2016-11-30,2021-10-31,-0.26537124594826134,0.26537124594826134,0.0704218981761326
2021-11-30,US,4.1,4.3246579792608095,2016-11-30,2021-10-31,-0.22465797926080988,0.22465797926080988,0.050471207645550485
2021-12-31,AU,4.210193,4.758373427236841,2016-12-31,2021-11-30,-0.5481804272368409,0.5481804272368409,0.30050178080556544
2021-12-31,CA,5.9,5.6198597821514475,2016-12-31,2021-11-30,0.2801402178485528,0.2801402178485528,0.07847854165623462
2021-12-31,DE,3.3,3.396783876120679,2016-12-31,2021-11-30,-0.09678387612067896,0.09678387612067896,0.009367118676942931
2021-12-31,FR,7.4,7.6520700265322334,2016-12-31,2021-11-30,-0.2520700265322331,0.2520700265322331,0.06353929827596069
2021-12-31,GB,4.1,4.1501354124341985,2016-12-31,2021-11-30,-0.050135412434198834,0.050135412434198834,0.002513559579947219
2021-12-31,IT,8.9,8.91326774235454,2016-12-31,2021-11-30,-0.013267742354539536,0.013267742354539536,0.0001760329871864423
2021-12-31,JP,2.7,3.443376062443973,2016-12-31,2021-11-30,-0.7433760624439727,0.7433760624439727,0.5526079702147052
2021-12-31,KR,3.2,3.082383296347671,2016-12-31,2021-11-30,0.11761670365232924,0.11761670365232924,0.013833688978039837
2021-12-31,US,3.9,3.9455213615982507,2016-12-31,2021-11-30,-0.04552136159825082,0.04552136159825082,0.0020721943617587044
2022-01-31,AU,4.166702,4.643583042697254,2017-01-31,2021-12-31,-0.4768810426972543,0.4768810426972543,0.22741552888402047
2022-01-31,CA,6.4,5.745651195209982,2017-01-31,2021-12-31,0.6543488047900183,0.6543488047900183,0.4281723583301255
2022-01-31,DE,3.3,2.934471408903145,2017-01-31,2021-12-31,0.36552859109685487,0.36552859109685487,0.13361115090925174
2022-01-31,FR,7.3,7.426799104212232,2017-01-31,2021-12-31,-0.12679910421223184,0.12679910421223184,0.01607801282902443
2022-01-31,GB,3.9,4.257908858196935,2017-01-31,2021-12-31,-0.3579088581969354,0.3579088581969354,0.12809875077583402
2022-01-31,IT,8.5,9.139868043871218,2017-01-31,2021-12-31,-0.6398680438712177,0.6398680438712177,0.4094311135675785
2022-01-31,JP,2.8,2.9244123783534217,2017-01-31,2021-12-31,-0.12441237835342189,0.12441237835342189,0.015478439887555
2022-01-31,KR,3.2,3.5877473489508285,2017-01-31,2021-12-31,-0.3877473489508283,0.3877473489508283,0.1503480066183954
2022-01-31,US,4.0,3.8237389217917728,2017-01-31,2021-12-31,0.17626107820822723,0.17626107820822723,0.031067967691126797
2022-02-28,AU,4.032009,4.379595571786708,2017-02-28,2022-01-31,-0.3475865717867075,0.3475865717867075,0.12081642488643596
2022-02-28,CA,5.5,5.996648187761999,2017-02-28,2022-01-31,-0.49664818776199926,0.49664818776199926,0.24665942240727806
2022-02-28,DE,3.2,3.2424839609621885,2017-02-28,2022-01-31,-0.042483960962188316,0.042483960962188316,0.0018048869390367408
2022-02-28,FR,7.3,7.543968442351358,2017-02-28,2022-01-31,-0.24396844235135795,0.24396844235135795,0.059520600863347865
2022-02-28,GB,3.8,3.893421050363725,2017-02-28,2022-01-31,-0.09342105036372539,0.09342105036372539,0.008727492651061715
2022-02-28,IT,8.3,9.002176208118987,2017-02-28,2022-01-31,-0.7021762081189866,0.7021762081189866,0.49305142724835843
2022-02-28,JP,2.7,2.971110831087654,2017-02-28,2022-01-31,-0.271110831087654,0.271110831087654,0.07350108273303846
2022-02-28,KR,2.9,3.4075814349085105,2017-02-28,2022-01-31,-0.5075814349085106,0.5075814349085106,0.25763891306378256
2022-02-28,US,3.9,3.8645676876029262,2017-02-28,2022-01-31,0.03543231239707367,0.03543231239707367,0.0012554487618038207
2022-03-31,AU,3.984333,4.229132465791995,2017-03-31,2022-02-28,-0.24479946579199519,0.24479946579199519,0.05992677845204622
2022-03-31,CA,5.4,5.852739871916296,2017-03-31,2022-02-28,-0.45273987191629583,0.45273987191629583,0.20497339162278397
2022-03-31,DE,3.2,2.994103564044349,2017-03-31,2022-02-28,0.2058964359556512,0.2058964359556512,0.04239334233923958
2022-03-31,FR,7.4,7.106209995453322,2017-03-31,2022-02-28,0.29379000454667814,0.29379000454667814,0.08631256677153716
2022-03-31,GB,3.8,3.7576409591840627,2017-03-31,2022-02-28,0.04235904081593711,0.04235904081593711,0.001794288338846226
2022-03-31,IT,8.3,8.68261673814742,2017-03-31,2022-02-28,-0.38261673814741926,0.38261673814741926,0.1463955683105708
2022-03-31,JP,2.6,2.846316773803688,2017-03-31,2022-02-28,-0.246316773803688,0.246316773803688,0.06067195305705719
2022-03-31,KR,2.8,3.038894725838069,2017-03-31,2022-02-28,-0.23889472583806937,0.23889472583806937,0.05707069003324633
2022-03-31,US,3.7,3.8854207260037996,2017-03-31,2022-02-28,-0.18542072600379944,0.18542072600379944,0.03438084563177607
2022-04-30,AU,3.85153,3.910293461280143,2017-04-30,2022-03-31,-0.058763461280143314,0.058763461280143314,0.0034531443816229026
2022-04-30,CA,5.4,5.8458448772543266,2017-04-30,2022-03-31,-0.4458448772543262,0.4458448772543262,0.19877765457392518
2022-04-30,DE,3.1,3.285728290195775,2017-04-30,2022-03-31,-0.18572829019577508,0.18572829019577508,0.03449499777904604
2022-04-30,FR,7.5,7.564829932971483,2017-04-30,2022-03-31,-0.06482993297148276,0.06482993297148276,0.004202920209086948
2022-04-30,GB,3.7,3.8169827885111793,2017-04-30,2022-03-31,-0.11698278851117916,0.11698278851117916,0.01368497280785127
2022-04-30,IT,8.2,8.376497132034986,2017-04-30,2022-03-31,-0.17649713203498685,0.17649713203498685,0.03115123761657558
2022-04-30,JP,2.6,2.5013441816888,2017-04-30,2022-03-31,0.09865581831120007,0.09865581831120007,0.00973297048665252
2022-04-30,KR,2.8,3.014112187862407,2017-04-30,2022-03-31,-0.21411218786240704,0.21411218786240704,0.045844028991226686
2022-04-30,US,3.7,3.9807411689078314,2017-04-30,2022-03-31,-0.2807411689078312,0.2807411689078312,0.0788156039197354
2022-05-31,AU,3.942165,3.8812074148326943,2017-05-31,2022-04-30,0.06095758516730587,0.06095758516730587,0.003715827189429349
2022-05-31,CA,5.2,5.370883281782218,2017-05-31,2022-04-30,-0.1708832817822179,0.1708832817822179,0.029201095992660884
2022-05-31,DE,3.1,2.9474483305195815,2017-05-31,2022-04-30,0.15255166948041854,0.15255166948041854,0.023272011861262862
2022-05-31,FR,7.5,7.579195540839527,2017-05-31,2022-04-30,-0.07919554083952729,0.07919554083952729,0.006271933688865235
2022-05-31,GB,3.8,3.744323666239753,2017-05-31,2022-04-30,0.05567633376024661,0.05567633376024661,0.0030998541409823764
2022-05-31,IT,8.1,8.414425988157792,2017-05-31,2022-04-30,-0.314425988157792,0.314425988157792,0.09886370202900395
2022-05-31,JP,2.6,2.5782188268206387,2017-05-31,2022-04-30,0.021781173179361346,0.021781173179361346,0.00047441950506933007
2022-05-31,KR,2.9,3.1150403222245915,2017-05-31,2022-04-30,-0.21504032222459157,0.21504032222459157,0.046242340182456175
2022-05-31,US,3.6,3.694557907196267,2017-05-31,2022-04-30,-0.094557907196267,0.094557907196267,0.008941197813337843
2022-06-30,AU,3.604603,3.9797450666177996,2017-06-30,2022-05-31,-0.3751420666177996,0.3751420666177996,0.14073157014627358
2022-06-30,CA,4.9,5.615839731440607,2017-06-30,2022-05-31,-0.7158397314406066,0.7158397314406066,0.5124265211089598
2022-06-30,DE,3.1,3.0276034383006207,2017-06-30,2022-05-31,0.07239656169937936,0.07239656169937936,0.005241262145892042
2022-06-30,FR,7.5,7.6285635939856755,2017-06-30,2022-05-31,-0.12856359398567552,0.12856359398567552,0.01652859769851362
2022-06-30,GB,3.6,3.643485375446465,2017-06-30,2022-05-31,-0.043485375446465024,0.043485375446465024,0.0018909778777200232
2022-06-30,IT,8.2,8.559268687637012,2017-06-30,2022-05-31,-0.35926868763701236,0.35926868763701236,0.12907398991642116
2022-06-30,JP,2.6,2.65039619441751,2017-06-30,2022-05-31,-0.050396194417509754,0.050396194417509754,0.0025397764117674414
2022-06-30,KR,2.9,3.0838154372425026,2017-06-30,2022-05-31,-0.1838154372425027,0.1838154372425027,0.03378811496865245
2022-06-30,US,3.6,3.652233488620549,2017-06-30,2022-05-31,-0.05223348862054911,0.05223348862054911,0.002728337333473033
2022-07-31,AU,3.446002,3.722228177744599,2017-07-31,2022-06-30,-0.2762261777445989,0.2762261777445989,0.07630090127139075
2022-07-31,CA,4.8,5.40629533703493,2017-07-31,2022-06-30,-0.60629533703493,0.60629533703493,0.36759403571029936
2022-07-31,DE,3.1,3.0820051519862264,2017-07-31,2022-06-30,0.017994848013773712,0.017994848013773712,0.0003238145550388157
2022-07-31,FR,7.3,7.601974022200928,2017-07-31,2022-06-30,-0.3019740222009286,0.3019740222009286,0.09118831008420693
2022-07-31,GB,3.6,3.4769292287508393,2017-07-31,2022-06-30,0.12307077124916077,0.12307077124916077,0.015146414735863258
2022-07-31,IT,8.0,8.630850053655415,2017-07-31,2022-06-30,-0.6308500536554149,0.6308500536554149,0.3979717901970399
2022-07-31,JP,2.5,2.636808108651004,2017-07-31,2022-06-30,-0.136808108651004,0.136808108651004,0.01871645859266492
2022-07-31,KR,3.0,2.7581387889812734,2017-07-31,2022-06-30,0.2418612110187266,0.2418612110187266,0.058496845395444995
2022-07-31,US,3.5,3.7025917945174553,2017-07-31,2022-06-30,-0.20259179451745535,0.20259179451745535,0.04104343520580285
2022-08-31,AU,3.526324,3.540469262248025,2017-08-31,2022-07-31,-0.014145262248025148,0.014145262248025148,0.00020008844406540545
2022-08-31,CA,5.2,5.191390705749442,2017-08-31,2022-07-31,0.008609294250558008,0.008609294250558008,7.411994749269118e-05
2022-08-31,DE,3.1,3.089976835306107,2017-08-31,2022-07-31,0.010023164693893083,0.010023164693893083,0.00010046383048090482
2022-08-31,FR,7.2,7.197577749281625,2017-08-31,2022-07-31,0.0024222507183750963,0.0024222507183750963,5.86729854266867e-06
2022-08-31,GB,3.7,3.5171056959398324,2017-08-31,2022-07-31,0.18289430406016782,0.18289430406016782,0.03345032645765312
2022-08-31,IT,8.1,8.303834279209648,2017-08-31,2022-07-31,-0.20383427920964792,0.20383427920964792,0.04154841338091671
2022-08-31,JP,2.5,2.3597845905551598,2017-08-31,2022-07-31,0.14021540944484023,0.14021540944484023,0.01966036104578419
2022-08-31,KR,2.8,2.8945337449905937,2017-08-31,2022-07-31,-0.09453374499059386,0.09453374499059386,0.00893662894194663
2022-08-31,US,3.6,3.689471914169504,2017-08-31,2022-07-31,-0.08947191416950373,0.08947191416950373,0.008005223425155042
2022-09-30,AU,3.59594,3.7129966270208907,2017-09-30,2022-08-31,-0.11705662702089059,0.11705662702089059,0.013702253929507894
2022-09-30,CA,5.1,5.252345786998679,2017-09-30,2022-08-31,-0.15234578699867907,0.15234578699867907,0.023209238816246893
2022-09-30,DE,3.1,3.3495158239407776,2017-09-30,2022-08-31,-0.24951582394077754,0.24951582394077754,0.06225814639684509
2022-09-30,FR,7.1,7.409883899274535,2017-09-30,2022-08-31,-0.30988389927453497,0.30988389927453497,0.09602803102959014
2022-09-30,GB,3.8,3.5040047032476167,2017-09-30,2022-08-31,0.2959952967523831,0.2959952967523831,0.08761321569953134
2022-09-30,IT,8.0,8.46969356112137,2017-09-30,2022-08-31,-0.4696935611213693,0.4696935611213693,0.22061204135887347
2022-09-30,JP,2.6,2.476851164968037,2017-09-30,2022-08-31,0.12314883503196317,0.12314883503196317,0.015165635569729679
2022-09-30,KR,2.9,3.082168233926515,2017-09-30,2022-08-31,-0.18216823392651493,0.18216823392651493,0.03318526545190546
2022-09-30,US,3.5,3.5487555162189843,2017-09-30,2022-08-31,-0.04875551621898433,0.04875551621898433,0.002377100361779644
2022-10-31,AU,3.435673,3.6659193405899373,2017-10-31,2022-09-30,-0.23024634058993732,0.23024634058993732,0.053013377355057414
2022-10-31,CA,5.1,4.981296592125925,2017-10-31,2022-09-30,0.11870340787407496,0.11870340787407496,0.014090499040919002
2022-10-31,DE,3.1,2.8321171691108322,2017-10-31,2022-09-30,0.26788283088916787,0.26788283088916787,0.07176121108519451
2022-10-31,FR,7.2,7.222983801492638,2017-10-31,2022-09-30,-0.022983801492637568,0.022983801492637568,0.0005282551310529689
2022-10-31,GB,3.9,3.7927922712354882,2017-10-31,2022-09-30,0.10720772876451168,0.10720772876451168,0.011493497106845104
2022-10-31,IT,7.8,7.795798977332756,2017-10-31,2022-09-30,0.004201022667244203,0.004201022667244203,1.76485914506996e-05
2022-10-31,JP,2.6,2.6312932869733188,2017-10-31,2022-09-30,-0.03129328697331868,0.03129328697331868,0.0009792698095944766
2022-10-31,KR,2.9,2.865065040618968,2017-10-31,2022-09-30,0.03493495938103175,0.03493495938103175,0.0012204513869543381
2022-10-31,US,3.6,3.639826986475191,2017-10-31,2022-09-30,-0.039826986475191006,0.039826986475191006,0.0015861888516950473
2022-11-30,AU,3.516584,3.749159357049898,2017-11-30,2022-10-31,-0.23257535704989785,0.23257535704989785,0.05409129670688747
2022-11-30,CA,5.0,5.191701354019413,2017-11-30,2022-10-31,-0.19170135401941302,0.19170135401941302,0.03674940913287632
2022-11-30,DE,3.1,3.326078439711579,2017-11-30,2022-10-31,-0.22607843971157893,0.22607843971157893,0.05111146090242203
2022-11-30,FR,7.1,7.466992406463427,2017-11-30,2022-10-31,-0.3669924064634271,0.3669924064634271,0.1346834264018173
2022-11-30,GB,3.9,3.823822797121494,2017-11-30,2022-10-31,0.07617720287850593,0.07617720287850593,0.005802966238393052
2022-11-30,IT,7.8,8.224749346777747,2017-11-30,2022-10-31,-0.4247493467777472,0.4247493467777472,0.18041200758812298
2022-11-30,JP,2.5,2.5979373072671423,2017-11-30,2022-10-31,-0.09793730726714234,0.09793730726714234,0.00959171615473865
2022-11-30,KR,2.8,2.9852661352307535,2017-11-30,2022-10-31,-0.18526613523075364,0.18526613523075364,0.03432354086333989
2022-11-30,US,3.6,3.922925236685843,2017-11-30,2022-10-31,-0.32292523668584305,0.32292523668584305,0.10428070848860775
2022-12-31,AU,3.526499,3.8615804298603478,2017-12-31,2022-11-30,-0.33508142986034795,0.33508142986034795,0.11227956463725527
2022-12-31,CA,5.0,5.607965867976648,2017-12-31,2022-11-30,-0.607965867976648,0.607965867976648,0.36962249662459895
2022-12-31,DE,3.1,3.187934430440674,2017-12-31,2022-11-30,-0.08793443044067395,0.08793443044067395,0.007732464056925725
2022-12-31,FR,7.2,7.294185884265058,2017-12-31,2022-11-30,-0.09418588426505803,0.09418588426505803,0.008870980794790905
2022-12-31,GB,3.9,3.8251463967160575,2017-12-31,2022-11-30,0.07485360328394242,0.07485360328394242,0.005603061924589835
2022-12-31,IT,7.9,8.616272382925581,2017-12-31,2022-11-30,-0.716272382925581,0.716272382925581,0.5130461265418902
2022-12-31,JP,2.5,2.5393179921978395,2017-12-31,2022-11-30,-0.03931799219783949,0.03931799219783949,0.0015459045104693672
2022-12-31,KR,2.7,2.709528760825054,2017-12-31,2022-11-30,-0.009528760825053606,0.009528760825053606,9.079728286107628e-05
2022-12-31,US,3.5,3.8557301580507484,2017-12-31,2022-11-30,-0.35573015805074837,0.35573015805074837,0.1265439453468104
2023-01-31,AU,3.661857,3.7352751509630586,2018-01-31,2022-12-31,-0.0734181509630587,0.0734181509630587,0.005390224890834477
2023-01-31,CA,5.1,5.193638599294174,2018-01-31,2022-12-31,-0.09363859929417462,0.09363859929417462,0.008768187277775
2023-01-31,DE,3.1,3.099259454183091,2018-01-31,2022-12-31,0.0007405458169089663,0.0007405458169089663,5.484081069413682e-07
2023-01-31,FR,7.1,7.317203210491813,2018-01-31,2022-12-31,-0.2172032104918138,0.2172032104918138,0.04717723464795117
2023-01-31,GB,4.0,3.8815750144133836,2018-01-31,2022-12-31,0.1184249855866164,0.1184249855866164,0.014024477211190304
2023-01-31,IT,7.9,7.976154479979443,2018-01-31,2022-12-31,-0.07615447997944269,0.07615447997944269,0.005799504820939338
2023-01-31,JP,2.5,2.5283573644116912,2018-01-31,2022-12-31,-0.028357364411691233,0.028357364411691233,0.0008041401163774524
2023-01-31,KR,2.7,2.6817868756947805,2018-01-31,2022-12-31,0.018213124305219708,0.018213124305219708,0.00033171789695738487
2023-01-31,US,3.5,3.5270730245749777,2018-01-31,2022-12-31,-0.027073024574977733,0.027073024574977733,0.0007329486596373483
2023-02-28,AU,3.61105,3.5608970249783516,2018-02-28,2023-01-31,0.050152975021648505,0.050152975021648505,0.002515320903522099
2023-02-28,CA,5.2,5.199397480691684,2018-02-28,2023-01-31,0.0006025193083161184,0.0006025193083161184,3.6302951689373377e-07
2023-02-28,DE,3.0,3.052973350939299,2018-02-28,2023-01-31,-0.05297335093929911,0.05297335093929911,0.002806175909738142
2023-02-28,FR,7.1,7.216502946089775,2018-02-28,2023-01-31,-0.11650294608977507,0.11650294608977507,0.013572936447597037
2023-02-28,GB,4.0,3.866679183673285,2018-02-28,2023-01-31,0.133320816326715,0.133320816326715,0.017774440066021677
2023-02-28,IT,7.8,7.616432129660139,2018-02-28,2023-01-31,0.18356787033986066,0.18356787033986066,0.03369716302111189
2023-02-28,JP,2.6,2.3624928449757543,2018-02-28,2023-01-31,0.2375071550242458,0.2375071550242458,0.056409648687711124
2023-02-28,KR,2.7,2.7076432533558177,2018-02-28,2023-01-31,-0.007643253355817503,0.007643253355817503,5.841932186121552e-05
2023-02-28,US,3.6,3.4135219553668827,2018-02-28,2023-01-31,0.18647804463311735,0.18647804463311735,0.0347740611301909
2023-03-31,AU,3.59653,3.836263490955505,2018-03-31,2023-02-28,-0.2397334909555049,0.2397334909555049,0.05747214668571315
2023-03-31,CA,5.1,5.12413907072917,2018-03-31,2023-02-28,-0.024139070729169987,0.024139070729169987,0.0005826947356678713
2023-03-31,DE,3.0,3.0310585456141554,2018-03-31,2023-02-28,-0.03105854561415544,0.03105854561415544,0.0009646332556665742
2023-03-31,FR,7.1,7.066746792378683,2018-03-31,2023-02-28,0.03325320762131678,0.03325320762131678,0.0011057758171064006
2023-03-31,GB,3.9,3.9736761913107785,2018-03-31,2023-02-28,-0.07367619131077863,0.07367619131077863,0.005428181166062452
2023-03-31,IT,7.9,7.773296782097916,2018-03-31,2023-02-28,0.12670321790208394,0.12670321790208394,0.016053705426742965
2023-03-31,JP,2.7,2.910677591150881,2018-03-31,2023-02-28,-0.2106775911508807,0.2106775911508807,0.044385047413137646
2023-03-31,KR,2.7,2.820759679570572,2018-03-31,2023-02-28,-0.12075967957057188,0.12075967957057188,0.014582900209987195
2023-03-31,US,3.5,3.6013195482376283,2018-03-31,2023-02-28,-0.10131954823762834,0.10131954823762834,0.010265650855077097
2023-04-30,AU,3.703707,3.7650227465717325,2018-04-30,2023-03-31,-0.061315746571732443,0.061315746571732443,0.0037596207776489188
2023-04-30,CA,5.1,5.54210819403038,2018-04-30,2023-03-31,-0.4421081940303804,0.4421081940303804,0.19545965522880446
2023-04-30,DE,3.0,3.0203950976406726,2018-04-30,2023-03-31,-0.0203950976406726,0.0203950976406726,0.00041596000777256904
2023-04-30,FR,7.3,7.179339721414322,2018-04-30,2023-03-31,0.12066027858567807,0.12066027858567807,0.014558902828373441
2023-04-30,GB,4.0,4.0078634062073135,2018-04-30,2023-03-31,-0.007863406207313517,0.007863406207313517,6.183315718121675e-05
2023-04-30,IT,7.9,7.949674736287816,2018-04-30,2023-03-31,-0.049674736287816046,0.049674736287816046,0.0024675794252640684
2023-04-30,JP,2.6,2.5640427080830355,2018-04-30,2023-03-31,0.03595729191696462,0.03595729191696462,0.001292926842001809
2023-04-30,KR,2.6,2.744619652416102,2018-04-30,2023-03-31,-0.14461965241610208,0.14461965241610208,0.02091484386495418
2023-04-30,US,3.4,3.851415041322838,2018-04-30,2023-03-31,-0.45141504132283794,0.45141504132283794,0.2037755395324995
2023-05-31,AU,3.590103,3.655426785529758,2018-05-31,2023-04-30,-0.06532378552975793,0.06532378552975793,0.0042671969559378116
2023-05-31,CA,5.2,5.165349536245233,2018-05-31,2023-04-30,0.0346504637547671,0.0346504637547671,0.0012006546384204287
2023-05-31,DE,3.0,2.965246004478957,2018-05-31,2023-04-30,0.03475399552104319,0.03475399552104319,0.00120784020467669
2023-05-31,FR,7.3,7.32338630296156,2018-05-31,2023-04-30,-0.02338630296156019,0.02338630296156019,0.000546919166209879
2023-05-31,GB,4.2,3.953163791083756,2018-05-31,2023-04-30,0.24683620891624436,0.24683620891624436,0.060928114032143835
2023-05-31,IT,7.8,7.899202812186865,2018-05-31,2023-04-30,-0.09920281218686533,0.09920281218686533,0.009841197945782476
2023-05-31,JP,2.5,2.550058231752551,2018-05-31,2023-04-30,-0.050058231752550864,0.050058231752550864,0.0025058265661920915
2023-05-31,KR,2.5,2.716005822680162,2018-05-31,2023-04-30,-0.21600582268016222,0.21600582268016222,0.04665851543173368
2023-05-31,US,3.6,3.2658797327063795,2018-05-31,2023-04-30,0.33412026729362054,0.33412026729362054,0.11163635301636043
2023-06-30,AU,3.518124,3.5430557361514268,2018-06-30,2023-05-31,-0.024931736151426964,0.024931736151426964,0.0006215914675243702
2023-06-30,CA,5.4,5.204075973213716,2018-06-30,2023-05-31,0.19592402678628407,0.19592402678628407,0.038386224272152554
2023-06-30,DE,3.0,3.0820218521993885,2018-06-30,2023-05-31,-0.08202185219938851,0.08202185219938851,0.006727584238218334
2023-06-30,FR,7.3,7.299736676084611,2018-06-30,2023-05-31,0.00026332391538907984,0.00026332391538907984,6.933948441583528e-08
2023-06-30,GB,4.4,3.976649761405988,2018-06-30,2023-05-31,0.4233502385940122,0.4233502385940122,0.17922542451760706
2023-06-30,IT,7.5,7.8651583089778185,2018-06-30,2023-05-31,-0.36515830897781854,0.36515830897781854,0.13334059061554
2023-06-30,JP,2.5,2.4033299569092206,2018-06-30,2023-05-31,0.09667004309077942,0.09667004309077942,0.00934509723117315
2023-06-30,KR,2.6,3.2569734219282607,2018-06-30,2023-05-31,-0.6569734219282606,0.6569734219282606,0.4316140771201283
2023-06-30,US,3.6,3.5475922156005857,2018-06-30,2023-05-31,0.0524077843994144,0.0524077843994144,0.0027465758656555037
2023-07-31,AU,3.711599,3.5626195545234527,2018-07-31,2023-06-30,0.1489794454765474,0.1489794454765474,0.02219487517449956
2023-07-31,CA,5.4,5.392254722140936,2018-07-31,2023-06-30,0.007745277859064537,0.007745277859064537,5.998932911411533e-05
2023-07-31,DE,3.0,2.7650921926910224,2018-07-31,2023-06-30,0.23490780730897765,0.23490780730897765,0.05518167793471177
2023-07-31,FR,7.4,7.244238137405816,2018-07-31,2023-06-30,0.15576186259418456,0.15576186259418456,0.02426175783880963
2023-07-31,GB,4.3,4.580138095648334,2018-07-31,2023-06-30,-0.2801380956483346,0.2801380956483346,0.07847735263347545
2023-07-31,IT,7.8,7.645989289515149,2018-07-31,2023-06-30,0.15401071048485093,0.15401071048485093,0.02371929894404857
2023-07-31,JP,2.6,2.484850737514404,2018-07-31,2023-06-30,0.1151492624855961,0.1151492624855961,0.013259352650976709
2023-07-31,KR,2.9,2.8412498170694684,2018-07-31,2023-06-30,0.05875018293053147,0.05875018293053147,0.0034515839943709114
2023-07-31,US,3.5,3.5936627647254222,2018-07-31,2023-06-30,-0.09366276472542223,0.09366276472542223,0.008772713496009799
2023-08-31,AU,3.678611,3.7419632043027398,2018-08-31,2023-07-31,-0.06335220430273969,0.06335220430273969,0.004013501790016069
2023-08-31,CA,5.4,5.439439077900464,2018-08-31,2023-07-31,-0.03943907790046364,0.03943907790046364,0.0015554408656388392
2023-08-31,DE,3.1,2.9351388595405163,2018-08-31,2023-07-31,0.16486114045948375,0.16486114045948375,0.02717919563360163
2023-08-31,FR,7.4,7.228914116751732,2018-08-31,2023-07-31,0.171085883248268,0.171085883248268,0.02927037944683999
2023-08-31,GB,4.1,4.142393544421094,2018-08-31,2023-07-31,-0.04239354442109455,0.04239354442109455,0.001797212608583317
2023-08-31,IT,7.6,7.68633972826462,2018-08-31,2023-07-31,-0.08633972826462077,0.08633972826462077,0.0074545486768085555
2023-08-31,JP,2.6,2.6654071245487163,2018-08-31,2023-07-31,-0.06540712454871622,0.06540712454871622,0.004278091941731277
2023-08-31,KR,2.7,2.6515132578951026,2018-08-31,2023-07-31,0.04848674210489756,0.04848674210489756,0.0023509641599468462
2023-08-31,US,3.7,3.600036867647749,2018-08-31,2023-07-31,0.09996313235225118,0.09996313235225118,0.009992627829673688
2023-09-30,AU,3.556344,3.577647471624844,2018-09-30,2023-08-31,-0.021303471624843695,0.021303471624843695,0.00045383790327052046
2023-09-30,CA,5.5,5.304121407328617,2018-09-30,2023-08-31,0.19587859267138263,0.19587859267138263,0.03836842306692143
2023-09-30,DE,3.1,3.020847469035341,2018-09-30,2023-08-31,0.07915253096465902,0.07915253096465902,0.0062651231581113045
2023-09-30,FR,7.4,7.455435326127734,2018-09-30,2023-08-31,-0.05543532612773383,0.05543532612773383,0.003073075382888209
2023-09-30,GB,4.0,4.092711036821946,2018-09-30,2023-08-31,-0.09271103682194592,0.09271103682194592,0.008595336348600213
2023-09-30,IT,7.7,7.585860294457988,2018-09-30,2023-08-31,0.11413970554201214,0.11413970554201214,0.013027872381217236
2023-09-30,JP,2.6,2.5257408908643457,2018-09-30,2023-08-31,0.07425910913565437,0.07425910913565437,0.005514415289621026
2023-09-30,KR,2.8,2.928481819087109,2018-09-30,2023-08-31,-0.1284818190871091,0.1284818190871091,0.01650757783593263
2023-09-30,US,3.7,3.744780116779264,2018-09-30,2023-08-31,-0.04478011677926386,0.04478011677926386,0.0020052588587645085
2023-10-31,AU,3.778222,3.586389532066295,2018-10-31,2023-09-30,0.1918324679337049,0.1918324679337049,0.036799695753535915
2023-10-31,CA,5.7,5.4847556356707905,2018-10-31,2023-09-30,0.21524436432920968,0.21524436432920968,0.04633013637548555
2023-10-31,DE,3.1,3.1546410415658963,2018-10-31,2023-09-30,-0.05464104156589622,0.05464104156589622,0.0029856434234059983
2023-10-31,FR,7.5,7.391140176661702,2018-10-31,2023-09-30,0.1088598233382978,0.1088598233382978,0.011850461137245407
2023-10-31,GB,4.0,3.9213975074113985,2018-10-31,2023-09-30,0.07860249258860152,0.07860249258860152,0.006178351841141158
2023-10-31,IT,7.7,8.134602008138739,2018-10-31,2023-09-30,-0.4346020081387385,0.4346020081387385,0.18887890547822414
2023-10-31,JP,2.5,2.444123282657783,2018-10-31,2023-09-30,0.05587671734221722,0.05587671734221722,0.0031222075409420387
2023-10-31,KR,2.6,2.969154639328941,2018-10-31,2023-09-30,-0.3691546393289409,0.3691546393289409,0.13627514773808042
2023-10-31,US,3.9,3.6144925729326336,2018-10-31,2023-09-30,0.2855074270673663,0.2855074270673663,0.0815144909106275
2023-11-30,AU,3.932314,3.8401102473348074,2018-11-30,2023-10-31,0.09220375266519243,0.09220375266519243,0.00850153200554398
2023-11-30,CA,5.8,5.232399824603303,2018-11-30,2023-10-31,0.5676001753966968,0.5676001753966968,0.322169959110361
2023-11-30,DE,3.2,3.294582018428871,2018-11-30,2023-10-31,-0.09458201842887082,0.09458201842887082,0.00894575821007926
2023-11-30,FR,7.6,7.436532654299323,2018-11-30,2023-10-31,0.16346734570067678,0.16346734570067678,0.02672157311042457
2023-11-30,GB,3.9,3.951237338924938,2018-11-30,2023-10-31,-0.05123733892493787,0.05123733892493787,0.0026252649001089535
2023-11-30,IT,7.5,7.591081921389748,2018-11-30,2023-10-31,-0.09108192138974758,0.09108192138974758,0.008295916404048156
2023-11-30,JP,2.6,2.5209674235956543,2018-11-30,2023-10-31,0.0790325764043458,0.0790325764043458,0.006246148133108757
2023-11-30,KR,2.8,2.9077993200642176,2018-11-30,2023-10-31,-0.10779932006421777,0.10779932006421777,0.011620693406307664
2023-11-30,US,3.7,3.9745667653716694,2018-11-30,2023-10-31,-0.27456676537166924,0.27456676537166924,0.07538690864666127
2023-12-31,AU,3.987057,3.8372234850800018,2018-12-31,2023-11-30,0.1498335149199983,0.1498335149199983,0.022450082193281352
2023-12-31,CA,5.8,5.781440927637351,2018-12-31,2023-11-30,0.018559072362648976,0.018559072362648976,0.0003444391669620411
2023-12-31,DE,3.2,2.8777395812943665,2018-12-31,2023-11-30,0.3222604187056337,0.3222604187056337,0.10385177746433036
2023-12-31,FR,7.6,7.2664347670157445,2018-12-31,2023-11-30,0.3335652329842551,0.3335652329842551,0.1112657646558404
2023-12-31,GB,4.1,3.7889226002243093,2018-12-31,2023-11-30,0.3110773997756904,0.3110773997756904,0.09676914865120469
2023-12-31,IT,7.1,7.5886026111642835,2018-12-31,2023-11-30,-0.48860261116428383,0.48860261116428383,0.23873251163655634
2023-12-31,JP,2.5,2.577229485106055,2018-12-31,2023-11-30,-0.07722948510605487,0.07722948510605487,0.005964393369746352
2023-12-31,KR,2.8,3.245743613001563,2018-12-31,2023-11-30,-0.44574361300156307,0.44574361300156307,0.19868736853168723
2023-12-31,US,3.8,3.783425387597881,2018-12-31,2023-11-30,0.01657461240211866,0.01657461240211866,0.0002747177762804657
2024-01-31,AU,4.092523,3.8943741276018264,2019-01-31,2023-12-31,0.19814887239817347,0.19814887239817347,0.03926297563266763
2024-01-31,CA,5.7,5.738348370300055,2019-01-31,2023-12-31,-0.03834837030005467,0.03834837030005467,0.0014705975046701149
2024-01-31,DE,3.2,3.3442223812174894,2019-01-31,2023-12-31,-0.1442223812174892,0.1442223812174892,0.020800095244042784
2024-01-31,FR,7.6,7.525667540158034,2019-01-31,2023-12-31,0.07433245984196546,0.07433245984196546,0.005525314586157407
2024-01-31,GB,4.2,4.0387062732877315,2019-01-31,2023-12-31,0.16129372671226871,0.16129372671226871,0.026015666276732026
2024-01-31,IT,7.1,7.554833608772667,2019-01-31,2023-12-31,-0.45483360877266765,0.45483360877266765,0.2068736116691681
2024-01-31,JP,2.5,2.478162144199935,2019-01-31,2023-12-31,0.021837855800065142,0.021837855800065142,0.0004768919459444388
2024-01-31,KR,2.8,3.596648110061391,2019-01-31,2023-12-31,-0.7966481100613914,0.7966481100613914,0.6346482112643868
2024-01-31,US,3.7,3.930928366295719,2019-01-31,2023-12-31,-0.23092836629571867,0.23092836629571867,0.05332791036000961
2024-02-29,AU,3.741341,4.031765565712218,2019-02-28,2024-01-31,-0.29042456571221775,0.29042456571221775,0.08434642836913028
2024-02-29,CA,5.9,5.619471094485213,2019-02-28,2024-01-31,0.28052890551478704,0.28052890551478704,0.07869646682932431
2024-02-29,DE,3.2,3.1135916362930294,2019-02-28,2024-01-31,0.0864083637069708,0.0864083637069708,0.007466405318516149
2024-02-29,FR,7.5,7.454108504693763,2019-02-28,2024-01-31,0.04589149530623704,0.04589149530623704,0.0021060293414423763
2024-02-29,GB,4.3,4.0571219861325885,2019-02-28,2024-01-31,0.24287801386741137,0.24287801386741137,0.05898972962017847
2024-02-29,IT,7.3,7.298415348661711,2019-02-28,2024-01-31,0.0015846513382884453,0.0015846513382884453,2.5111198639393605e-06
2024-02-29,JP,2.6,2.4962742098846875,2019-02-28,2024-01-31,0.10372579011531258,0.10372579011531258,0.010759039535045877
2024-02-29,KR,2.7,2.758355168088182,2019-02-28,2024-01-31,-0.05835516808818175,0.05835516808818175,0.0034053256425999458
2024-02-29,US,3.9,3.7623832572232647,2019-02-28,2024-01-31,0.1376167427767352,0.1376167427767352,0.018938367892478096
2024-03-31,AU,3.90005,3.737504800465793,2019-03-31,2024-02-29,0.16254519953420665,0.16254519953420665,0.026420941891615056
2024-03-31,CA,6.1,5.709244331264764,2019-03-31,2024-02-29,0.3907556687352356,0.3907556687352356,0.15268999264872118
2024-03-31,DE,3.3,2.9139482890960497,2019-03-31,2024-02-29,0.3860517109039501,0.3860517109039501,0.14903592349186703
2024-03-31,FR,7.4,7.864135246223472,2019-03-31,2024-02-29,-0.4641352462234716,0.4641352462234716,0.21542152678692258
2024-03-31,GB,4.4,3.9766766492327297,2019-03-31,2024-02-29,0.4233233507672707,0.4233233507672707,0.17920265930482968
2024-03-31,IT,6.9,7.350576827579256,2019-03-31,2024-02-29,-0.45057682757925566,0.45057682757925566,0.20301947755138627
2024-03-31,JP,2.6,2.7296193256976498,2019-03-31,2024-02-29,-0.12961932569764967,0.12961932569764967,0.016801169594313384
2024-03-31,KR,2.8,3.262369816020257,2019-03-31,2024-02-29,-0.4623698160202574,0.4623698160202574,0.21378584676660667
2024-03-31,US,3.9,3.8272168520168073,2019-03-31,2024-02-29,0.07278314798319263,0.07278314798319263,0.005297386630343318
2024-04-30,AU,4.081468,3.8367055233277823,2019-04-30,2024-03-31,0.24476247667221784,0.24476247667221784,0.05990866998671798
2024-04-30,CA,6.2,6.062718215766609,2019-04-30,2024-03-31,0.13728178423339088,0.13728178423339088,0.018846288282303288
2024-04-30,DE,3.4,3.0691013722717257,2019-04-30,2024-03-31,0.33089862772827416,0.33089862772827416,0.10949390183245497
2024-04-30,FR,7.4,7.667437641748452,2019-04-30,2024-03-31,-0.26743764174845186,0.26743764174845186,0.07152289222397328
2024-04-30,GB,4.4,4.720984460151913,2019-04-30,2024-03-31,-0.3209844601519123,0.3209844601519123,0.10303102365901456
2024-04-30,IT,6.8,7.23934781517803,2019-04-30,2024-03-31,-0.43934781517803057,0.43934781517803057,0.1930265027017089
2024-04-30,JP,2.6,2.509637649741816,2019-04-30,2024-03-31,0.09036235025818407,0.09036235025818407,0.008165354344182738
2024-04-30,KR,2.8,2.988366759139769,2019-04-30,2024-03-31,-0.18836675913976908,0.18836675913976908,0.035482035948819775
2024-04-30,US,3.9,4.060723253629609,2019-04-30,2024-03-31,-0.16072325362960926,0.16072325362960926,0.025831964257287707
2024-05-31,AU,4.005112,4.16811809510394,2019-05-31,2024-04-30,-0.16300609510394004,0.16300609510394004,0.026570987041034746
2024-05-31,CA,6.3,6.16221763620546,2019-05-31,2024-04-30,0.1377823637945399,0.1377823637945399,0.01898397977281094
2024-05-31,DE,3.4,3.4830126339767533,2019-05-31,2024-04-30,-0.0830126339767534,0.0830126339767534,0.0068910973997584335
2024-05-31,FR,7.4,7.239745340446159,2019-05-31,2024-04-30,0.160254659553841,0.160254659553841,0.02568155590871748
2024-05-31,GB,4.2,4.484054264889416,2019-05-31,2024-04-30,-0.28405426488941554,0.28405426488941554,0.08068682540186625
2024-05-31,IT,6.5,6.9995992484548015,2019-05-31,2024-04-30,-0.4995992484548015,0.4995992484548015,0.2495994090566025
2024-05-31,JP,2.6,2.603166199845103,2019-05-31,2024-04-30,-0.0031661998451029127,0.0031661998451029127,1.0024821459129708e-05
2024-05-31,KR,2.8,2.377101233336922,2019-05-31,2024-04-30,0.4228987666630779,0.4228987666630779,0.17884336684515242
2024-05-31,US,3.9,3.9361099424485646,2019-05-31,2024-04-30,-0.03610994244856469,0.03610994244856469,0.0013039279436386543
2024-06-30,AU,4.033387,4.042201369375939,2019-06-30,2024-05-31,-0.008814369375938824,0.008814369375938824,7.769310749548818e-05
2024-06-30,CA,6.4,6.285922331546089,2019-06-30,2024-05-31,0.11407766845391176,0.11407766845391176,0.013013714439880615
2024-06-30,DE,3.4,3.4856751517828384,2019-06-30,2024-05-31,-0.08567515178283847,0.08567515178283847,0.007340231633012409
2024-06-30,FR,7.5,7.333205585732357,2019-06-30,2024-05-31,0.16679441426764274,0.16679441426764274,0.027820376630886025
2024-06-30,GB,4.2,4.094544610986465,2019-06-30,2024-05-31,0.10545538901353524,0.10545538901353524,0.011120839071996048
2024-06-30,IT,6.7,6.724517250086714,2019-06-30,2024-05-31,-0.02451725008671346,0.02451725008671346,0.0006010955518144512
2024-06-30,JP,2.5,2.5267946435611623,2019-06-30,2024-05-31,-0.026794643561162346,0.026794643561162346,0.0007179529235697387
2024-06-30,KR,2.8,2.788921822072501,2019-06-30,2024-05-31,0.011078177927498878,0.011078177927498878,0.00012272602619332334
2024-06-30,US,4.1,3.8910584696756705,2019-06-30,2024-05-31,0.20894153032432916,0.20894153032432916,0.043656563094272564
2024-07-31,AU,4.191932,3.9357545908396028,2019-07-31,2024-06-30,0.25617740916039766,0.25617740916039766,0.0656268649641338
2024-07-31,CA,6.4,6.340848107131665,2019-07-31,2024-06-30,0.059151892868335665,0.059151892868335665,0.0034989464299070598
2024-07-31,DE,3.4,3.3715826175026473,2019-07-31,2024-06-30,0.028417382497352595,0.028417382497352595,0.0008075476280008416
2024-07-31,FR,7.5,6.983318429799986,2019-07-31,2024-06-30,0.5166815702000136,0.5166815702000136,0.2669598449843516
2024-07-31,GB,4.1,4.153134813824855,2019-07-31,2024-06-30,-0.05313481382485552,0.05313481382485552,0.002823308440202057
2024-07-31,IT,6.4,6.948132189896871,2019-07-31,2024-06-30,-0.5481321898968705,0.5481321898968705,0.3004488976011389
2024-07-31,JP,2.7,2.947597612629463,2019-07-31,2024-06-30,-0.247597612629463,0.247597612629463,0.06130457777980962
2024-07-31,KR,2.7,2.7914895499657577,2019-07-31,2024-06-30,-0.09148954996575753,0.09148954996575753,0.008370337752936843
2024-07-31,US,4.2,4.085475161058892,2019-07-31,2024-06-30,0.11452483894110799,0.11452483894110799,0.013115938734486724
2024-08-31,AU,4.125323,4.1425521340231155,2019-08-31,2024-07-31,-0.017229134023115655,0.017229134023115655,0.00029684305918648143
2024-08-31,CA,6.6,6.430035772653333,2019-08-31,2024-07-31,0.16996422734666705,0.16996422734666705,0.028887838577549525
2024-08-31,DE,3.4,3.357573895608364,2019-08-31,2024-07-31,0.04242610439163608,0.04242610439163608,0.001799974333850002
2024-08-31,FR,7.5,7.048768513743,2019-08-31,2024-07-31,0.45123148625699994,0.45123148625699994,0.20360985418970112
2024-08-31,GB,4.3,4.117335849359114,2019-08-31,2024-07-31,0.18266415064088548,0.18266415064088548,0.0333661919293561
2024-08-31,IT,6.4,6.565184419349702,2019-08-31,2024-07-31,-0.16518441934970163,0.16518441934970163,0.02728589239589808
2024-08-31,JP,2.5,2.8669740463859963,2019-08-31,2024-07-31,-0.3669740463859963,0.3669740463859963,0.13466995072091137
2024-08-31,KR,2.6,2.8534202365498547,2019-08-31,2024-07-31,-0.25342023654985457,0.25342023654985457,0.06422181629298425
2024-08-31,US,4.2,4.108995298293646,2019-08-31,2024-07-31,0.09100470170635422,0.09100470170635422,0.00828185573266251
2024-09-30,AU,4.012471,3.948364555130395,2019-09-30,2024-08-31,0.06410644486960448,0.06410644486960448,0.004109636273819639
2024-09-30,CA,6.5,6.5572129848949,2019-09-30,2024-08-31,-0.05721298489489968,0.05721298489489968,0.0032733256405840187
2024-09-30,DE,3.4,3.505305945057333,2019-09-30,2024-08-31,-0.10530594505733326,0.10530594505733326,0.011089342064418091
2024-09-30,FR,7.5,7.424024871731318,2019-09-30,2024-08-31,0.07597512826868158,0.07597512826868158,0.005772220115442619
2024-09-30,GB,4.2,4.54185696906352,2019-09-30,2024-08-31,-0.34185696906352003,0.34185696906352003,0.11686618729729649
2024-09-30,IT,6.1,6.635240947620327,2019-09-30,2024-08-31,-0.535240947620327,0.535240947620327,0.2864828720095057
2024-09-30,JP,2.4,2.679785798024964,2019-09-30,2024-08-31,-0.2797857980249643,0.2797857980249643,0.07828009277646611
2024-09-30,KR,2.6,2.9629969182365232,2019-09-30,2024-08-31,-0.36299691823652314,0.36299691823652314,0.13176676264921305
2024-09-30,US,4.1,3.9678877956004373,2019-09-30,2024-08-31,0.1321122043995624,0.1321122043995624,0.017453634551311752
2024-10-31,AU,4.090812,4.212675256444268,2019-10-31,2024-09-30,-0.12186325644426876,0.12186325644426876,0.014850653271201612
2024-10-31,CA,6.6,6.76037693471569,2019-10-31,2024-09-30,-0.16037693471569003,0.16037693471569003,0.025720761188800702
2024-10-31,DE,3.4,3.4524922986919973,2019-10-31,2024-09-30,-0.05249229869199734,0.05249229869199734,0.0027554414219698657
2024-10-31,FR,7.4,7.23637347029694,2019-10-31,2024-09-30,0.1636265297030608,0.1636265297030608,0.026773641222666636
2024-10-31,GB,4.4,4.286165049358217,2019-10-31,2024-09-30,0.11383495064178373,0.11383495064178373,0.012958395987617338
2024-10-31,IT,6.1,6.2321481235095,2019-10-31,2024-09-30,-0.13214812350950034,0.13214812350950034,0.017463126547082156
2024-10-31,JP,2.5,2.484158157893863,2019-10-31,2024-09-30,0.015841842106136816,0.015841842106136816,0.0002509639613157694
2024-10-31,KR,2.8,2.4614510070810702,2019-10-31,2024-09-30,0.3385489929189296,0.3385489929189296,0.11461542060642144
2024-10-31,US,4.1,3.970908378529748,2019-10-31,2024-09-30,0.12909162147025155,0.12909162147025155,0.016664646733818712
2024-11-30,AU,3.93646,3.873700884429523,2019-11-30,2024-10-31,0.06275911557047698,0.06275911557047698,0.0039387065871884855
2024-11-30,CA,7.0,6.400822216298805,2019-11-30,2024-10-31,0.5991777837011947,0.5991777837011947,0.3590140164810756
2024-11-30,DE,3.4,3.7381965291575963,2019-11-30,2024-10-31,-0.33819652915759635,0.33819652915759635,0.11437689233424492
2024-11-30,FR,7.4,7.548413627457483,2019-11-30,2024-10-31,-0.148413627457483,0.148413627457483,0.022026604815088547
2024-11-30,GB,4.4,4.955185300328988,2019-11-30,2024-10-31,-0.5551853003289873,0.5551853003289873,0.3082307177013878
2024-11-30,IT,6.2,6.109191372000747,2019-11-30,2024-10-31,0.09080862799925349,0.09080862799925349,0.008246206919106805
2024-11-30,JP,2.5,2.3561696687542373,2019-11-30,2024-10-31,0.14383033124576272,0.14383033124576272,0.020687164186265827
2024-11-30,KR,2.8,2.7263647244468707,2019-11-30,2024-10-31,0.0736352755531291,0.0736352755531291,0.005422153805785252
2024-11-30,US,4.2,4.212844248808729,2019-11-30,2024-10-31,-0.012844248808728587,0.012844248808728587,0.0001649747274605257
2024-12-31,AU,3.998586,4.087049411815422,2019-12-31,2024-11-30,-0.08846341181542217,0.08846341181542217,0.007825775230024975
2024-12-31,CA,6.7,7.453292828987421,2019-12-31,2024-11-30,-0.753292828987421,0.753292828987421,0.5674500862038719
2024-12-31,DE,3.5,3.3109072705357896,2019-12-31,2024-11-30,0.1890927294642104,0.1890927294642104,0.03575606033622507
2024-12-31,FR,7.3,7.239950377790604,2019-12-31,2024-11-30,0.06004962220939625,0.06004962220939625,0.003605957127491215
2024-12-31,GB,4.4,4.762351408138113,2019-12-31,2024-11-30,-0.36235140813811295,0.36235140813811295,0.1312985429796733
2024-12-31,IT,6.4,6.401809562448346,2019-12-31,2024-11-30,-0.0018095624483454031,0.0018095624483454031,3.2745162544618096e-06
2024-12-31,JP,2.5,2.4267827723448647,2019-12-31,2024-11-30,0.07321722765513528,0.07321722765513528,0.005360762425503905
2024-12-31,KR,3.1,2.967537108301069,2019-12-31,2024-11-30,0.132462891698931,0.132462891698931,0.017546417677242722
2024-12-31,US,4.1,4.295369999933792,2019-12-31,2024-11-30,-0.19536999993379212,0.19536999993379212,0.03816943687412993
2025-01-31,AU,4.126966,3.9387076158839283,2020-01-31,2024-12-31,0.1882583841160721,0.1882583841160721,0.035441219189994544
2025-01-31,CA,6.7,6.769587427039973,2020-01-31,2024-12-31,-0.06958742703997256,0.06958742703997256,0.004842410002043504
2025-01-31,DE,3.5,3.521410233071815,2020-01-31,2024-12-31,-0.02141023307181511,0.02141023307181511,0.00045839808018944547
2025-01-31,FR,7.3,7.391277532582507,2020-01-31,2024-12-31,-0.09127753258250682,0.09127753258250682,0.008331587954350593
2025-01-31,GB,4.5,4.550454244719792,2020-01-31,2024-12-31,-0.05045424471979221,0.05045424471979221,0.0025456308102446796
2025-01-31,IT,6.5,6.387355209165184,2020-01-31,2024-12-31,0.11264479083481582,0.11264479083481582,0.012688848902219406
2025-01-31,JP,2.5,2.4460655045060813,2020-01-31,2024-12-31,0.05393449549391871,0.05393449549391871,0.0029089298041835377
2025-01-31,KR,2.8,3.3558123704434744,2020-01-31,2024-12-31,-0.5558123704434745,0.5558123704434745,0.30892739113799417
2025-01-31,US,4.0,4.181801567095094,2020-01-31,2024-12-31,-0.18180156709509365,0.18180156709509365,0.033051809798231836
2025-02-28,AU,4.074125,4.22784964876606,2020-02-29,2025-01-31,-0.15372464876605996,0.15372464876605996,0.0236312676382485
2025-02-28,CA,6.6,6.338798912576143,2020-02-29,2025-01-31,0.2612010874238564,0.2612010874238564,0.06822600807140507
2025-02-28,DE,3.6,3.5304289468950985,2020-02-29,2025-01-31,0.06957105310490164,0.06957105310490164,0.004840131430125043
2025-02-28,FR,7.5,7.233847351769563,2020-02-29,2025-01-31,0.26615264823043727,0.26615264823043727,0.07083723216007488
2025-02-28,GB,4.6,4.62844476031992,2020-02-29,2025-01-31,-0.02844476031992027,0.02844476031992027,0.0008091043896577108
2025-02-28,IT,6.1,6.585627250936894,2020-02-29,2025-01-31,-0.4856272509368944,0.4856272509368944,0.2358338268525254
2025-02-28,JP,2.4,2.5156652637354195,2020-02-29,2025-01-31,-0.11566526373541963,0.11566526373541963,0.01337845323498418
2025-02-28,KR,2.8,3.1575359068403945,2020-02-29,2025-01-31,-0.3575359068403947,0.3575359068403947,0.1278319246801834
2025-02-28,US,4.2,3.956516592280437,2020-02-29,2025-01-31,0.24348340771956334,0.24348340771956334,0.059284169834731115
2025-03-31,AU,4.082637,4.009233937751334,2020-03-31,2025-02-28,0.07340306224866566,0.07340306224866566,0.005388009547481486
2025-03-31,CA,6.8,6.625600414446819,2020-03-31,2025-02-28,0.17439958555318125,0.17439958555318125,0.030415215441121385
2025-03-31,DE,3.6,3.526061994603964,2020-03-31,2025-02-28,0.07393800539603612,0.07393800539603612,0.005466828641944267
2025-03-31,FR,7.6,7.487582317083202,2020-03-31,2025-02-28,0.11241768291679755,0.11241768291679755,0.012637735432381635
2025-03-31,GB,4.6,4.589000587759514,2020-03-31,2025-02-28,0.010999412240485285,0.010999412240485285,0.00012098706963613751
2025-03-31,IT,6.3,6.208962615169615,2020-03-31,2025-02-28,0.09103738483038448,0.09103738483038448,0.00828780543675552
2025-03-31,JP,2.5,2.497348918376113,2020-03-31,2025-02-28,0.0026510816238869417,0.0026510816238869417,7.028233776511024e-06
2025-03-31,KR,2.8,2.9670424078053093,2020-03-31,2025-02-28,-0.16704240780530943,0.16704240780530943,0.027903166005395302
2025-03-31,US,4.2,4.205930138561329,2020-03-31,2025-02-28,-0.005930138561328846,0.005930138561328846,3.516654335655935e-05
2025-04-30,AU,4.054703,4.210408833121117,2020-04-30,2025-03-31,-0.1557058331211172,0.1557058331211172,0.024244306467941193
2025-04-30,CA,6.9,6.654522253013549,2020-04-30,2025-03-31,0.24547774698645153,0.24547774698645153,0.06025932426554431
2025-04-30,DE,3.7,3.512657891488141,2020-04-30,2025-03-31,0.18734210851185917,0.18734210851185917,0.03509706562166922
2025-04-30,FR,7.5,7.538466197309409,2020-04-30,2025-03-31,-0.03846619730940937,0.03846619730940937,0.0014796483354464125
2025-04-30,GB,4.7,4.694815471509284,2020-04-30,2025-03-31,0.005184528490715934,0.005184528490715934,2.6879335671045238e-05
2025-04-30,IT,6.2,6.619582605555562,2020-04-30,2025-03-31,-0.41958260555556226,0.41958260555556226,0.17604956288479454
2025-04-30,JP,2.5,2.6972212762275047,2020-04-30,2025-03-31,-0.19722127622750474,0.19722127622750474,0.03889623179680573
2025-04-30,KR,2.7,2.9307944040173264,2020-04-30,2025-03-31,-0.2307944040173262,0.2307944040173262,0.0532660569257128
2025-04-30,US,4.2,4.502445046768121,2020-04-30,2025-03-31,-0.30244504676812056,0.30244504676812056,0.09147300631457063
2025-05-31,AU,4.101358,4.0676645440331445,2020-05-31,2025-04-30,0.0336934559668558,0.0336934559668558,0.0011352489749904507
2025-05-31,CA,7.0,6.930182354145625,2020-05-31,2025-04-30,0.06981764585437489,0.06981764585437489,0.004874503672646911
2025-05-31,DE,3.7,3.735254907746459,2020-05-31,2025-04-30,-0.03525490774645901,0.03525490774645901,0.0012429085202113354
2025-05-31,FR,7.6,7.573853717752739,2020-05-31,2025-04-30,0.0261462822472609,0.0261462822472609,0.0006836280753534305
2025-05-31,GB,4.7,4.640325793516432,2020-05-31,2025-04-30,0.05967420648356825,0.05967420648356825,0.003561010919443539
2025-05-31,IT,6.4,6.497983309739407,2020-05-31,2025-04-30,-0.09798330973940672,0.09798330973940672,0.009600728987488516
2025-05-31,JP,2.5,2.473988531046732,2020-05-31,2025-04-30,0.02601146895326778,0.02601146895326778,0.0006765965171068137
2025-05-31,KR,2.7,3.128348711809942,2020-05-31,2025-04-30,-0.42834871180994183,0.42834871180994183,0.1834826189092366
2025-05-31,US,4.3,4.212609868054852,2020-05-31,2025-04-30,0.08739013194514822,0.08739013194514822,0.007637035161390415
2025-06-30,AU,4.317864,4.094038830550524,2020-06-30,2025-05-31,0.2238251694494764,0.2238251694494764,0.05009770647908682
2025-06-30,CA,6.9,7.084385537982597,2020-06-30,2025-05-31,-0.18438553798259694,0.18438553798259694,0.0339980266171317
2025-06-30,DE,3.7,3.9012932730709253,2020-06-30,2025-05-31,-0.20129327307092515,0.20129327307092515,0.04051898178360604
2025-06-30,FR,7.7,7.781725931278621,2020-06-30,2025-05-31,-0.08172593127862093,0.08172593127862093,0.006679127843357871
2025-06-30,GB,4.7,4.723375740419212,2020-06-30,2025-05-31,-0.023375740419211866,0.023375740419211866,0.0005464252401463753
2025-06-30,IT,5.9,6.376229502691115,2020-06-30,2025-05-31,-0.4762295026911145,0.4762295026911145,0.22679453923342627
2025-06-30,JP,2.5,2.5196571897144637,2020-06-30,2025-05-31,-0.01965718971446373,0.01965718971446373,0.00038640510747041867
2025-06-30,KR,2.7,3.198901208420678,2020-06-30,2025-05-31,-0.49890120842067764,0.49890120842067764,0.24890241576361244
2025-06-30,US,4.1,4.397779019279821,2020-06-30,2025-05-31,-0.29777901927982153,0.29777901927982153,0.08867234432325233
2025-07-31,AU,4.235744,4.262332267289858,2020-07-31,2025-06-30,-0.026588267289857193,0.026588267289857193,0.00070693595747689
2025-07-31,CA,6.9,6.814432805890135,2020-07-31,2025-06-30,0.08556719410986524,0.08556719410986524,0.007321744707835357
2025-07-31,DE,3.8,3.7530646617036902,2020-07-31,2025-06-30,0.04693533829630958,0.04693533829630958,0.002202925980989025
2025-07-31,FR,7.7,7.617439784118217,2020-07-31,2025-06-30,0.08256021588178353,0.08256021588178353,0.006816189246446701
2025-07-31,GB,4.8,4.66359073199215,2020-07-31,2025-06-30,0.13640926800785014,0.13640926800785014,0.018607488398437486
2025-07-31,IT,6.0,5.992247102567724,2020-07-31,2025-06-30,0.007752897432276029,0.007752897432276029,6.010741859539225e-05
2025-07-31,JP,2.4,2.592550414867601,2020-07-31,2025-06-30,-0.19255041486760094,0.19255041486760094,0.03707566226568524
2025-07-31,KR,2.7,2.637377879837177,2020-07-31,2025-06-30,0.06262212016282298,0.06262212016282298,0.003921529933687041
2025-07-31,US,4.3,4.302109664230113,2020-07-31,2025-06-30,-0.002109664230113495,0.002109664230113495,4.450683163820365e-06
2025-08-31,AU,4.244703,4.296960825275185,2020-08-31,2025-07-31,-0.05225782527518508,0.05225782527518508,0.0027308803024917723
2025-08-31,CA,7.1,6.775879675840788,2020-08-31,2025-07-31,0.3241203241592112,0.3241203241592112,0.10505398453307216
2025-08-31,DE,3.8,3.741749512717238,2020-08-31,2025-07-31,0.05825048728276183,0.05825048728276183,0.003393119268679198
2025-08-31,FR,7.8,7.68239429056856,2020-08-31,2025-07-31,0.11760570943144,0.11760570943144,0.013831102890872294
2025-08-31,GB,5.0,4.914177317198643,2020-08-31,2025-07-31,0.08582268280135708,0.08582268280135708,0.007365532883222351
2025-08-31,IT,6.0,6.025315140261542,2020-08-31,2025-07-31,-0.025315140261541913,0.025315140261541913,0.0006408563264615404
2025-08-31,JP,2.6,2.5725058099990123,2020-08-31,2025-07-31,0.02749419000098774,0.02749419000098774,0.0007559304838104142
2025-08-31,KR,2.8,2.6911026065881036,2020-08-31,2025-07-31,0.10889739341189619,0.10889739341189619,0.011858642291905292
2025-08-31,US,4.3,4.233037314280652,2020-08-31,2025-07-31,0.06696268571934816,0.06696268571934816,0.004484001278748193
2025-09-30,AU,4.437698,4.198167905805624,2020-09-30,2025-08-31,0.2395300941943761,0.2395300941943761,0.057374666024766686
2025-09-30,CA,7.1,7.1291895675421415,2020-09-30,2025-08-31,-0.02918956754214186,0.02918956754214186,0.0008520308532972616
2025-09-30,DE,3.8,3.717515765656309,2020-09-30,2025-08-31,0.08248423434369068,0.08248423434369068,0.00680364891526488
2025-09-30,FR,7.9,7.687694746918155,2020-09-30,2025-08-31,0.212305253081845,0.212305253081845,0.045073520486146254
2025-09-30,GB,5.1,4.854006520324106,2020-09-30,2025-08-31,0.24599347967589402,0.24599347967589402,0.060512792043054486
2025-09-30,IT,6.0,6.026271132898323,2020-09-30,2025-08-31,-0.026271132898322946,0.026271132898322946,0.0006901724237613462
2025-09-30,JP,2.6,2.6780725168004693,2020-09-30,2025-08-31,-0.07807251680046923,0.07807251680046923,0.00609531787955955
2025-09-30,KR,2.7,2.8690776842694317,2020-09-30,2025-08-31,-0.16907768426943148,0.16907768426943148,0.028587263317913558
2025-09-30,US,4.4,4.285662749711801,2020-09-30,2025-08-31,0.11433725028819897,0.11433725028819897,0.013073006803466255
2025-10-31,AU,4.331548,4.316575000804983,2020-10-31,2025-09-30,0.014972999195016712,0.014972999195016712,0.0002241907048939711
2025-10-31,CA,6.9,7.056402420028466,2020-10-31,2025-09-30,-0.15640242002846527,0.15640242002846527,0.024461716990760475
2025-10-31,DE,3.9,3.846742710241732,2020-10-31,2025-09-30,0.053257289758267934,0.053257289758267934,0.0028363389123961104
2025-10-31,FR,8.0,7.877343003261672,2020-10-31,2025-09-30,0.12265699673832842,0.12265699673832842,0.015044738848866307
2025-10-31,GB,5.1,4.968270483603002,2020-10-31,2025-09-30,0.13172951639699804,0.13172951639699804,0.017352665490186974
2025-10-31,IT,5.8,6.112321490062328,2020-10-31,2025-09-30,-0.31232149006232834,0.31232149006232834,0.09754471315475306
2025-10-31,JP,2.6,2.554186062928726,2020-10-31,2025-09-30,0.045813937071274236,0.045813937071274236,0.0020989168299706757
2025-10-31,KR,2.7,2.9517391177321466,2020-10-31,2025-09-30,-0.2517391177321464,0.2517391177321464,0.06337258339655948
2025-10-31,US,4.45,4.431842165044135,2020-10-31,2025-09-30,0.01815783495586487,0.01815783495586487,0.00032970697028442825
2025-11-30,AU,4.322312,4.362982004392423,2020-11-30,2025-10-31,-0.040670004392422854,0.040670004392422854,0.0016540492572796942
2025-11-30,CA,6.6,6.905249622516968,2020-11-30,2025-10-31,-0.3052496225169685,0.3052496225169685,0.09317733204675177
2025-11-30,DE,3.9,3.8286999774726924,2020-11-30,2025-10-31,0.0713000225273075,0.0713000225273075,0.005083693212394556
2025-11-30,FR,8.0,7.661260993708912,2020-11-30,2025-10-31,0.338739006291088,0.338739006291088,0.11474411438307375
2025-11-30,GB,5.2,5.027616733409709,2020-11-30,2025-10-31,0.17238326659029113,0.17238326659029113,0.02971599060033938
2025-11-30,IT,5.7,5.489203907194328,2020-11-30,2025-10-31,0.2107960928056718,0.2107960928056718,0.0444349927421374
2025-11-30,JP,2.6,2.6105436952240653,2020-11-30,2025-10-31,-0.010543695224065175,0.010543695224065175,0.00011116950897797478
2025-11-30,KR,2.8,2.7231251513633836,2020-11-30,2025-10-31,0.0768748486366162,0.0768748486366162,0.0059097423529026515
2025-11-30,US,4.5,4.3880645039346104,2020-11-30,2025-10-31,0.11193549606538955,0.11193549606538955,0.012529555279404839
2025-12-31,AU,4.11812,4.262892558521305,2020-12-31,2025-11-30,-0.14477255852130444,0.14477255852130444,0.02095909370080452
2025-12-31,CA,6.8,6.648437531034462,2020-12-31,2025-11-30,0.1515624689655377,0.1515624689655377,0.02297118199892958
2025-12-31,DE,3.9,3.896213161567176,2020-12-31,2025-11-30,0.0037868384328239024,0.0037868384328239024,1.4340145316312189e-05
2025-12-31,FR,8.0,7.943428818333171,2020-12-31,2025-11-30,0.05657118166682906,0.05657118166682906,0.0032002985951813767
2025-12-31,GB,5.2,5.064134667960953,2020-12-31,2025-11-30,0.13586533203904683,0.13586533203904683,0.018459388450080445
2025-12-31,IT,5.6,5.721418020900882,2020-12-31,2025-11-30,-0.12141802090088216,0.12141802090088216,0.014742335799487057
2025-12-31,JP,2.6,2.5777289554992766,2020-12-31,2025-11-30,0.02227104450072348,0.02227104450072348,0.0004959994231532056
2025-12-31,KR,3.3,3.0595381802288775,2020-12-31,2025-11-30,0.24046181977112235,0.24046181977112235,0.05782188676763973
2025-12-31,US,4.4,4.59664926305098,2020-12-31,2025-11-30,-0.19664926305097996,0.19664926305097996,0.038670932658493515
